HETEROGENEITY FILTER-ON: 40 runs

>>> [1/40] naive seed 42 -> runs/chapter5_v2/s5_6_het_fon/naive  (elapsed 0.0 min)
[het] node variants: {'narrow': 12, 'baseline': 12, 'wide': 12}
[heterogeneous_het_naive] nodes=36 coverage max=9 mode=naive steps=390
[heterogeneous_het_naive] step 000/390 trained 36/36 | hop0: 0.1445 | hop1: 0.1353
[heterogeneous_het_naive] step 010/390 trained 36/36 | hop0: 0.1274 | hop1: 0.1410
[heterogeneous_het_naive] step 020/390 trained 36/36 | hop0: 0.1367 | hop1: 0.1426 | hop2: 0.2430
[heterogeneous_het_naive] step 030/390 trained 36/36 | hop0: 0.1100 | hop1: 0.1506 | hop2: 0.1167
[heterogeneous_het_naive] step 040/390 trained 36/36 | hop0: 0.0977 | hop1: 0.1619 | hop2: 0.1238
[heterogeneous_het_naive] step 050/390 trained 36/36 | hop0: 0.1163 | hop1: 0.1592 | hop2: 0.1119
[heterogeneous_het_naive] step 060/390 trained 36/36 | hop0: 0.0771 | hop1: 0.1834 | hop2: 0.1264
[heterogeneous_het_naive] step 070/390 trained 36/36 | hop0: 0.0669 | hop1: 0.1679 | hop2: 0.1289
[heterogeneous_het_naive] step 080/390 trained 36/36 | hop0: 0.0748 | hop1: 0.1601 | hop2: 0.1507
[heterogeneous_het_naive] step 090/390 trained 36/36 | hop0: 0.0567 | hop1: 0.1570
[heterogeneous_het_naive] step 100/390 trained 36/36 | hop0: 0.0918 | hop1: 0.1574 | hop2: 0.1764
[heterogeneous_het_naive] step 110/390 trained 36/36 | hop0: 0.0835 | hop1: 0.1276 | hop2: 0.1345
[heterogeneous_het_naive] step 120/390 trained 36/36 | hop0: 0.0781 | hop1: 0.1931 | hop2: 0.1316
[heterogeneous_het_naive] step 130/390 trained 36/36 | hop0: 0.1267 | hop1: 0.1424 | hop2: 0.1938
[heterogeneous_het_naive] step 140/390 trained 36/36 | hop0: 0.1082 | hop1: 0.1386 | hop2: 0.1284
[heterogeneous_het_naive] step 150/390 trained 36/36 | hop0: 0.0878 | hop1: 0.1424 | hop2: 0.1730
[heterogeneous_het_naive] step 160/390 trained 36/36 | hop0: 0.0730 | hop1: 0.1524 | hop2: 0.1541
[heterogeneous_het_naive] step 170/390 trained 36/36 | hop0: 0.0742 | hop1: 0.1527 | hop2: 0.1208
[heterogeneous_het_naive] step 180/390 trained 36/36 | hop0: 0.0235 | hop1: 0.1352 | hop2: 0.1739
[heterogeneous_het_naive] step 190/390 trained 36/36 | hop0: 0.0504 | hop1: 0.1385 | hop2: 0.1307
[heterogeneous_het_naive] step 200/390 trained 36/36 | hop0: 0.0493 | hop1: 0.1655 | hop2: 0.1589
[heterogeneous_het_naive] step 210/390 trained 36/36 | hop0: 0.0235 | hop1: 0.1524 | hop2: 0.1787
[heterogeneous_het_naive] step 220/390 trained 36/36 | hop0: 0.0686 | hop1: 0.1259
[heterogeneous_het_naive] step 230/390 trained 36/36 | hop0: 0.0739 | hop1: 0.1321 | hop2: 0.2342
[heterogeneous_het_naive] step 240/390 trained 36/36 | hop0: 0.0752 | hop1: 0.1175 | hop2: 0.2445
[heterogeneous_het_naive] step 250/390 trained 36/36 | hop0: 0.0988 | hop1: 0.1429 | hop2: 0.1250
[heterogeneous_het_naive] step 260/390 trained 36/36 | hop0: 0.1139 | hop1: 0.1200
[heterogeneous_het_naive] step 270/390 trained 36/36 | hop0: 0.1300 | hop1: 0.1045 | hop2: 0.0075
[heterogeneous_het_naive] step 280/390 trained 36/36 | hop0: 0.1282 | hop1: 0.1084
[heterogeneous_het_naive] step 290/390 trained 36/36 | hop0: 0.1384 | hop1: 0.1148 | hop2: 0.0152
[heterogeneous_het_naive] step 300/390 trained 36/36 | hop0: 0.1269 | hop1: 0.1195 | hop2: 0.0294
[heterogeneous_het_naive] step 310/390 trained 36/36 | hop0: 0.0856 | hop1: 0.0886 | hop2: 0.0789
[heterogeneous_het_naive] step 320/390 trained 36/36 | hop0: 0.1110 | hop1: 0.1185 | hop2: 0.0174
[heterogeneous_het_naive] step 330/390 trained 36/36 | hop0: 0.1361 | hop1: 0.1002 | hop2: 0.0252
[heterogeneous_het_naive] step 340/390 trained 36/36 | hop0: 0.1492 | hop1: 0.0909
[heterogeneous_het_naive] step 350/390 trained 36/36 | hop0: 0.1800 | hop1: 0.0873 | hop2: 0.0298
[heterogeneous_het_naive] step 360/390 trained 36/36 | hop0: 0.1213 | hop1: 0.0721 | hop2: 0.1292
[heterogeneous_het_naive] step 370/390 trained 36/36 | hop0: 0.0842 | hop1: 0.0930 | hop2: 0.1109
[heterogeneous_het_naive] step 380/390 trained 36/36 | hop0: 0.1266 | hop1: 0.0876 | hop2: 0.1327
[heterogeneous_het_naive] mean MSE (last 50 steps): 0.0865 | cert-MSE r=-0.018
[heterogeneous_het_naive] per-variant whole-run MSE: wide=0.1359, baseline=0.1286, narrow=0.1059
[heterogeneous_het_naive] saved runs\chapter5_v2\s5_6_het_fon\naive\het_naive\figures\results.png

### heterogeneous/het_naive: last50=0.0865 whole_run=0.0902 r(new)=-0.3400+/-0.0426
    variant_mse: {'wide': {'whole_run': 0.13591104589199646, 'last50': 0.11317268046547653}, 'baseline': {'whole_run': 0.12860253249478878, 'last50': 0.09609466707802017}, 'narrow': {'whole_run': 0.10594361959775347, 'last50': 0.11152034792781014}}

>>> [2/40] naive seed 1042 -> runs/chapter5_v2/s5_6_het_fon/naive  (elapsed 6.6 min)
[het] node variants: {'narrow': 12, 'baseline': 12, 'wide': 12}
[heterogeneous_het_naive_seed1042] nodes=36 coverage max=9 mode=naive steps=390
[heterogeneous_het_naive_seed1042] step 000/390 trained 36/36 | hop0: 0.1268 | hop1: 0.1583
[heterogeneous_het_naive_seed1042] step 010/390 trained 36/36 | hop0: 0.1182 | hop1: 0.1485 | hop2: 0.3240
[heterogeneous_het_naive_seed1042] step 020/390 trained 36/36 | hop0: 0.1369 | hop1: 0.1348
[heterogeneous_het_naive_seed1042] step 030/390 trained 36/36 | hop0: 0.1159 | hop1: 0.1663 | hop2: 0.2496
[heterogeneous_het_naive_seed1042] step 040/390 trained 36/36 | hop0: 0.1012 | hop1: 0.1455 | hop2: 0.2791
[heterogeneous_het_naive_seed1042] step 050/390 trained 36/36 | hop0: 0.1107 | hop1: 0.1288 | hop2: 0.2144
[heterogeneous_het_naive_seed1042] step 060/390 trained 36/36 | hop0: 0.1089 | hop1: 0.1157 | hop2: 0.1959
[heterogeneous_het_naive_seed1042] step 070/390 trained 36/36 | hop0: 0.0859 | hop1: 0.1239 | hop2: 0.1495
[heterogeneous_het_naive_seed1042] step 080/390 trained 36/36 | hop0: 0.1005 | hop1: 0.1284 | hop2: 0.2266
[heterogeneous_het_naive_seed1042] step 090/390 trained 36/36 | hop0: 0.0886 | hop1: 0.1403 | hop2: 0.2436
[heterogeneous_het_naive_seed1042] step 100/390 trained 36/36 | hop0: 0.1217 | hop1: 0.1262
[heterogeneous_het_naive_seed1042] step 110/390 trained 36/36 | hop0: 0.0680 | hop1: 0.1368 | hop2: 0.1748
[heterogeneous_het_naive_seed1042] step 120/390 trained 36/36 | hop0: 0.0957 | hop1: 0.1527 | hop2: 0.1344
[heterogeneous_het_naive_seed1042] step 130/390 trained 36/36 | hop0: 0.1260 | hop1: 0.1040 | hop2: 0.1286
[heterogeneous_het_naive_seed1042] step 140/390 trained 36/36 | hop0: 0.1362 | hop1: 0.0998 | hop2: 0.1490
[heterogeneous_het_naive_seed1042] step 150/390 trained 36/36 | hop0: 0.1056 | hop1: 0.1194 | hop2: 0.1357
[heterogeneous_het_naive_seed1042] step 160/390 trained 36/36 | hop0: 0.0611 | hop1: 0.1271 | hop2: 0.1378
[heterogeneous_het_naive_seed1042] step 170/390 trained 36/36 | hop0: 0.0827 | hop1: 0.1361 | hop2: 0.2413
[heterogeneous_het_naive_seed1042] step 180/390 trained 36/36 | hop0: 0.0650 | hop1: 0.1163 | hop2: 0.2422
[heterogeneous_het_naive_seed1042] step 190/390 trained 36/36 | hop0: 0.0970 | hop1: 0.1141
[heterogeneous_het_naive_seed1042] step 200/390 trained 36/36 | hop0: 0.0906 | hop1: 0.1151 | hop2: 0.0170
[heterogeneous_het_naive_seed1042] step 210/390 trained 36/36 | hop0: 0.0762 | hop1: 0.0951
[heterogeneous_het_naive_seed1042] step 220/390 trained 36/36 | hop0: 0.0600 | hop1: 0.1141 | hop2: 0.2361
[heterogeneous_het_naive_seed1042] step 230/390 trained 36/36 | hop0: 0.0887 | hop1: 0.0982 | hop2: 0.1315
[heterogeneous_het_naive_seed1042] step 240/390 trained 36/36 | hop0: 0.0769 | hop1: 0.0980 | hop2: 0.1248
[heterogeneous_het_naive_seed1042] step 250/390 trained 36/36 | hop0: 0.0825 | hop1: 0.0773 | hop2: 0.2103
[heterogeneous_het_naive_seed1042] step 260/390 trained 36/36 | hop0: 0.0850 | hop1: 0.0822 | hop2: 0.2161
[heterogeneous_het_naive_seed1042] step 270/390 trained 36/36 | hop0: 0.0922 | hop1: 0.1004
[heterogeneous_het_naive_seed1042] step 280/390 trained 36/36 | hop0: 0.1020 | hop1: 0.0823
[heterogeneous_het_naive_seed1042] step 290/390 trained 36/36 | hop0: 0.0521 | hop1: 0.1026
[heterogeneous_het_naive_seed1042] step 300/390 trained 36/36 | hop0: 0.0905 | hop1: 0.0911 | hop2: 0.0195
[heterogeneous_het_naive_seed1042] step 310/390 trained 36/36 | hop0: 0.0646 | hop1: 0.0951 | hop2: 0.1610
[heterogeneous_het_naive_seed1042] step 320/390 trained 36/36 | hop0: 0.0444 | hop1: 0.1138 | hop2: 0.2231
[heterogeneous_het_naive_seed1042] step 330/390 trained 36/36 | hop0: 0.0215 | hop1: 0.1501 | hop2: 0.1866
[heterogeneous_het_naive_seed1042] step 340/390 trained 36/36 | hop0: 0.0272 | hop1: 0.0792 | hop2: 0.1597
[heterogeneous_het_naive_seed1042] step 350/390 trained 36/36 | hop0: 0.0148 | hop1: 0.0882 | hop2: 0.1742
[heterogeneous_het_naive_seed1042] step 360/390 trained 36/36 | hop0: 0.0083 | hop1: 0.0850 | hop2: 0.1689
[heterogeneous_het_naive_seed1042] step 370/390 trained 36/36 | hop0: 0.0100 | hop1: 0.1255 | hop2: 0.2598
[heterogeneous_het_naive_seed1042] step 380/390 trained 36/36 | hop0: 0.0222 | hop1: 0.1180 | hop2: 0.2536
[heterogeneous_het_naive_seed1042] mean MSE (last 50 steps): 0.0797 | cert-MSE r=-0.528
[heterogeneous_het_naive_seed1042] per-variant whole-run MSE: narrow=0.1168, baseline=0.0722, wide=0.1399
[heterogeneous_het_naive_seed1042] saved runs\chapter5_v2\s5_6_het_fon\naive\het_naive_seed1042\figures\results.png

### heterogeneous/het_naive_seed1042: last50=0.0797 whole_run=0.0820 r(new)=-0.4627+/-0.0501
    variant_mse: {'narrow': {'whole_run': 0.11678768106798273, 'last50': 0.1309267584946817}, 'baseline': {'whole_run': 0.07223224761202293, 'last50': 0.06272468172279182}, 'wide': {'whole_run': 0.13991592775102796, 'last50': 0.1220578451157278}}

>>> [3/40] naive seed 2042 -> runs/chapter5_v2/s5_6_het_fon/naive  (elapsed 13.1 min)
[het] node variants: {'narrow': 12, 'baseline': 12, 'wide': 12}
[heterogeneous_het_naive_seed2042] nodes=36 coverage max=9 mode=naive steps=390
[heterogeneous_het_naive_seed2042] step 000/390 trained 36/36 | hop0: 0.1383 | hop1: 0.1270 | hop2: 0.1293
[heterogeneous_het_naive_seed2042] step 010/390 trained 36/36 | hop0: 0.1287 | hop1: 0.1657 | hop2: 0.1401
[heterogeneous_het_naive_seed2042] step 020/390 trained 36/36 | hop0: 0.1026 | hop1: 0.1377 | hop2: 0.1871
[heterogeneous_het_naive_seed2042] step 030/390 trained 36/36 | hop0: 0.0960 | hop1: 0.1595 | hop2: 0.1761
[heterogeneous_het_naive_seed2042] step 040/390 trained 36/36 | hop0: 0.0683 | hop1: 0.1553 | hop2: 0.2090
[heterogeneous_het_naive_seed2042] step 050/390 trained 36/36 | hop0: 0.0783 | hop1: 0.1403 | hop2: 0.2132 | hop3: 0.2001
[heterogeneous_het_naive_seed2042] step 060/390 trained 36/36 | hop0: 0.1266 | hop1: 0.1386 | hop2: 0.1975
[heterogeneous_het_naive_seed2042] step 070/390 trained 36/36 | hop0: 0.0865 | hop1: 0.1650 | hop2: 0.2097
[heterogeneous_het_naive_seed2042] step 080/390 trained 36/36 | hop0: 0.0650 | hop1: 0.1542 | hop2: 0.1512
[heterogeneous_het_naive_seed2042] step 090/390 trained 36/36 | hop0: 0.0571 | hop1: 0.1450 | hop2: 0.1961
[heterogeneous_het_naive_seed2042] step 100/390 trained 36/36 | hop0: 0.0624 | hop1: 0.1344 | hop2: 0.2161
[heterogeneous_het_naive_seed2042] step 110/390 trained 36/36 | hop0: 0.1305 | hop1: 0.1406 | hop2: 0.2581
[heterogeneous_het_naive_seed2042] step 120/390 trained 36/36 | hop0: 0.1450 | hop1: 0.1481
[heterogeneous_het_naive_seed2042] step 130/390 trained 36/36 | hop0: 0.1225 | hop1: 0.1261 | hop2: 0.2402
[heterogeneous_het_naive_seed2042] step 140/390 trained 36/36 | hop0: 0.0994 | hop1: 0.1664 | hop2: 0.2798
[heterogeneous_het_naive_seed2042] step 150/390 trained 36/36 | hop0: 0.0433 | hop1: 0.1169 | hop2: 0.2192
[heterogeneous_het_naive_seed2042] step 160/390 trained 36/36 | hop0: 0.0573 | hop1: 0.1488 | hop2: 0.2334
[heterogeneous_het_naive_seed2042] step 170/390 trained 36/36 | hop0: 0.0564 | hop1: 0.1362 | hop2: 0.2582
[heterogeneous_het_naive_seed2042] step 180/390 trained 36/36 | hop0: 0.0492 | hop1: 0.1653 | hop2: 0.2356
[heterogeneous_het_naive_seed2042] step 190/390 trained 36/36 | hop0: 0.0719 | hop1: 0.1414 | hop2: 0.2584
[heterogeneous_het_naive_seed2042] step 200/390 trained 36/36 | hop0: 0.0947 | hop1: 0.1453
[heterogeneous_het_naive_seed2042] step 210/390 trained 36/36 | hop0: 0.0911 | hop1: 0.0973
[heterogeneous_het_naive_seed2042] step 220/390 trained 36/36 | hop0: 0.0545 | hop1: 0.1219 | hop2: 0.1566
[heterogeneous_het_naive_seed2042] step 230/390 trained 36/36 | hop0: 0.0505 | hop1: 0.1008 | hop2: 0.1578
[heterogeneous_het_naive_seed2042] step 240/390 trained 36/36 | hop0: 0.0447 | hop1: 0.1123 | hop2: 0.2241
[heterogeneous_het_naive_seed2042] step 250/390 trained 36/36 | hop0: 0.0189 | hop1: 0.0979 | hop2: 0.2018
[heterogeneous_het_naive_seed2042] step 260/390 trained 36/36 | hop0: 0.0392 | hop1: 0.0873 | hop2: 0.1869
[heterogeneous_het_naive_seed2042] step 270/390 trained 36/36 | hop0: 0.0138 | hop1: 0.0708 | hop2: 0.1901 | hop3: 0.1421
[heterogeneous_het_naive_seed2042] step 280/390 trained 36/36 | hop0: 0.0157 | hop1: 0.0896 | hop2: 0.2202
[heterogeneous_het_naive_seed2042] step 290/390 trained 36/36 | hop0: 0.0082 | hop1: 0.0930 | hop2: 0.2220
[heterogeneous_het_naive_seed2042] step 300/390 trained 36/36 | hop0: 0.0094 | hop1: 0.0594 | hop2: 0.1504 | hop3: 0.1671
[heterogeneous_het_naive_seed2042] step 310/390 trained 36/36 | hop0: 0.0141 | hop1: 0.0629 | hop2: 0.1805 | hop3: 0.2391
[heterogeneous_het_naive_seed2042] step 320/390 trained 36/36 | hop0: 0.0092 | hop1: 0.0636 | hop2: 0.1367
[heterogeneous_het_naive_seed2042] step 330/390 trained 36/36 | hop0: 0.0098 | hop1: 0.0559 | hop2: 0.1908 | hop3: 0.2622
[heterogeneous_het_naive_seed2042] step 340/390 trained 36/36 | hop0: 0.0062 | hop1: 0.0692 | hop2: 0.2154 | hop3: 0.2019
[heterogeneous_het_naive_seed2042] step 350/390 trained 36/36 | hop0: 0.0134 | hop1: 0.0512 | hop2: 0.1657 | hop3: 0.2380
[heterogeneous_het_naive_seed2042] step 360/390 trained 36/36 | hop0: 0.0235 | hop1: 0.0794 | hop2: 0.2362
[heterogeneous_het_naive_seed2042] step 370/390 trained 36/36 | hop0: 0.0398 | hop1: 0.0987 | hop2: 0.2358
[heterogeneous_het_naive_seed2042] step 380/390 trained 36/36 | hop0: 0.0435 | hop1: 0.1044 | hop2: 0.1510
[heterogeneous_het_naive_seed2042] mean MSE (last 50 steps): 0.0772 | cert-MSE r=-0.107
[heterogeneous_het_naive_seed2042] per-variant whole-run MSE: narrow=0.0933, baseline=0.1137, wide=0.1485
[heterogeneous_het_naive_seed2042] saved runs\chapter5_v2\s5_6_het_fon\naive\het_naive_seed2042\figures\results.png

### heterogeneous/het_naive_seed2042: last50=0.0772 whole_run=0.0878 r(new)=-0.3247+/-0.0586
    variant_mse: {'narrow': {'whole_run': 0.09333783050853546, 'last50': 0.07647447285946848}, 'baseline': {'whole_run': 0.11370015283382771, 'last50': 0.09260272064788039}, 'wide': {'whole_run': 0.1485000365797831, 'last50': 0.11380629835579194}}

>>> [4/40] naive seed 3042 -> runs/chapter5_v2/s5_6_het_fon/naive  (elapsed 19.6 min)
[het] node variants: {'narrow': 12, 'baseline': 12, 'wide': 12}
[heterogeneous_het_naive_seed3042] nodes=36 coverage max=9 mode=naive steps=390
[heterogeneous_het_naive_seed3042] step 000/390 trained 36/36 | hop0: 0.1582 | hop1: 0.1245 | hop2: 0.1578
[heterogeneous_het_naive_seed3042] step 010/390 trained 36/36 | hop0: 0.1291 | hop1: 0.1570
[heterogeneous_het_naive_seed3042] step 020/390 trained 36/36 | hop0: 0.1177 | hop1: 0.1521
[heterogeneous_het_naive_seed3042] step 030/390 trained 36/36 | hop0: 0.1422 | hop1: 0.1658
[heterogeneous_het_naive_seed3042] step 040/390 trained 36/36 | hop0: 0.1471 | hop1: 0.1569
[heterogeneous_het_naive_seed3042] step 050/390 trained 36/36 | hop0: 0.1359 | hop1: 0.1406 | hop2: 0.0714
[heterogeneous_het_naive_seed3042] step 060/390 trained 36/36 | hop0: 0.1797 | hop1: 0.1479 | hop2: 0.0834
[heterogeneous_het_naive_seed3042] step 070/390 trained 36/36 | hop0: 0.1168 | hop1: 0.1585 | hop2: 0.1738
[heterogeneous_het_naive_seed3042] step 080/390 trained 36/36 | hop0: 0.0919 | hop1: 0.1868 | hop2: 0.1459
[heterogeneous_het_naive_seed3042] step 090/390 trained 36/36 | hop0: 0.1174 | hop1: 0.1526 | hop2: 0.2328 | hop3: 0.0992
[heterogeneous_het_naive_seed3042] step 100/390 trained 36/36 | hop0: 0.1240 | hop1: 0.1714 | hop2: 0.1598
[heterogeneous_het_naive_seed3042] step 110/390 trained 36/36 | hop0: 0.1482 | hop1: 0.1776 | hop2: 0.1189
[heterogeneous_het_naive_seed3042] step 120/390 trained 36/36 | hop0: 0.1205 | hop1: 0.2089 | hop2: 0.1095
[heterogeneous_het_naive_seed3042] step 130/390 trained 36/36 | hop0: 0.1439 | hop1: 0.1637 | hop2: 0.2047
[heterogeneous_het_naive_seed3042] step 140/390 trained 36/36 | hop0: 0.1282 | hop1: 0.1687 | hop2: 0.1370
[heterogeneous_het_naive_seed3042] step 150/390 trained 36/36 | hop0: 0.1797 | hop1: 0.1327 | hop2: 0.2050
[heterogeneous_het_naive_seed3042] step 160/390 trained 36/36 | hop0: 0.1979 | hop1: 0.1363 | hop2: 0.1562
[heterogeneous_het_naive_seed3042] step 170/390 trained 36/36 | hop0: 0.1748 | hop1: 0.1266 | hop2: 0.1090
[heterogeneous_het_naive_seed3042] step 180/390 trained 36/36 | hop0: 0.1767 | hop1: 0.1382
[heterogeneous_het_naive_seed3042] step 190/390 trained 36/36 | hop0: 0.1812 | hop1: 0.1337
[heterogeneous_het_naive_seed3042] step 200/390 trained 36/36 | hop0: 0.1686 | hop1: 0.1451
[heterogeneous_het_naive_seed3042] step 210/390 trained 36/36 | hop0: 0.1544 | hop1: 0.1085 | hop2: 0.0443
[heterogeneous_het_naive_seed3042] step 220/390 trained 36/36 | hop0: 0.1798 | hop1: 0.1267 | hop2: 0.0860
[heterogeneous_het_naive_seed3042] step 230/390 trained 36/36 | hop0: 0.1248 | hop1: 0.1325 | hop2: 0.0709
[heterogeneous_het_naive_seed3042] step 240/390 trained 36/36 | hop0: 0.1804 | hop1: 0.1038 | hop2: 0.1366
[heterogeneous_het_naive_seed3042] step 250/390 trained 36/36 | hop0: 0.1356 | hop1: 0.1183 | hop2: 0.1154
[heterogeneous_het_naive_seed3042] step 260/390 trained 36/36 | hop0: 0.1543 | hop1: 0.1171 | hop2: 0.1659
[heterogeneous_het_naive_seed3042] step 270/390 trained 36/36 | hop0: 0.1391 | hop1: 0.1172 | hop2: 0.1473
[heterogeneous_het_naive_seed3042] step 280/390 trained 36/36 | hop0: 0.0727 | hop1: 0.1131 | hop2: 0.1383
[heterogeneous_het_naive_seed3042] step 290/390 trained 36/36 | hop0: 0.1410 | hop1: 0.0937
[heterogeneous_het_naive_seed3042] step 300/390 trained 36/36 | hop0: 0.0908 | hop1: 0.1322 | hop2: 0.0649
[heterogeneous_het_naive_seed3042] step 310/390 trained 36/36 | hop0: 0.1236 | hop1: 0.0991 | hop2: 0.1167
[heterogeneous_het_naive_seed3042] step 320/390 trained 36/36 | hop0: 0.0679 | hop1: 0.1043 | hop2: 0.0974
[heterogeneous_het_naive_seed3042] step 330/390 trained 36/36 | hop0: 0.0700 | hop1: 0.1125
[heterogeneous_het_naive_seed3042] step 340/390 trained 36/36 | hop0: 0.1207 | hop1: 0.1184
[heterogeneous_het_naive_seed3042] step 350/390 trained 36/36 | hop0: 0.1307 | hop1: 0.0943 | hop2: 0.1734
[heterogeneous_het_naive_seed3042] step 360/390 trained 36/36 | hop0: 0.1526 | hop1: 0.1089 | hop2: 0.0864
[heterogeneous_het_naive_seed3042] step 370/390 trained 36/36 | hop0: 0.1342 | hop1: 0.1127
[heterogeneous_het_naive_seed3042] step 380/390 trained 36/36 | hop0: 0.0947 | hop1: 0.0914 | hop2: 0.1045
[heterogeneous_het_naive_seed3042] mean MSE (last 50 steps): 0.0593 | cert-MSE r=-0.572
[heterogeneous_het_naive_seed3042] per-variant whole-run MSE: wide=0.2169, baseline=0.0805, narrow=0.1088
[heterogeneous_het_naive_seed3042] saved runs\chapter5_v2\s5_6_het_fon\naive\het_naive_seed3042\figures\results.png

### heterogeneous/het_naive_seed3042: last50=0.0593 whole_run=0.0772 r(new)=-0.5404+/-0.0605
    variant_mse: {'wide': {'whole_run': 0.21686133477906894, 'last50': 0.18719281442241126}, 'baseline': {'whole_run': 0.08051997145199502, 'last50': 0.057786774434984665}, 'narrow': {'whole_run': 0.1088448785391884, 'last50': 0.08565840963357195}}

>>> [5/40] naive seed 4042 -> runs/chapter5_v2/s5_6_het_fon/naive  (elapsed 26.5 min)
[het] node variants: {'narrow': 12, 'baseline': 12, 'wide': 12}
[heterogeneous_het_naive_seed4042] nodes=36 coverage max=9 mode=naive steps=390
[heterogeneous_het_naive_seed4042] step 000/390 trained 36/36 | hop0: 0.1193 | hop1: 0.1370 | hop2: 0.1452
[heterogeneous_het_naive_seed4042] step 010/390 trained 36/36 | hop0: 0.1042 | hop1: 0.1567
[heterogeneous_het_naive_seed4042] step 020/390 trained 36/36 | hop0: 0.1052 | hop1: 0.1508 | hop2: 0.2652
[heterogeneous_het_naive_seed4042] step 030/390 trained 36/36 | hop0: 0.1052 | hop1: 0.1689 | hop2: 0.2173
[heterogeneous_het_naive_seed4042] step 040/390 trained 36/36 | hop0: 0.1386 | hop1: 0.1647 | hop2: 0.1953
[heterogeneous_het_naive_seed4042] step 050/390 trained 36/36 | hop0: 0.1226 | hop1: 0.1883 | hop2: 0.2285
[heterogeneous_het_naive_seed4042] step 060/390 trained 36/36 | hop0: 0.1147 | hop1: 0.1490 | hop2: 0.2557
[heterogeneous_het_naive_seed4042] step 070/390 trained 36/36 | hop0: 0.1139 | hop1: 0.1601 | hop2: 0.2963
[heterogeneous_het_naive_seed4042] step 080/390 trained 36/36 | hop0: 0.0861 | hop1: 0.1478 | hop2: 0.2133
[heterogeneous_het_naive_seed4042] step 090/390 trained 36/36 | hop0: 0.0498 | hop1: 0.1476 | hop2: 0.2853 | hop3: 0.2768
[heterogeneous_het_naive_seed4042] step 100/390 trained 36/36 | hop0: 0.0879 | hop1: 0.1515 | hop2: 0.2456 | hop3: 0.2790
[heterogeneous_het_naive_seed4042] step 110/390 trained 36/36 | hop0: 0.1157 | hop1: 0.1855 | hop2: 0.3143
[heterogeneous_het_naive_seed4042] step 120/390 trained 36/36 | hop0: 0.1581 | hop1: 0.1475 | hop2: 0.1995
[heterogeneous_het_naive_seed4042] step 130/390 trained 36/36 | hop0: 0.2194 | hop1: 0.1540
[heterogeneous_het_naive_seed4042] step 140/390 trained 36/36 | hop0: 0.2056 | hop1: 0.1662 | hop2: 0.1481
[heterogeneous_het_naive_seed4042] step 150/390 trained 36/36 | hop0: 0.1987 | hop1: 0.1674 | hop2: 0.1630
[heterogeneous_het_naive_seed4042] step 160/390 trained 36/36 | hop0: 0.1208 | hop1: 0.1748 | hop2: 0.1301
[heterogeneous_het_naive_seed4042] step 170/390 trained 36/36 | hop0: 0.0979 | hop1: 0.1809 | hop2: 0.1682
[heterogeneous_het_naive_seed4042] step 180/390 trained 36/36 | hop0: 0.0947 | hop1: 0.1613 | hop2: 0.1879
[heterogeneous_het_naive_seed4042] step 190/390 trained 36/36 | hop0: 0.0921 | hop1: 0.1717 | hop2: 0.1892
[heterogeneous_het_naive_seed4042] step 200/390 trained 36/36 | hop0: 0.0942 | hop1: 0.1450 | hop2: 0.1562
[heterogeneous_het_naive_seed4042] step 210/390 trained 36/36 | hop0: 0.1065 | hop1: 0.1603 | hop2: 0.1733
[heterogeneous_het_naive_seed4042] step 220/390 trained 36/36 | hop0: 0.1370 | hop1: 0.1888 | hop2: 0.1763
[heterogeneous_het_naive_seed4042] step 230/390 trained 36/36 | hop0: 0.1528 | hop1: 0.1388
[heterogeneous_het_naive_seed4042] step 240/390 trained 36/36 | hop0: 0.1298 | hop1: 0.1582
[heterogeneous_het_naive_seed4042] step 250/390 trained 36/36 | hop0: 0.0897 | hop1: 0.1445 | hop2: 0.1348
[heterogeneous_het_naive_seed4042] step 260/390 trained 36/36 | hop0: 0.1762 | hop1: 0.1365 | hop2: 0.2144
[heterogeneous_het_naive_seed4042] step 270/390 trained 36/36 | hop0: 0.0882 | hop1: 0.1411 | hop2: 0.1986
[heterogeneous_het_naive_seed4042] step 280/390 trained 36/36 | hop0: 0.0905 | hop1: 0.1636 | hop2: 0.1979
[heterogeneous_het_naive_seed4042] step 290/390 trained 36/36 | hop0: 0.0867 | hop1: 0.1343 | hop2: 0.2107
[heterogeneous_het_naive_seed4042] step 300/390 trained 36/36 | hop0: 0.0505 | hop1: 0.1684 | hop2: 0.2204
[heterogeneous_het_naive_seed4042] step 310/390 trained 36/36 | hop0: 0.1405 | hop1: 0.1252 | hop2: 0.1717
[heterogeneous_het_naive_seed4042] step 320/390 trained 36/36 | hop0: 0.0663 | hop1: 0.1497 | hop2: 0.1713
[heterogeneous_het_naive_seed4042] step 330/390 trained 36/36 | hop0: 0.0930 | hop1: 0.1295 | hop2: 0.1563
[heterogeneous_het_naive_seed4042] step 340/390 trained 36/36 | hop0: 0.1689 | hop1: 0.1102 | hop2: 0.0669
[heterogeneous_het_naive_seed4042] step 350/390 trained 36/36 | hop0: 0.1554 | hop1: 0.1086 | hop2: 0.0707
[heterogeneous_het_naive_seed4042] step 360/390 trained 36/36 | hop0: 0.1787 | hop1: 0.1252
[heterogeneous_het_naive_seed4042] step 370/390 trained 36/36 | hop0: 0.1399 | hop1: 0.1176 | hop2: 0.1216
[heterogeneous_het_naive_seed4042] step 380/390 trained 36/36 | hop0: 0.0755 | hop1: 0.1497 | hop2: 0.1771
[heterogeneous_het_naive_seed4042] mean MSE (last 50 steps): 0.0979 | cert-MSE r=-0.544
[heterogeneous_het_naive_seed4042] per-variant whole-run MSE: narrow=0.1165, baseline=0.1056, wide=0.2184
[heterogeneous_het_naive_seed4042] saved runs\chapter5_v2\s5_6_het_fon\naive\het_naive_seed4042\figures\results.png

### heterogeneous/het_naive_seed4042: last50=0.0979 whole_run=0.1090 r(new)=-0.5218+/-0.0803
    variant_mse: {'narrow': {'whole_run': 0.11647225159327833, 'last50': 0.09769515506476872}, 'baseline': {'whole_run': 0.10558746003694959, 'last50': 0.08445143770623732}, 'wide': {'whole_run': 0.21842764779822402, 'last50': 0.16481144481782778}}

>>> [6/40] certainty seed 42 -> runs/chapter5_v2/s5_6_het_fon/certainty  (elapsed 33.3 min)
[het] node variants: {'narrow': 12, 'baseline': 12, 'wide': 12}
[heterogeneous_het_certainty] nodes=36 coverage max=9 mode=certainty steps=390
[heterogeneous_het_certainty] step 000/390 trained 36/36 | hop0: 0.1445 | hop1: 0.1353
[heterogeneous_het_certainty] step 010/390 trained 36/36 | hop0: 0.1273 | hop1: 0.1409
[heterogeneous_het_certainty] step 020/390 trained 36/36 | hop0: 0.1368 | hop1: 0.1426 | hop2: 0.2419
[heterogeneous_het_certainty] step 030/390 trained 36/36 | hop0: 0.1097 | hop1: 0.1503 | hop2: 0.1165
[heterogeneous_het_certainty] step 040/390 trained 36/36 | hop0: 0.0974 | hop1: 0.1615 | hop2: 0.1234
[heterogeneous_het_certainty] step 050/390 trained 36/36 | hop0: 0.1161 | hop1: 0.1586 | hop2: 0.1104
[heterogeneous_het_certainty] step 060/390 trained 36/36 | hop0: 0.0770 | hop1: 0.1827 | hop2: 0.1241
[heterogeneous_het_certainty] step 070/390 trained 36/36 | hop0: 0.0668 | hop1: 0.1668 | hop2: 0.1267
[heterogeneous_het_certainty] step 080/390 trained 36/36 | hop0: 0.0744 | hop1: 0.1584 | hop2: 0.1483
[heterogeneous_het_certainty] step 090/390 trained 36/36 | hop0: 0.0546 | hop1: 0.1553
[heterogeneous_het_certainty] step 100/390 trained 36/36 | hop0: 0.0898 | hop1: 0.1544 | hop2: 0.1769
[heterogeneous_het_certainty] step 110/390 trained 36/36 | hop0: 0.0820 | hop1: 0.1254 | hop2: 0.1338
[heterogeneous_het_certainty] step 120/390 trained 36/36 | hop0: 0.0766 | hop1: 0.1892 | hop2: 0.1301
[heterogeneous_het_certainty] step 130/390 trained 36/36 | hop0: 0.1228 | hop1: 0.1402 | hop2: 0.1925
[heterogeneous_het_certainty] step 140/390 trained 36/36 | hop0: 0.1058 | hop1: 0.1354 | hop2: 0.1264
[heterogeneous_het_certainty] step 150/390 trained 36/36 | hop0: 0.0844 | hop1: 0.1384 | hop2: 0.1695
[heterogeneous_het_certainty] step 160/390 trained 36/36 | hop0: 0.0706 | hop1: 0.1478 | hop2: 0.1529
[heterogeneous_het_certainty] step 170/390 trained 36/36 | hop0: 0.0705 | hop1: 0.1489 | hop2: 0.1178
[heterogeneous_het_certainty] step 180/390 trained 36/36 | hop0: 0.0234 | hop1: 0.1295 | hop2: 0.1695
[heterogeneous_het_certainty] step 190/390 trained 36/36 | hop0: 0.0476 | hop1: 0.1348 | hop2: 0.1270
[heterogeneous_het_certainty] step 200/390 trained 36/36 | hop0: 0.0472 | hop1: 0.1606 | hop2: 0.1549
[heterogeneous_het_certainty] step 210/390 trained 36/36 | hop0: 0.0218 | hop1: 0.1475 | hop2: 0.1724
[heterogeneous_het_certainty] step 220/390 trained 36/36 | hop0: 0.0654 | hop1: 0.1220
[heterogeneous_het_certainty] step 230/390 trained 36/36 | hop0: 0.0691 | hop1: 0.1280 | hop2: 0.2311
[heterogeneous_het_certainty] step 240/390 trained 36/36 | hop0: 0.0713 | hop1: 0.1116 | hop2: 0.2471
[heterogeneous_het_certainty] step 250/390 trained 36/36 | hop0: 0.0992 | hop1: 0.1359 | hop2: 0.1228
[heterogeneous_het_certainty] step 260/390 trained 36/36 | hop0: 0.1158 | hop1: 0.1137
[heterogeneous_het_certainty] step 270/390 trained 36/36 | hop0: 0.1381 | hop1: 0.1002 | hop2: 0.0070
[heterogeneous_het_certainty] step 280/390 trained 36/36 | hop0: 0.1229 | hop1: 0.1089
[heterogeneous_het_certainty] step 290/390 trained 36/36 | hop0: 0.1300 | hop1: 0.1153 | hop2: 0.0155
[heterogeneous_het_certainty] step 300/390 trained 36/36 | hop0: 0.1262 | hop1: 0.1158 | hop2: 0.0285
[heterogeneous_het_certainty] step 310/390 trained 36/36 | hop0: 0.0857 | hop1: 0.0839 | hop2: 0.0766
[heterogeneous_het_certainty] step 320/390 trained 36/36 | hop0: 0.1108 | hop1: 0.1109 | hop2: 0.0164
[heterogeneous_het_certainty] step 330/390 trained 36/36 | hop0: 0.1308 | hop1: 0.0972 | hop2: 0.0238
[heterogeneous_het_certainty] step 340/390 trained 36/36 | hop0: 0.1384 | hop1: 0.0911
[heterogeneous_het_certainty] step 350/390 trained 36/36 | hop0: 0.1793 | hop1: 0.0816 | hop2: 0.0292
[heterogeneous_het_certainty] step 360/390 trained 36/36 | hop0: 0.1244 | hop1: 0.0653 | hop2: 0.1237
[heterogeneous_het_certainty] step 370/390 trained 36/36 | hop0: 0.1076 | hop1: 0.0837 | hop2: 0.1018
[heterogeneous_het_certainty] step 380/390 trained 36/36 | hop0: 0.1399 | hop1: 0.0775 | hop2: 0.1230
[heterogeneous_het_certainty] mean MSE (last 50 steps): 0.0784 | cert-MSE r=-0.006
[heterogeneous_het_certainty] per-variant whole-run MSE: wide=0.1361, baseline=0.1241, narrow=0.1021
[heterogeneous_het_certainty] saved runs\chapter5_v2\s5_6_het_fon\certainty\het_certainty\figures\results.png

### heterogeneous/het_certainty: last50=0.0784 whole_run=0.0868 r(new)=-0.3534+/-0.0429
    variant_mse: {'wide': {'whole_run': 0.13611536438364882, 'last50': 0.12562553458302766}, 'baseline': {'whole_run': 0.12406664102148077, 'last50': 0.085460956402698}, 'narrow': {'whole_run': 0.10213040610371184, 'last50': 0.1027568748735516}}

>>> [7/40] certainty seed 1042 -> runs/chapter5_v2/s5_6_het_fon/certainty  (elapsed 41.3 min)
[het] node variants: {'narrow': 12, 'baseline': 12, 'wide': 12}
[heterogeneous_het_certainty_seed1042] nodes=36 coverage max=9 mode=certainty steps=390
[heterogeneous_het_certainty_seed1042] step 000/390 trained 36/36 | hop0: 0.1268 | hop1: 0.1583
[heterogeneous_het_certainty_seed1042] step 010/390 trained 36/36 | hop0: 0.1182 | hop1: 0.1484 | hop2: 0.3236
[heterogeneous_het_certainty_seed1042] step 020/390 trained 36/36 | hop0: 0.1369 | hop1: 0.1346
[heterogeneous_het_certainty_seed1042] step 030/390 trained 36/36 | hop0: 0.1157 | hop1: 0.1660 | hop2: 0.2493
[heterogeneous_het_certainty_seed1042] step 040/390 trained 36/36 | hop0: 0.1008 | hop1: 0.1452 | hop2: 0.2788
[heterogeneous_het_certainty_seed1042] step 050/390 trained 36/36 | hop0: 0.1099 | hop1: 0.1285 | hop2: 0.2139
[heterogeneous_het_certainty_seed1042] step 060/390 trained 36/36 | hop0: 0.1076 | hop1: 0.1153 | hop2: 0.1951
[heterogeneous_het_certainty_seed1042] step 070/390 trained 36/36 | hop0: 0.0853 | hop1: 0.1231 | hop2: 0.1486
[heterogeneous_het_certainty_seed1042] step 080/390 trained 36/36 | hop0: 0.0994 | hop1: 0.1275 | hop2: 0.2234
[heterogeneous_het_certainty_seed1042] step 090/390 trained 36/36 | hop0: 0.0872 | hop1: 0.1389 | hop2: 0.2408
[heterogeneous_het_certainty_seed1042] step 100/390 trained 36/36 | hop0: 0.1185 | hop1: 0.1250
[heterogeneous_het_certainty_seed1042] step 110/390 trained 36/36 | hop0: 0.0658 | hop1: 0.1347 | hop2: 0.1737
[heterogeneous_het_certainty_seed1042] step 120/390 trained 36/36 | hop0: 0.0938 | hop1: 0.1502 | hop2: 0.1334
[heterogeneous_het_certainty_seed1042] step 130/390 trained 36/36 | hop0: 0.1221 | hop1: 0.1025 | hop2: 0.1278
[heterogeneous_het_certainty_seed1042] step 140/390 trained 36/36 | hop0: 0.1342 | hop1: 0.0972 | hop2: 0.1481
[heterogeneous_het_certainty_seed1042] step 150/390 trained 36/36 | hop0: 0.1029 | hop1: 0.1164 | hop2: 0.1359
[heterogeneous_het_certainty_seed1042] step 160/390 trained 36/36 | hop0: 0.0587 | hop1: 0.1238 | hop2: 0.1366
[heterogeneous_het_certainty_seed1042] step 170/390 trained 36/36 | hop0: 0.0798 | hop1: 0.1329 | hop2: 0.2393
[heterogeneous_het_certainty_seed1042] step 180/390 trained 36/36 | hop0: 0.0625 | hop1: 0.1132 | hop2: 0.2389
[heterogeneous_het_certainty_seed1042] step 190/390 trained 36/36 | hop0: 0.0939 | hop1: 0.1119
[heterogeneous_het_certainty_seed1042] step 200/390 trained 36/36 | hop0: 0.0869 | hop1: 0.1128 | hop2: 0.0171
[heterogeneous_het_certainty_seed1042] step 210/390 trained 36/36 | hop0: 0.0732 | hop1: 0.0916
[heterogeneous_het_certainty_seed1042] step 220/390 trained 36/36 | hop0: 0.0570 | hop1: 0.1105 | hop2: 0.2324
[heterogeneous_het_certainty_seed1042] step 230/390 trained 36/36 | hop0: 0.0856 | hop1: 0.0957 | hop2: 0.1301
[heterogeneous_het_certainty_seed1042] step 240/390 trained 36/36 | hop0: 0.0732 | hop1: 0.0940 | hop2: 0.1214
[heterogeneous_het_certainty_seed1042] step 250/390 trained 36/36 | hop0: 0.0782 | hop1: 0.0734 | hop2: 0.2062
[heterogeneous_het_certainty_seed1042] step 260/390 trained 36/36 | hop0: 0.0814 | hop1: 0.0795 | hop2: 0.2117
[heterogeneous_het_certainty_seed1042] step 270/390 trained 36/36 | hop0: 0.0899 | hop1: 0.0972
[heterogeneous_het_certainty_seed1042] step 280/390 trained 36/36 | hop0: 0.0979 | hop1: 0.0796
[heterogeneous_het_certainty_seed1042] step 290/390 trained 36/36 | hop0: 0.0510 | hop1: 0.0994
[heterogeneous_het_certainty_seed1042] step 300/390 trained 36/36 | hop0: 0.0876 | hop1: 0.0880 | hop2: 0.0156
[heterogeneous_het_certainty_seed1042] step 310/390 trained 36/36 | hop0: 0.0625 | hop1: 0.0906 | hop2: 0.1552
[heterogeneous_het_certainty_seed1042] step 320/390 trained 36/36 | hop0: 0.0418 | hop1: 0.1095 | hop2: 0.2145
[heterogeneous_het_certainty_seed1042] step 330/390 trained 36/36 | hop0: 0.0196 | hop1: 0.1445 | hop2: 0.1816
[heterogeneous_het_certainty_seed1042] step 340/390 trained 36/36 | hop0: 0.0231 | hop1: 0.0771 | hop2: 0.1533
[heterogeneous_het_certainty_seed1042] step 350/390 trained 36/36 | hop0: 0.0108 | hop1: 0.0879 | hop2: 0.1686
[heterogeneous_het_certainty_seed1042] step 360/390 trained 36/36 | hop0: 0.0068 | hop1: 0.0830 | hop2: 0.1678
[heterogeneous_het_certainty_seed1042] step 370/390 trained 36/36 | hop0: 0.0095 | hop1: 0.1217 | hop2: 0.2590
[heterogeneous_het_certainty_seed1042] step 380/390 trained 36/36 | hop0: 0.0186 | hop1: 0.1137 | hop2: 0.2403
[heterogeneous_het_certainty_seed1042] mean MSE (last 50 steps): 0.0766 | cert-MSE r=-0.583
[heterogeneous_het_certainty_seed1042] per-variant whole-run MSE: narrow=0.1142, baseline=0.0699, wide=0.1379
[heterogeneous_het_certainty_seed1042] saved runs\chapter5_v2\s5_6_het_fon\certainty\het_certainty_seed1042\figures\results.png

### heterogeneous/het_certainty_seed1042: last50=0.0766 whole_run=0.0795 r(new)=-0.4940+/-0.0564
    variant_mse: {'narrow': {'whole_run': 0.11415234358897523, 'last50': 0.1258512214088415}, 'baseline': {'whole_run': 0.06988049310550283, 'last50': 0.05858498633306085}, 'wide': {'whole_run': 0.13785615931598819, 'last50': 0.11689666338858197}}

>>> [8/40] certainty seed 2042 -> runs/chapter5_v2/s5_6_het_fon/certainty  (elapsed 49.0 min)
[het] node variants: {'narrow': 12, 'baseline': 12, 'wide': 12}
[heterogeneous_het_certainty_seed2042] nodes=36 coverage max=9 mode=certainty steps=390
[heterogeneous_het_certainty_seed2042] step 000/390 trained 36/36 | hop0: 0.1383 | hop1: 0.1270 | hop2: 0.1293
[heterogeneous_het_certainty_seed2042] step 010/390 trained 36/36 | hop0: 0.1287 | hop1: 0.1655 | hop2: 0.1399
[heterogeneous_het_certainty_seed2042] step 020/390 trained 36/36 | hop0: 0.1026 | hop1: 0.1373 | hop2: 0.1870
[heterogeneous_het_certainty_seed2042] step 030/390 trained 36/36 | hop0: 0.0960 | hop1: 0.1591 | hop2: 0.1756
[heterogeneous_het_certainty_seed2042] step 040/390 trained 36/36 | hop0: 0.0682 | hop1: 0.1543 | hop2: 0.2085
[heterogeneous_het_certainty_seed2042] step 050/390 trained 36/36 | hop0: 0.0782 | hop1: 0.1395 | hop2: 0.2122 | hop3: 0.1992
[heterogeneous_het_certainty_seed2042] step 060/390 trained 36/36 | hop0: 0.1256 | hop1: 0.1381 | hop2: 0.1963
[heterogeneous_het_certainty_seed2042] step 070/390 trained 36/36 | hop0: 0.0857 | hop1: 0.1642 | hop2: 0.2084
[heterogeneous_het_certainty_seed2042] step 080/390 trained 36/36 | hop0: 0.0643 | hop1: 0.1524 | hop2: 0.1500
[heterogeneous_het_certainty_seed2042] step 090/390 trained 36/36 | hop0: 0.0567 | hop1: 0.1433 | hop2: 0.1949
[heterogeneous_het_certainty_seed2042] step 100/390 trained 36/36 | hop0: 0.0619 | hop1: 0.1325 | hop2: 0.2154
[heterogeneous_het_certainty_seed2042] step 110/390 trained 36/36 | hop0: 0.1287 | hop1: 0.1382 | hop2: 0.2551
[heterogeneous_het_certainty_seed2042] step 120/390 trained 36/36 | hop0: 0.1431 | hop1: 0.1460
[heterogeneous_het_certainty_seed2042] step 130/390 trained 36/36 | hop0: 0.1202 | hop1: 0.1235 | hop2: 0.2356
[heterogeneous_het_certainty_seed2042] step 140/390 trained 36/36 | hop0: 0.0960 | hop1: 0.1624 | hop2: 0.2754
[heterogeneous_het_certainty_seed2042] step 150/390 trained 36/36 | hop0: 0.0410 | hop1: 0.1134 | hop2: 0.2166
[heterogeneous_het_certainty_seed2042] step 160/390 trained 36/36 | hop0: 0.0547 | hop1: 0.1454 | hop2: 0.2308
[heterogeneous_het_certainty_seed2042] step 170/390 trained 36/36 | hop0: 0.0542 | hop1: 0.1318 | hop2: 0.2547
[heterogeneous_het_certainty_seed2042] step 180/390 trained 36/36 | hop0: 0.0474 | hop1: 0.1606 | hop2: 0.2303
[heterogeneous_het_certainty_seed2042] step 190/390 trained 36/36 | hop0: 0.0694 | hop1: 0.1375 | hop2: 0.2544
[heterogeneous_het_certainty_seed2042] step 200/390 trained 36/36 | hop0: 0.0914 | hop1: 0.1405
[heterogeneous_het_certainty_seed2042] step 210/390 trained 36/36 | hop0: 0.0879 | hop1: 0.0939
[heterogeneous_het_certainty_seed2042] step 220/390 trained 36/36 | hop0: 0.0519 | hop1: 0.1178 | hop2: 0.1514
[heterogeneous_het_certainty_seed2042] step 230/390 trained 36/36 | hop0: 0.0488 | hop1: 0.0968 | hop2: 0.1533
[heterogeneous_het_certainty_seed2042] step 240/390 trained 36/36 | hop0: 0.0432 | hop1: 0.1088 | hop2: 0.2183
[heterogeneous_het_certainty_seed2042] step 250/390 trained 36/36 | hop0: 0.0188 | hop1: 0.0947 | hop2: 0.2004
[heterogeneous_het_certainty_seed2042] step 260/390 trained 36/36 | hop0: 0.0368 | hop1: 0.0834 | hop2: 0.1811
[heterogeneous_het_certainty_seed2042] step 270/390 trained 36/36 | hop0: 0.0135 | hop1: 0.0680 | hop2: 0.1794 | hop3: 0.1360
[heterogeneous_het_certainty_seed2042] step 280/390 trained 36/36 | hop0: 0.0141 | hop1: 0.0835 | hop2: 0.2142
[heterogeneous_het_certainty_seed2042] step 290/390 trained 36/36 | hop0: 0.0075 | hop1: 0.0851 | hop2: 0.2156
[heterogeneous_het_certainty_seed2042] step 300/390 trained 36/36 | hop0: 0.0090 | hop1: 0.0542 | hop2: 0.1437 | hop3: 0.1628
[heterogeneous_het_certainty_seed2042] step 310/390 trained 36/36 | hop0: 0.0138 | hop1: 0.0572 | hop2: 0.1733 | hop3: 0.2315
[heterogeneous_het_certainty_seed2042] step 320/390 trained 36/36 | hop0: 0.0090 | hop1: 0.0577 | hop2: 0.1306
[heterogeneous_het_certainty_seed2042] step 330/390 trained 36/36 | hop0: 0.0093 | hop1: 0.0506 | hop2: 0.1781 | hop3: 0.2527
[heterogeneous_het_certainty_seed2042] step 340/390 trained 36/36 | hop0: 0.0061 | hop1: 0.0611 | hop2: 0.2006 | hop3: 0.1937
[heterogeneous_het_certainty_seed2042] step 350/390 trained 36/36 | hop0: 0.0131 | hop1: 0.0453 | hop2: 0.1569 | hop3: 0.2282
[heterogeneous_het_certainty_seed2042] step 360/390 trained 36/36 | hop0: 0.0226 | hop1: 0.0687 | hop2: 0.2292
[heterogeneous_het_certainty_seed2042] step 370/390 trained 36/36 | hop0: 0.0352 | hop1: 0.0854 | hop2: 0.2248
[heterogeneous_het_certainty_seed2042] step 380/390 trained 36/36 | hop0: 0.0381 | hop1: 0.0907 | hop2: 0.1467
[heterogeneous_het_certainty_seed2042] mean MSE (last 50 steps): 0.0711 | cert-MSE r=-0.145
[heterogeneous_het_certainty_seed2042] per-variant whole-run MSE: narrow=0.0919, baseline=0.1092, wide=0.1431
[heterogeneous_het_certainty_seed2042] saved runs\chapter5_v2\s5_6_het_fon\certainty\het_certainty_seed2042\figures\results.png

### heterogeneous/het_certainty_seed2042: last50=0.0711 whole_run=0.0846 r(new)=-0.3295+/-0.0596
    variant_mse: {'narrow': {'whole_run': 0.09193896225293957, 'last50': 0.07351394257430313}, 'baseline': {'whole_run': 0.10921727421480429, 'last50': 0.08391823074384532}, 'wide': {'whole_run': 0.14312194726861138, 'last50': 0.09174115597133448}}

>>> [9/40] certainty seed 3042 -> runs/chapter5_v2/s5_6_het_fon/certainty  (elapsed 56.6 min)
[het] node variants: {'narrow': 12, 'baseline': 12, 'wide': 12}
[heterogeneous_het_certainty_seed3042] nodes=36 coverage max=9 mode=certainty steps=390
[heterogeneous_het_certainty_seed3042] step 000/390 trained 36/36 | hop0: 0.1582 | hop1: 0.1245 | hop2: 0.1578
[heterogeneous_het_certainty_seed3042] step 010/390 trained 36/36 | hop0: 0.1291 | hop1: 0.1569
[heterogeneous_het_certainty_seed3042] step 020/390 trained 36/36 | hop0: 0.1177 | hop1: 0.1518
[heterogeneous_het_certainty_seed3042] step 030/390 trained 36/36 | hop0: 0.1419 | hop1: 0.1654
[heterogeneous_het_certainty_seed3042] step 040/390 trained 36/36 | hop0: 0.1466 | hop1: 0.1565
[heterogeneous_het_certainty_seed3042] step 050/390 trained 36/36 | hop0: 0.1352 | hop1: 0.1397 | hop2: 0.0711
[heterogeneous_het_certainty_seed3042] step 060/390 trained 36/36 | hop0: 0.1786 | hop1: 0.1467 | hop2: 0.0829
[heterogeneous_het_certainty_seed3042] step 070/390 trained 36/36 | hop0: 0.1156 | hop1: 0.1572 | hop2: 0.1729
[heterogeneous_het_certainty_seed3042] step 080/390 trained 36/36 | hop0: 0.0902 | hop1: 0.1858 | hop2: 0.1444
[heterogeneous_het_certainty_seed3042] step 090/390 trained 36/36 | hop0: 0.1160 | hop1: 0.1513 | hop2: 0.2312 | hop3: 0.0984
[heterogeneous_het_certainty_seed3042] step 100/390 trained 36/36 | hop0: 0.1229 | hop1: 0.1698 | hop2: 0.1566
[heterogeneous_het_certainty_seed3042] step 110/390 trained 36/36 | hop0: 0.1471 | hop1: 0.1754 | hop2: 0.1152
[heterogeneous_het_certainty_seed3042] step 120/390 trained 36/36 | hop0: 0.1192 | hop1: 0.2058 | hop2: 0.1073
[heterogeneous_het_certainty_seed3042] step 130/390 trained 36/36 | hop0: 0.1425 | hop1: 0.1598 | hop2: 0.2018
[heterogeneous_het_certainty_seed3042] step 140/390 trained 36/36 | hop0: 0.1260 | hop1: 0.1647 | hop2: 0.1321
[heterogeneous_het_certainty_seed3042] step 150/390 trained 36/36 | hop0: 0.1770 | hop1: 0.1277 | hop2: 0.1916
[heterogeneous_het_certainty_seed3042] step 160/390 trained 36/36 | hop0: 0.1972 | hop1: 0.1310 | hop2: 0.1475
[heterogeneous_het_certainty_seed3042] step 170/390 trained 36/36 | hop0: 0.1740 | hop1: 0.1217 | hop2: 0.1034
[heterogeneous_het_certainty_seed3042] step 180/390 trained 36/36 | hop0: 0.1738 | hop1: 0.1324
[heterogeneous_het_certainty_seed3042] step 190/390 trained 36/36 | hop0: 0.1730 | hop1: 0.1301
[heterogeneous_het_certainty_seed3042] step 200/390 trained 36/36 | hop0: 0.1593 | hop1: 0.1407
[heterogeneous_het_certainty_seed3042] step 210/390 trained 36/36 | hop0: 0.1485 | hop1: 0.1043 | hop2: 0.0397
[heterogeneous_het_certainty_seed3042] step 220/390 trained 36/36 | hop0: 0.1742 | hop1: 0.1221 | hop2: 0.0820
[heterogeneous_het_certainty_seed3042] step 230/390 trained 36/36 | hop0: 0.1194 | hop1: 0.1274 | hop2: 0.0664
[heterogeneous_het_certainty_seed3042] step 240/390 trained 36/36 | hop0: 0.1762 | hop1: 0.0993 | hop2: 0.1208
[heterogeneous_het_certainty_seed3042] step 250/390 trained 36/36 | hop0: 0.1325 | hop1: 0.1117 | hop2: 0.1028
[heterogeneous_het_certainty_seed3042] step 260/390 trained 36/36 | hop0: 0.1490 | hop1: 0.1101 | hop2: 0.1563
[heterogeneous_het_certainty_seed3042] step 270/390 trained 36/36 | hop0: 0.1354 | hop1: 0.1105 | hop2: 0.1357
[heterogeneous_het_certainty_seed3042] step 280/390 trained 36/36 | hop0: 0.0691 | hop1: 0.1079 | hop2: 0.1270
[heterogeneous_het_certainty_seed3042] step 290/390 trained 36/36 | hop0: 0.1354 | hop1: 0.0874
[heterogeneous_het_certainty_seed3042] step 300/390 trained 36/36 | hop0: 0.0838 | hop1: 0.1257 | hop2: 0.0577
[heterogeneous_het_certainty_seed3042] step 310/390 trained 36/36 | hop0: 0.1161 | hop1: 0.0924 | hop2: 0.1072
[heterogeneous_het_certainty_seed3042] step 320/390 trained 36/36 | hop0: 0.0631 | hop1: 0.0988 | hop2: 0.0885
[heterogeneous_het_certainty_seed3042] step 330/390 trained 36/36 | hop0: 0.0635 | hop1: 0.1037
[heterogeneous_het_certainty_seed3042] step 340/390 trained 36/36 | hop0: 0.1148 | hop1: 0.1072
[heterogeneous_het_certainty_seed3042] step 350/390 trained 36/36 | hop0: 0.1234 | hop1: 0.0847 | hop2: 0.1720
[heterogeneous_het_certainty_seed3042] step 360/390 trained 36/36 | hop0: 0.1405 | hop1: 0.1020 | hop2: 0.0783
[heterogeneous_het_certainty_seed3042] step 370/390 trained 36/36 | hop0: 0.1222 | hop1: 0.1047
[heterogeneous_het_certainty_seed3042] step 380/390 trained 36/36 | hop0: 0.0867 | hop1: 0.0863 | hop2: 0.0964
[heterogeneous_het_certainty_seed3042] mean MSE (last 50 steps): 0.0517 | cert-MSE r=-0.627
[heterogeneous_het_certainty_seed3042] per-variant whole-run MSE: wide=0.2127, baseline=0.0753, narrow=0.1050
[heterogeneous_het_certainty_seed3042] saved runs\chapter5_v2\s5_6_het_fon\certainty\het_certainty_seed3042\figures\results.png

### heterogeneous/het_certainty_seed3042: last50=0.0517 whole_run=0.0733 r(new)=-0.5582+/-0.0648
    variant_mse: {'wide': {'whole_run': 0.21265286036370643, 'last50': 0.18171886509631854}, 'baseline': {'whole_run': 0.07533352155429618, 'last50': 0.04634042452646077}, 'narrow': {'whole_run': 0.10496509577526913, 'last50': 0.0776002674501259}}

>>> [10/40] certainty seed 4042 -> runs/chapter5_v2/s5_6_het_fon/certainty  (elapsed 64.3 min)
[het] node variants: {'narrow': 12, 'baseline': 12, 'wide': 12}
[heterogeneous_het_certainty_seed4042] nodes=36 coverage max=9 mode=certainty steps=390
[heterogeneous_het_certainty_seed4042] step 000/390 trained 36/36 | hop0: 0.1193 | hop1: 0.1369 | hop2: 0.1451
[heterogeneous_het_certainty_seed4042] step 010/390 trained 36/36 | hop0: 0.1042 | hop1: 0.1564
[heterogeneous_het_certainty_seed4042] step 020/390 trained 36/36 | hop0: 0.1051 | hop1: 0.1504 | hop2: 0.2633
[heterogeneous_het_certainty_seed4042] step 030/390 trained 36/36 | hop0: 0.1051 | hop1: 0.1684 | hop2: 0.2162
[heterogeneous_het_certainty_seed4042] step 040/390 trained 36/36 | hop0: 0.1379 | hop1: 0.1641 | hop2: 0.1952
[heterogeneous_het_certainty_seed4042] step 050/390 trained 36/36 | hop0: 0.1218 | hop1: 0.1876 | hop2: 0.2286
[heterogeneous_het_certainty_seed4042] step 060/390 trained 36/36 | hop0: 0.1145 | hop1: 0.1483 | hop2: 0.2550
[heterogeneous_het_certainty_seed4042] step 070/390 trained 36/36 | hop0: 0.1127 | hop1: 0.1589 | hop2: 0.2954
[heterogeneous_het_certainty_seed4042] step 080/390 trained 36/36 | hop0: 0.0855 | hop1: 0.1467 | hop2: 0.2099
[heterogeneous_het_certainty_seed4042] step 090/390 trained 36/36 | hop0: 0.0498 | hop1: 0.1462 | hop2: 0.2824 | hop3: 0.2798
[heterogeneous_het_certainty_seed4042] step 100/390 trained 36/36 | hop0: 0.0886 | hop1: 0.1503 | hop2: 0.2449 | hop3: 0.2799
[heterogeneous_het_certainty_seed4042] step 110/390 trained 36/36 | hop0: 0.1149 | hop1: 0.1830 | hop2: 0.3117
[heterogeneous_het_certainty_seed4042] step 120/390 trained 36/36 | hop0: 0.1558 | hop1: 0.1457 | hop2: 0.2002
[heterogeneous_het_certainty_seed4042] step 130/390 trained 36/36 | hop0: 0.2177 | hop1: 0.1512
[heterogeneous_het_certainty_seed4042] step 140/390 trained 36/36 | hop0: 0.2041 | hop1: 0.1632 | hop2: 0.1476
[heterogeneous_het_certainty_seed4042] step 150/390 trained 36/36 | hop0: 0.1970 | hop1: 0.1667 | hop2: 0.1595
[heterogeneous_het_certainty_seed4042] step 160/390 trained 36/36 | hop0: 0.1183 | hop1: 0.1720 | hop2: 0.1295
[heterogeneous_het_certainty_seed4042] step 170/390 trained 36/36 | hop0: 0.0967 | hop1: 0.1793 | hop2: 0.1630
[heterogeneous_het_certainty_seed4042] step 180/390 trained 36/36 | hop0: 0.0936 | hop1: 0.1591 | hop2: 0.1844
[heterogeneous_het_certainty_seed4042] step 190/390 trained 36/36 | hop0: 0.0918 | hop1: 0.1706 | hop2: 0.1854
[heterogeneous_het_certainty_seed4042] step 200/390 trained 36/36 | hop0: 0.0937 | hop1: 0.1423 | hop2: 0.1536
[heterogeneous_het_certainty_seed4042] step 210/390 trained 36/36 | hop0: 0.1058 | hop1: 0.1563 | hop2: 0.1745
[heterogeneous_het_certainty_seed4042] step 220/390 trained 36/36 | hop0: 0.1337 | hop1: 0.1841 | hop2: 0.1819
[heterogeneous_het_certainty_seed4042] step 230/390 trained 36/36 | hop0: 0.1497 | hop1: 0.1348
[heterogeneous_het_certainty_seed4042] step 240/390 trained 36/36 | hop0: 0.1258 | hop1: 0.1568
[heterogeneous_het_certainty_seed4042] step 250/390 trained 36/36 | hop0: 0.0839 | hop1: 0.1452 | hop2: 0.1287
[heterogeneous_het_certainty_seed4042] step 260/390 trained 36/36 | hop0: 0.1697 | hop1: 0.1340 | hop2: 0.2096
[heterogeneous_het_certainty_seed4042] step 270/390 trained 36/36 | hop0: 0.0807 | hop1: 0.1390 | hop2: 0.1961
[heterogeneous_het_certainty_seed4042] step 280/390 trained 36/36 | hop0: 0.0770 | hop1: 0.1594 | hop2: 0.1938
[heterogeneous_het_certainty_seed4042] step 290/390 trained 36/36 | hop0: 0.0837 | hop1: 0.1252 | hop2: 0.2077
[heterogeneous_het_certainty_seed4042] step 300/390 trained 36/36 | hop0: 0.0499 | hop1: 0.1579 | hop2: 0.2133
[heterogeneous_het_certainty_seed4042] step 310/390 trained 36/36 | hop0: 0.1368 | hop1: 0.1166 | hop2: 0.1666
[heterogeneous_het_certainty_seed4042] step 320/390 trained 36/36 | hop0: 0.0655 | hop1: 0.1411 | hop2: 0.1689
[heterogeneous_het_certainty_seed4042] step 330/390 trained 36/36 | hop0: 0.0907 | hop1: 0.1214 | hop2: 0.1528
[heterogeneous_het_certainty_seed4042] step 340/390 trained 36/36 | hop0: 0.1644 | hop1: 0.1048 | hop2: 0.0556
[heterogeneous_het_certainty_seed4042] step 350/390 trained 36/36 | hop0: 0.1511 | hop1: 0.1037 | hop2: 0.0560
[heterogeneous_het_certainty_seed4042] step 360/390 trained 36/36 | hop0: 0.1688 | hop1: 0.1214
[heterogeneous_het_certainty_seed4042] step 370/390 trained 36/36 | hop0: 0.1360 | hop1: 0.1128 | hop2: 0.1210
[heterogeneous_het_certainty_seed4042] step 380/390 trained 36/36 | hop0: 0.0730 | hop1: 0.1415 | hop2: 0.1751
[heterogeneous_het_certainty_seed4042] mean MSE (last 50 steps): 0.0925 | cert-MSE r=-0.573
[heterogeneous_het_certainty_seed4042] per-variant whole-run MSE: narrow=0.1142, baseline=0.1009, wide=0.2163
[heterogeneous_het_certainty_seed4042] saved runs\chapter5_v2\s5_6_het_fon\certainty\het_certainty_seed4042\figures\results.png

### heterogeneous/het_certainty_seed4042: last50=0.0925 whole_run=0.1062 r(new)=-0.5283+/-0.0737
    variant_mse: {'narrow': {'whole_run': 0.11424178779832819, 'last50': 0.09291946136821792}, 'baseline': {'whole_run': 0.10087655741972086, 'last50': 0.07719539373909283}, 'wide': {'whole_run': 0.21629669816812166, 'last50': 0.16142299626964096}}

>>> [11/40] nig_product seed 42 -> runs/chapter5_v2/s5_6_het_fon/nig_product  (elapsed 71.9 min)
[het] node variants: {'narrow': 12, 'baseline': 12, 'wide': 12}
[heterogeneous_het_nig_product] nodes=36 coverage max=9 mode=nig_product steps=390
[heterogeneous_het_nig_product] step 000/390 trained 36/36 | hop0: 0.1445 | hop1: 0.1346
[heterogeneous_het_nig_product] step 010/390 trained 36/36 | hop0: 0.1206 | hop1: 0.1324
[heterogeneous_het_nig_product] step 020/390 trained 36/36 | hop0: 0.1269 | hop1: 0.1240 | hop2: 0.2166
[heterogeneous_het_nig_product] step 030/390 trained 36/36 | hop0: 0.0960 | hop1: 0.1221 | hop2: 0.0939
[heterogeneous_het_nig_product] step 040/390 trained 36/36 | hop0: 0.0814 | hop1: 0.1234 | hop2: 0.0852
[heterogeneous_het_nig_product] step 050/390 trained 36/36 | hop0: 0.0970 | hop1: 0.1121 | hop2: 0.0636
[heterogeneous_het_nig_product] step 060/390 trained 36/36 | hop0: 0.0593 | hop1: 0.1229 | hop2: 0.0661
[heterogeneous_het_nig_product] step 070/390 trained 36/36 | hop0: 0.0485 | hop1: 0.1040 | hop2: 0.0600
[heterogeneous_het_nig_product] step 080/390 trained 36/36 | hop0: 0.0504 | hop1: 0.0885 | hop2: 0.0578
[heterogeneous_het_nig_product] step 090/390 trained 36/36 | hop0: 0.0285 | hop1: 0.0718
[heterogeneous_het_nig_product] step 100/390 trained 36/36 | hop0: 0.0276 | hop1: 0.0703 | hop2: 0.0643
[heterogeneous_het_nig_product] step 110/390 trained 36/36 | hop0: 0.0188 | hop1: 0.0408 | hop2: 0.1009
[heterogeneous_het_nig_product] step 120/390 trained 36/36 | hop0: 0.0212 | hop1: 0.0648 | hop2: 0.0999
[heterogeneous_het_nig_product] step 130/390 trained 36/36 | hop0: 0.0210 | hop1: 0.0664 | hop2: 0.1773
[heterogeneous_het_nig_product] step 140/390 trained 36/36 | hop0: 0.0102 | hop1: 0.0520 | hop2: 0.0886
[heterogeneous_het_nig_product] step 150/390 trained 36/36 | hop0: 0.0134 | hop1: 0.0274 | hop2: 0.0904
[heterogeneous_het_nig_product] step 160/390 trained 36/36 | hop0: 0.0104 | hop1: 0.0286 | hop2: 0.0817
[heterogeneous_het_nig_product] step 170/390 trained 36/36 | hop0: 0.0090 | hop1: 0.0323 | hop2: 0.0385
[heterogeneous_het_nig_product] step 180/390 trained 36/36 | hop0: 0.0135 | hop1: 0.0160 | hop2: 0.0487
[heterogeneous_het_nig_product] step 190/390 trained 36/36 | hop0: 0.0059 | hop1: 0.0181 | hop2: 0.0373
[heterogeneous_het_nig_product] step 200/390 trained 36/36 | hop0: 0.0088 | hop1: 0.0124 | hop2: 0.0470
[heterogeneous_het_nig_product] step 210/390 trained 36/36 | hop0: 0.0076 | hop1: 0.0076 | hop2: 0.0199
[heterogeneous_het_nig_product] step 220/390 trained 36/36 | hop0: 0.0094 | hop1: 0.0129
[heterogeneous_het_nig_product] step 230/390 trained 36/36 | hop0: 0.0078 | hop1: 0.0111 | hop2: 0.0211
[heterogeneous_het_nig_product] step 240/390 trained 36/36 | hop0: 0.0108 | hop1: 0.0096 | hop2: 0.0272
[heterogeneous_het_nig_product] step 250/390 trained 36/36 | hop0: 0.0084 | hop1: 0.0124 | hop2: 0.0079
[heterogeneous_het_nig_product] step 260/390 trained 36/36 | hop0: 0.0143 | hop1: 0.0120
[heterogeneous_het_nig_product] step 270/390 trained 36/36 | hop0: 0.0133 | hop1: 0.0113 | hop2: 0.0047
[heterogeneous_het_nig_product] step 280/390 trained 36/36 | hop0: 0.0123 | hop1: 0.0169
[heterogeneous_het_nig_product] step 290/390 trained 36/36 | hop0: 0.0160 | hop1: 0.0121 | hop2: 0.0218
[heterogeneous_het_nig_product] step 300/390 trained 36/36 | hop0: 0.0191 | hop1: 0.0083 | hop2: 0.0150
[heterogeneous_het_nig_product] step 310/390 trained 36/36 | hop0: 0.0148 | hop1: 0.0121 | hop2: 0.0017
[heterogeneous_het_nig_product] step 320/390 trained 36/36 | hop0: 0.0175 | hop1: 0.0117 | hop2: 0.0016
[heterogeneous_het_nig_product] step 330/390 trained 36/36 | hop0: 0.0130 | hop1: 0.0152 | hop2: 0.0014
[heterogeneous_het_nig_product] step 340/390 trained 36/36 | hop0: 0.0106 | hop1: 0.0087
[heterogeneous_het_nig_product] step 350/390 trained 36/36 | hop0: 0.0157 | hop1: 0.0117 | hop2: 0.0071
[heterogeneous_het_nig_product] step 360/390 trained 36/36 | hop0: 0.0097 | hop1: 0.0119 | hop2: 0.0251
[heterogeneous_het_nig_product] step 370/390 trained 36/36 | hop0: 0.0066 | hop1: 0.0096 | hop2: 0.0204
[heterogeneous_het_nig_product] step 380/390 trained 36/36 | hop0: 0.0126 | hop1: 0.0148 | hop2: 0.0218
[heterogeneous_het_nig_product] mean MSE (last 50 steps): 0.0124 | cert-MSE r=-0.374
[heterogeneous_het_nig_product] per-variant whole-run MSE: wide=0.0454, baseline=0.0417, narrow=0.0397
[heterogeneous_het_nig_product] saved runs\chapter5_v2\s5_6_het_fon\nig_product\het_nig_product\figures\results.png

### heterogeneous/het_nig_product: last50=0.0124 whole_run=0.0309 r(new)=-0.4109+/-0.2100
    variant_mse: {'wide': {'whole_run': 0.045356119080038386, 'last50': 0.01987741358131466}, 'baseline': {'whole_run': 0.0416593293531986, 'last50': 0.016172927445828687}, 'narrow': {'whole_run': 0.03972295830313104, 'last50': 0.033218342692041235}}
    disagreement_stats: {'n_events': 278483, 'n_contributors_mean': 3.359468980153187, 'spread_std_mean': 0.07495898409946157, 'spread_std_median': 0.0362218874833586, 'spread_std_p90': 0.21061585545539907, 'spread_range_mean': 0.17889750813129912, 'spread_range_median': 0.08649539947509766, 'spread_range_p90': 0.49295495748520074, 'frac_range_lt_0p01': 0.04806756606327855, 'nu_std_mean': 0.023836837890105808, 'nu_std_median': 0.022009952950275337, 'nu_std_p90': 0.04426294875428178, 'nu_range_mean': 0.057734102288079014, 'nu_range_median': 0.052368227392435074, 'nu_range_p90': 0.11195470094680793, 'nu_cv_mean': 0.20402380148563862, 'nu_cv_median': 0.16731770021155848, 'nu_cv_p90': 0.42099854975819295, 'max_weight_mean': 0.4220778908184776, 'max_weight_median': 0.4010284402146812, 'max_weight_p90': 0.6008561082163351, 'max_weight_minus_uniform_mean': 0.07557318411072432, 'max_weight_minus_uniform_median': 0.05880040824785748, 'max_weight_minus_uniform_p90': 0.1608089417784455, 'gamma_star_vs_unweighted_absdiff_mean': 0.011562017412321107, 'gamma_star_vs_unweighted_absdiff_median': 0.0035114967889529267, 'gamma_star_vs_unweighted_absdiff_p90': 0.02771347791419241}

>>> [12/40] nig_product seed 1042 -> runs/chapter5_v2/s5_6_het_fon/nig_product  (elapsed 79.3 min)
[het] node variants: {'narrow': 12, 'baseline': 12, 'wide': 12}
[heterogeneous_het_nig_product_seed1042] nodes=36 coverage max=9 mode=nig_product steps=390
[heterogeneous_het_nig_product_seed1042] step 000/390 trained 36/36 | hop0: 0.1268 | hop1: 0.1571
[heterogeneous_het_nig_product_seed1042] step 010/390 trained 36/36 | hop0: 0.1135 | hop1: 0.1428 | hop2: 0.3242
[heterogeneous_het_nig_product_seed1042] step 020/390 trained 36/36 | hop0: 0.1250 | hop1: 0.1275
[heterogeneous_het_nig_product_seed1042] step 030/390 trained 36/36 | hop0: 0.1058 | hop1: 0.1433 | hop2: 0.2464
[heterogeneous_het_nig_product_seed1042] step 040/390 trained 36/36 | hop0: 0.0830 | hop1: 0.1208 | hop2: 0.2786
[heterogeneous_het_nig_product_seed1042] step 050/390 trained 36/36 | hop0: 0.0707 | hop1: 0.1033 | hop2: 0.2124
[heterogeneous_het_nig_product_seed1042] step 060/390 trained 36/36 | hop0: 0.0694 | hop1: 0.0760 | hop2: 0.1891
[heterogeneous_het_nig_product_seed1042] step 070/390 trained 36/36 | hop0: 0.0407 | hop1: 0.0833 | hop2: 0.1269
[heterogeneous_het_nig_product_seed1042] step 080/390 trained 36/36 | hop0: 0.0501 | hop1: 0.0849 | hop2: 0.1840
[heterogeneous_het_nig_product_seed1042] step 090/390 trained 36/36 | hop0: 0.0289 | hop1: 0.0745 | hop2: 0.2117
[heterogeneous_het_nig_product_seed1042] step 100/390 trained 36/36 | hop0: 0.0230 | hop1: 0.0785
[heterogeneous_het_nig_product_seed1042] step 110/390 trained 36/36 | hop0: 0.0172 | hop1: 0.0437 | hop2: 0.1410
[heterogeneous_het_nig_product_seed1042] step 120/390 trained 36/36 | hop0: 0.0271 | hop1: 0.0849 | hop2: 0.0319
[heterogeneous_het_nig_product_seed1042] step 130/390 trained 36/36 | hop0: 0.0270 | hop1: 0.0542 | hop2: 0.0586
[heterogeneous_het_nig_product_seed1042] step 140/390 trained 36/36 | hop0: 0.0714 | hop1: 0.0424 | hop2: 0.0363
[heterogeneous_het_nig_product_seed1042] step 150/390 trained 36/36 | hop0: 0.0351 | hop1: 0.0505 | hop2: 0.0263
[heterogeneous_het_nig_product_seed1042] step 160/390 trained 36/36 | hop0: 0.0093 | hop1: 0.0605 | hop2: 0.0373
[heterogeneous_het_nig_product_seed1042] step 170/390 trained 36/36 | hop0: 0.0067 | hop1: 0.0328 | hop2: 0.1637
[heterogeneous_het_nig_product_seed1042] step 180/390 trained 36/36 | hop0: 0.0080 | hop1: 0.0370 | hop2: 0.1793
[heterogeneous_het_nig_product_seed1042] step 190/390 trained 36/36 | hop0: 0.0299 | hop1: 0.0439
[heterogeneous_het_nig_product_seed1042] step 200/390 trained 36/36 | hop0: 0.0335 | hop1: 0.0400 | hop2: 0.0135
[heterogeneous_het_nig_product_seed1042] step 210/390 trained 36/36 | hop0: 0.0106 | hop1: 0.0439
[heterogeneous_het_nig_product_seed1042] step 220/390 trained 36/36 | hop0: 0.0097 | hop1: 0.0352 | hop2: 0.1971
[heterogeneous_het_nig_product_seed1042] step 230/390 trained 36/36 | hop0: 0.0111 | hop1: 0.0383 | hop2: 0.0489
[heterogeneous_het_nig_product_seed1042] step 240/390 trained 36/36 | hop0: 0.0109 | hop1: 0.0336 | hop2: 0.0528
[heterogeneous_het_nig_product_seed1042] step 250/390 trained 36/36 | hop0: 0.0090 | hop1: 0.0304 | hop2: 0.1221
[heterogeneous_het_nig_product_seed1042] step 260/390 trained 36/36 | hop0: 0.0217 | hop1: 0.0363 | hop2: 0.1370
[heterogeneous_het_nig_product_seed1042] step 270/390 trained 36/36 | hop0: 0.0326 | hop1: 0.0345
[heterogeneous_het_nig_product_seed1042] step 280/390 trained 36/36 | hop0: 0.0258 | hop1: 0.0244
[heterogeneous_het_nig_product_seed1042] step 290/390 trained 36/36 | hop0: 0.0200 | hop1: 0.0315
[heterogeneous_het_nig_product_seed1042] step 300/390 trained 36/36 | hop0: 0.0350 | hop1: 0.0232 | hop2: 0.0037
[heterogeneous_het_nig_product_seed1042] step 310/390 trained 36/36 | hop0: 0.0032 | hop1: 0.0203 | hop2: 0.0560
[heterogeneous_het_nig_product_seed1042] step 320/390 trained 36/36 | hop0: 0.0072 | hop1: 0.0232 | hop2: 0.1197
[heterogeneous_het_nig_product_seed1042] step 330/390 trained 36/36 | hop0: 0.0061 | hop1: 0.0193 | hop2: 0.0792
[heterogeneous_het_nig_product_seed1042] step 340/390 trained 36/36 | hop0: 0.0061 | hop1: 0.0144 | hop2: 0.0410
[heterogeneous_het_nig_product_seed1042] step 350/390 trained 36/36 | hop0: 0.0031 | hop1: 0.0173 | hop2: 0.0513
[heterogeneous_het_nig_product_seed1042] step 360/390 trained 36/36 | hop0: 0.0031 | hop1: 0.0232 | hop2: 0.0552
[heterogeneous_het_nig_product_seed1042] step 370/390 trained 36/36 | hop0: 0.0065 | hop1: 0.0373 | hop2: 0.0947
[heterogeneous_het_nig_product_seed1042] step 380/390 trained 36/36 | hop0: 0.0116 | hop1: 0.0329 | hop2: 0.0776
[heterogeneous_het_nig_product_seed1042] mean MSE (last 50 steps): 0.0209 | cert-MSE r=-0.588
[heterogeneous_het_nig_product_seed1042] per-variant whole-run MSE: narrow=0.0490, baseline=0.0254, wide=0.0850
[heterogeneous_het_nig_product_seed1042] saved runs\chapter5_v2\s5_6_het_fon\nig_product\het_nig_product_seed1042\figures\results.png

### heterogeneous/het_nig_product_seed1042: last50=0.0209 whole_run=0.0380 r(new)=-0.5503+/-0.1291
    variant_mse: {'narrow': {'whole_run': 0.04900641253595563, 'last50': 0.028139441576924214}, 'baseline': {'whole_run': 0.025353398034848346, 'last50': 0.0085672142697386}, 'wide': {'whole_run': 0.08499742952821306, 'last50': 0.04164770077146349}}
    disagreement_stats: {'n_events': 273512, 'n_contributors_mean': 3.3666712977858375, 'spread_std_mean': 0.07791687079822858, 'spread_std_median': 0.031162451187122058, 'spread_std_p90': 0.2646276250807568, 'spread_range_mean': 0.18376699320186843, 'spread_range_median': 0.07457274198532104, 'spread_range_p90': 0.6165004312992095, 'frac_range_lt_0p01': 0.05585495334756793, 'nu_std_mean': 0.027591026773817508, 'nu_std_median': 0.025805076439108766, 'nu_std_p90': 0.05076754179165023, 'nu_range_mean': 0.06578060972987286, 'nu_range_median': 0.060374483466148376, 'nu_range_p90': 0.12517695128917694, 'nu_cv_mean': 0.24030839887626287, 'nu_cv_median': 0.1694578548531734, 'nu_cv_p90': 0.5727510897347695, 'max_weight_mean': 0.43514963901300446, 'max_weight_median': 0.4075967478376489, 'max_weight_p90': 0.6254868150481266, 'max_weight_minus_uniform_mean': 0.08928422299225706, 'max_weight_minus_uniform_median': 0.05901876302587378, 'max_weight_minus_uniform_p90': 0.1999366881987534, 'gamma_star_vs_unweighted_absdiff_mean': 0.0178449559033149, 'gamma_star_vs_unweighted_absdiff_median': 0.003140213131947219, 'gamma_star_vs_unweighted_absdiff_p90': 0.048022166477250224}

>>> [13/40] nig_product seed 2042 -> runs/chapter5_v2/s5_6_het_fon/nig_product  (elapsed 87.2 min)
[het] node variants: {'narrow': 12, 'baseline': 12, 'wide': 12}
[heterogeneous_het_nig_product_seed2042] nodes=36 coverage max=9 mode=nig_product steps=390
[heterogeneous_het_nig_product_seed2042] step 000/390 trained 36/36 | hop0: 0.1383 | hop1: 0.1260 | hop2: 0.1287
[heterogeneous_het_nig_product_seed2042] step 010/390 trained 36/36 | hop0: 0.1278 | hop1: 0.1510 | hop2: 0.1374
[heterogeneous_het_nig_product_seed2042] step 020/390 trained 36/36 | hop0: 0.0979 | hop1: 0.1109 | hop2: 0.1818
[heterogeneous_het_nig_product_seed2042] step 030/390 trained 36/36 | hop0: 0.0843 | hop1: 0.1221 | hop2: 0.1740
[heterogeneous_het_nig_product_seed2042] step 040/390 trained 36/36 | hop0: 0.0561 | hop1: 0.1158 | hop2: 0.2013
[heterogeneous_het_nig_product_seed2042] step 050/390 trained 36/36 | hop0: 0.0598 | hop1: 0.1010 | hop2: 0.1902 | hop3: 0.1994
[heterogeneous_het_nig_product_seed2042] step 060/390 trained 36/36 | hop0: 0.1041 | hop1: 0.0828 | hop2: 0.1915
[heterogeneous_het_nig_product_seed2042] step 070/390 trained 36/36 | hop0: 0.0567 | hop1: 0.0940 | hop2: 0.1981
[heterogeneous_het_nig_product_seed2042] step 080/390 trained 36/36 | hop0: 0.0410 | hop1: 0.0758 | hop2: 0.1411
[heterogeneous_het_nig_product_seed2042] step 090/390 trained 36/36 | hop0: 0.0441 | hop1: 0.0702 | hop2: 0.1554
[heterogeneous_het_nig_product_seed2042] step 100/390 trained 36/36 | hop0: 0.0389 | hop1: 0.0582 | hop2: 0.1629
[heterogeneous_het_nig_product_seed2042] step 110/390 trained 36/36 | hop0: 0.0466 | hop1: 0.0690 | hop2: 0.2447
[heterogeneous_het_nig_product_seed2042] step 120/390 trained 36/36 | hop0: 0.0345 | hop1: 0.0938
[heterogeneous_het_nig_product_seed2042] step 130/390 trained 36/36 | hop0: 0.0546 | hop1: 0.0709 | hop2: 0.1980
[heterogeneous_het_nig_product_seed2042] step 140/390 trained 36/36 | hop0: 0.0691 | hop1: 0.0703 | hop2: 0.2241
[heterogeneous_het_nig_product_seed2042] step 150/390 trained 36/36 | hop0: 0.0279 | hop1: 0.0530 | hop2: 0.1492
[heterogeneous_het_nig_product_seed2042] step 160/390 trained 36/36 | hop0: 0.0322 | hop1: 0.0526 | hop2: 0.1759
[heterogeneous_het_nig_product_seed2042] step 170/390 trained 36/36 | hop0: 0.0410 | hop1: 0.0408 | hop2: 0.2009
[heterogeneous_het_nig_product_seed2042] step 180/390 trained 36/36 | hop0: 0.0263 | hop1: 0.0488 | hop2: 0.1399
[heterogeneous_het_nig_product_seed2042] step 190/390 trained 36/36 | hop0: 0.0156 | hop1: 0.0470 | hop2: 0.1523
[heterogeneous_het_nig_product_seed2042] step 200/390 trained 36/36 | hop0: 0.0122 | hop1: 0.0637
[heterogeneous_het_nig_product_seed2042] step 210/390 trained 36/36 | hop0: 0.0111 | hop1: 0.0526
[heterogeneous_het_nig_product_seed2042] step 220/390 trained 36/36 | hop0: 0.0085 | hop1: 0.0238 | hop2: 0.0902
[heterogeneous_het_nig_product_seed2042] step 230/390 trained 36/36 | hop0: 0.0087 | hop1: 0.0326 | hop2: 0.0958
[heterogeneous_het_nig_product_seed2042] step 240/390 trained 36/36 | hop0: 0.0084 | hop1: 0.0388 | hop2: 0.1409
[heterogeneous_het_nig_product_seed2042] step 250/390 trained 36/36 | hop0: 0.0136 | hop1: 0.0280 | hop2: 0.0929
[heterogeneous_het_nig_product_seed2042] step 260/390 trained 36/36 | hop0: 0.0326 | hop1: 0.0218 | hop2: 0.0752
[heterogeneous_het_nig_product_seed2042] step 270/390 trained 36/36 | hop0: 0.0138 | hop1: 0.0271 | hop2: 0.0516 | hop3: 0.1151
[heterogeneous_het_nig_product_seed2042] step 280/390 trained 36/36 | hop0: 0.0117 | hop1: 0.0230 | hop2: 0.0778
[heterogeneous_het_nig_product_seed2042] step 290/390 trained 36/36 | hop0: 0.0046 | hop1: 0.0257 | hop2: 0.0828
[heterogeneous_het_nig_product_seed2042] step 300/390 trained 36/36 | hop0: 0.0054 | hop1: 0.0165 | hop2: 0.0493 | hop3: 0.0833
[heterogeneous_het_nig_product_seed2042] step 310/390 trained 36/36 | hop0: 0.0114 | hop1: 0.0174 | hop2: 0.0457 | hop3: 0.1273
[heterogeneous_het_nig_product_seed2042] step 320/390 trained 36/36 | hop0: 0.0078 | hop1: 0.0134 | hop2: 0.0330
[heterogeneous_het_nig_product_seed2042] step 330/390 trained 36/36 | hop0: 0.0064 | hop1: 0.0093 | hop2: 0.0227 | hop3: 0.0662
[heterogeneous_het_nig_product_seed2042] step 340/390 trained 36/36 | hop0: 0.0034 | hop1: 0.0162 | hop2: 0.0483 | hop3: 0.0513
[heterogeneous_het_nig_product_seed2042] step 350/390 trained 36/36 | hop0: 0.0105 | hop1: 0.0200 | hop2: 0.0534 | hop3: 0.1196
[heterogeneous_het_nig_product_seed2042] step 360/390 trained 36/36 | hop0: 0.0217 | hop1: 0.0161 | hop2: 0.0942
[heterogeneous_het_nig_product_seed2042] step 370/390 trained 36/36 | hop0: 0.0149 | hop1: 0.0222 | hop2: 0.1021
[heterogeneous_het_nig_product_seed2042] step 380/390 trained 36/36 | hop0: 0.0144 | hop1: 0.0185 | hop2: 0.0497
[heterogeneous_het_nig_product_seed2042] mean MSE (last 50 steps): 0.0236 | cert-MSE r=-0.714
[heterogeneous_het_nig_product_seed2042] per-variant whole-run MSE: narrow=0.0639, baseline=0.0483, wide=0.0659
[heterogeneous_het_nig_product_seed2042] saved runs\chapter5_v2\s5_6_het_fon\nig_product\het_nig_product_seed2042\figures\results.png

### heterogeneous/het_nig_product_seed2042: last50=0.0236 whole_run=0.0427 r(new)=-0.6152+/-0.0647
    variant_mse: {'narrow': {'whole_run': 0.06389570221998342, 'last50': 0.03558690540585941}, 'baseline': {'whole_run': 0.048331281192983785, 'last50': 0.010757364909120666}, 'wide': {'whole_run': 0.06585238865501715, 'last50': 0.01645622861482933}}
    disagreement_stats: {'n_events': 289212, 'n_contributors_mean': 3.3331189577195968, 'spread_std_mean': 0.06943768782150328, 'spread_std_median': 0.02931571832265962, 'spread_std_p90': 0.220506969651134, 'spread_range_mean': 0.16453960325256992, 'spread_range_median': 0.06999807059764862, 'spread_range_p90': 0.5100765749812126, 'frac_range_lt_0p01': 0.05980042321895357, 'nu_std_mean': 0.021578896178306724, 'nu_std_median': 0.018495208295231373, 'nu_std_p90': 0.043095646736952334, 'nu_range_mean': 0.05198929721956983, 'nu_range_median': 0.043344102799892426, 'nu_range_p90': 0.10805414798669516, 'nu_cv_mean': 0.2194888389666828, 'nu_cv_median': 0.15479560459656133, 'nu_cv_p90': 0.5221118794271307, 'max_weight_mean': 0.4310050166279373, 'max_weight_median': 0.40072612896491067, 'max_weight_p90': 0.6163001723435212, 'max_weight_minus_uniform_mean': 0.08234165351911546, 'max_weight_minus_uniform_median': 0.055251134834759796, 'max_weight_minus_uniform_p90': 0.18919355837983728, 'gamma_star_vs_unweighted_absdiff_mean': 0.013432567505075791, 'gamma_star_vs_unweighted_absdiff_median': 0.0027428732289841024, 'gamma_star_vs_unweighted_absdiff_p90': 0.03148824589408648}

>>> [14/40] nig_product seed 3042 -> runs/chapter5_v2/s5_6_het_fon/nig_product  (elapsed 94.4 min)
[het] node variants: {'narrow': 12, 'baseline': 12, 'wide': 12}
[heterogeneous_het_nig_product_seed3042] nodes=36 coverage max=9 mode=nig_product steps=390
[heterogeneous_het_nig_product_seed3042] step 000/390 trained 36/36 | hop0: 0.1582 | hop1: 0.1235 | hop2: 0.1578
[heterogeneous_het_nig_product_seed3042] step 010/390 trained 36/36 | hop0: 0.1254 | hop1: 0.1495
[heterogeneous_het_nig_product_seed3042] step 020/390 trained 36/36 | hop0: 0.1122 | hop1: 0.1352
[heterogeneous_het_nig_product_seed3042] step 030/390 trained 36/36 | hop0: 0.1291 | hop1: 0.1391
[heterogeneous_het_nig_product_seed3042] step 040/390 trained 36/36 | hop0: 0.1110 | hop1: 0.1328
[heterogeneous_het_nig_product_seed3042] step 050/390 trained 36/36 | hop0: 0.1038 | hop1: 0.1021 | hop2: 0.0582
[heterogeneous_het_nig_product_seed3042] step 060/390 trained 36/36 | hop0: 0.1418 | hop1: 0.0913 | hop2: 0.0474
[heterogeneous_het_nig_product_seed3042] step 070/390 trained 36/36 | hop0: 0.0711 | hop1: 0.0908 | hop2: 0.0792
[heterogeneous_het_nig_product_seed3042] step 080/390 trained 36/36 | hop0: 0.0407 | hop1: 0.0864 | hop2: 0.1244
[heterogeneous_het_nig_product_seed3042] step 090/390 trained 36/36 | hop0: 0.0493 | hop1: 0.0658 | hop2: 0.1009 | hop3: 0.0743
[heterogeneous_het_nig_product_seed3042] step 100/390 trained 36/36 | hop0: 0.0542 | hop1: 0.0455 | hop2: 0.1061
[heterogeneous_het_nig_product_seed3042] step 110/390 trained 36/36 | hop0: 0.0530 | hop1: 0.0624 | hop2: 0.0658
[heterogeneous_het_nig_product_seed3042] step 120/390 trained 36/36 | hop0: 0.0438 | hop1: 0.0729 | hop2: 0.0351
[heterogeneous_het_nig_product_seed3042] step 130/390 trained 36/36 | hop0: 0.0683 | hop1: 0.0490 | hop2: 0.0448
[heterogeneous_het_nig_product_seed3042] step 140/390 trained 36/36 | hop0: 0.0719 | hop1: 0.0293 | hop2: 0.0245
[heterogeneous_het_nig_product_seed3042] step 150/390 trained 36/36 | hop0: 0.0661 | hop1: 0.0205 | hop2: 0.0036
[heterogeneous_het_nig_product_seed3042] step 160/390 trained 36/36 | hop0: 0.0807 | hop1: 0.0242 | hop2: 0.0182
[heterogeneous_het_nig_product_seed3042] step 170/390 trained 36/36 | hop0: 0.0627 | hop1: 0.0142 | hop2: 0.0190
[heterogeneous_het_nig_product_seed3042] step 180/390 trained 36/36 | hop0: 0.0824 | hop1: 0.0108
[heterogeneous_het_nig_product_seed3042] step 190/390 trained 36/36 | hop0: 0.0514 | hop1: 0.0151
[heterogeneous_het_nig_product_seed3042] step 200/390 trained 36/36 | hop0: 0.0130 | hop1: 0.0397
[heterogeneous_het_nig_product_seed3042] step 210/390 trained 36/36 | hop0: 0.0112 | hop1: 0.0332 | hop2: 0.0152
[heterogeneous_het_nig_product_seed3042] step 220/390 trained 36/36 | hop0: 0.0055 | hop1: 0.0259 | hop2: 0.0414
[heterogeneous_het_nig_product_seed3042] step 230/390 trained 36/36 | hop0: 0.0168 | hop1: 0.0203 | hop2: 0.0223
[heterogeneous_het_nig_product_seed3042] step 240/390 trained 36/36 | hop0: 0.0345 | hop1: 0.0161 | hop2: 0.0464
[heterogeneous_het_nig_product_seed3042] step 250/390 trained 36/36 | hop0: 0.0297 | hop1: 0.0168 | hop2: 0.0614
[heterogeneous_het_nig_product_seed3042] step 260/390 trained 36/36 | hop0: 0.0287 | hop1: 0.0318 | hop2: 0.0865
[heterogeneous_het_nig_product_seed3042] step 270/390 trained 36/36 | hop0: 0.0173 | hop1: 0.0360 | hop2: 0.0575
[heterogeneous_het_nig_product_seed3042] step 280/390 trained 36/36 | hop0: 0.0039 | hop1: 0.0220 | hop2: 0.0268
[heterogeneous_het_nig_product_seed3042] step 290/390 trained 36/36 | hop0: 0.0062 | hop1: 0.0159
[heterogeneous_het_nig_product_seed3042] step 300/390 trained 36/36 | hop0: 0.0070 | hop1: 0.0205 | hop2: 0.0194
[heterogeneous_het_nig_product_seed3042] step 310/390 trained 36/36 | hop0: 0.0057 | hop1: 0.0206 | hop2: 0.0217
[heterogeneous_het_nig_product_seed3042] step 320/390 trained 36/36 | hop0: 0.0043 | hop1: 0.0089 | hop2: 0.0195
[heterogeneous_het_nig_product_seed3042] step 330/390 trained 36/36 | hop0: 0.0103 | hop1: 0.0126
[heterogeneous_het_nig_product_seed3042] step 340/390 trained 36/36 | hop0: 0.0055 | hop1: 0.0123
[heterogeneous_het_nig_product_seed3042] step 350/390 trained 36/36 | hop0: 0.0141 | hop1: 0.0131 | hop2: 0.0097
[heterogeneous_het_nig_product_seed3042] step 360/390 trained 36/36 | hop0: 0.0114 | hop1: 0.0186 | hop2: 0.0185
[heterogeneous_het_nig_product_seed3042] step 370/390 trained 36/36 | hop0: 0.0128 | hop1: 0.0256
[heterogeneous_het_nig_product_seed3042] step 380/390 trained 36/36 | hop0: 0.0076 | hop1: 0.0240 | hop2: 0.0302
[heterogeneous_het_nig_product_seed3042] mean MSE (last 50 steps): 0.0140 | cert-MSE r=-0.267
[heterogeneous_het_nig_product_seed3042] per-variant whole-run MSE: wide=0.0629, baseline=0.0311, narrow=0.0516
[heterogeneous_het_nig_product_seed3042] saved runs\chapter5_v2\s5_6_het_fon\nig_product\het_nig_product_seed3042\figures\results.png

### heterogeneous/het_nig_product_seed3042: last50=0.0140 whole_run=0.0334 r(new)=-0.2992+/-0.1876
    variant_mse: {'wide': {'whole_run': 0.06290501729672843, 'last50': 0.030818106918899458}, 'baseline': {'whole_run': 0.0311035747555739, 'last50': 0.014542184495366683}, 'narrow': {'whole_run': 0.05156315958674589, 'last50': 0.02762872986890732}}
    disagreement_stats: {'n_events': 272913, 'n_contributors_mean': 3.3730822643113374, 'spread_std_mean': 0.07165287766893641, 'spread_std_median': 0.029554332997614206, 'spread_std_p90': 0.23581341350281676, 'spread_range_mean': 0.16970511335063806, 'spread_range_median': 0.07093311846256256, 'spread_range_p90': 0.5478445529937747, 'frac_range_lt_0p01': 0.06064936444947657, 'nu_std_mean': 0.020790525657029105, 'nu_std_median': 0.01924837269252197, 'nu_std_p90': 0.03770899170586812, 'nu_range_mean': 0.05029163740913882, 'nu_range_median': 0.04567450284957886, 'nu_range_p90': 0.09451840072870255, 'nu_cv_mean': 0.16476673466743805, 'nu_cv_median': 0.13719549471981368, 'nu_cv_p90': 0.3152379599967263, 'max_weight_mean': 0.4062956683106443, 'max_weight_median': 0.3848855074639682, 'max_weight_p90': 0.5777446867991541, 'max_weight_minus_uniform_mean': 0.06097885009559483, 'max_weight_minus_uniform_median': 0.0489644755009806, 'max_weight_minus_uniform_p90': 0.11856375430740095, 'gamma_star_vs_unweighted_absdiff_mean': 0.01093909502733105, 'gamma_star_vs_unweighted_absdiff_median': 0.0022923084466157165, 'gamma_star_vs_unweighted_absdiff_p90': 0.02775897037072786}

>>> [15/40] nig_product seed 4042 -> runs/chapter5_v2/s5_6_het_fon/nig_product  (elapsed 102.1 min)
[het] node variants: {'narrow': 12, 'baseline': 12, 'wide': 12}
[heterogeneous_het_nig_product_seed4042] nodes=36 coverage max=9 mode=nig_product steps=390
[heterogeneous_het_nig_product_seed4042] step 000/390 trained 36/36 | hop0: 0.1193 | hop1: 0.1360 | hop2: 0.1419
[heterogeneous_het_nig_product_seed4042] step 010/390 trained 36/36 | hop0: 0.1021 | hop1: 0.1481
[heterogeneous_het_nig_product_seed4042] step 020/390 trained 36/36 | hop0: 0.1012 | hop1: 0.1385 | hop2: 0.2453
[heterogeneous_het_nig_product_seed4042] step 030/390 trained 36/36 | hop0: 0.0976 | hop1: 0.1455 | hop2: 0.2070
[heterogeneous_het_nig_product_seed4042] step 040/390 trained 36/36 | hop0: 0.1210 | hop1: 0.1408 | hop2: 0.1903
[heterogeneous_het_nig_product_seed4042] step 050/390 trained 36/36 | hop0: 0.1033 | hop1: 0.1592 | hop2: 0.2257
[heterogeneous_het_nig_product_seed4042] step 060/390 trained 36/36 | hop0: 0.1005 | hop1: 0.1174 | hop2: 0.2492
[heterogeneous_het_nig_product_seed4042] step 070/390 trained 36/36 | hop0: 0.0765 | hop1: 0.1315 | hop2: 0.2883
[heterogeneous_het_nig_product_seed4042] step 080/390 trained 36/36 | hop0: 0.0708 | hop1: 0.1142 | hop2: 0.1848
[heterogeneous_het_nig_product_seed4042] step 090/390 trained 36/36 | hop0: 0.0399 | hop1: 0.0942 | hop2: 0.2456 | hop3: 0.2860
[heterogeneous_het_nig_product_seed4042] step 100/390 trained 36/36 | hop0: 0.0561 | hop1: 0.0943 | hop2: 0.2117 | hop3: 0.2820
[heterogeneous_het_nig_product_seed4042] step 110/390 trained 36/36 | hop0: 0.0747 | hop1: 0.1079 | hop2: 0.2841
[heterogeneous_het_nig_product_seed4042] step 120/390 trained 36/36 | hop0: 0.0782 | hop1: 0.0944 | hop2: 0.2165
[heterogeneous_het_nig_product_seed4042] step 130/390 trained 36/36 | hop0: 0.1546 | hop1: 0.0705
[heterogeneous_het_nig_product_seed4042] step 140/390 trained 36/36 | hop0: 0.1367 | hop1: 0.0797 | hop2: 0.0649
[heterogeneous_het_nig_product_seed4042] step 150/390 trained 36/36 | hop0: 0.1314 | hop1: 0.0947 | hop2: 0.0616
[heterogeneous_het_nig_product_seed4042] step 160/390 trained 36/36 | hop0: 0.0699 | hop1: 0.0950 | hop2: 0.0391
[heterogeneous_het_nig_product_seed4042] step 170/390 trained 36/36 | hop0: 0.0741 | hop1: 0.0889 | hop2: 0.0295
[heterogeneous_het_nig_product_seed4042] step 180/390 trained 36/36 | hop0: 0.0708 | hop1: 0.0887 | hop2: 0.0401
[heterogeneous_het_nig_product_seed4042] step 190/390 trained 36/36 | hop0: 0.0695 | hop1: 0.0874 | hop2: 0.0413
[heterogeneous_het_nig_product_seed4042] step 200/390 trained 36/36 | hop0: 0.0658 | hop1: 0.0634 | hop2: 0.0197
[heterogeneous_het_nig_product_seed4042] step 210/390 trained 36/36 | hop0: 0.0501 | hop1: 0.0556 | hop2: 0.0202
[heterogeneous_het_nig_product_seed4042] step 220/390 trained 36/36 | hop0: 0.0567 | hop1: 0.0702 | hop2: 0.0369
[heterogeneous_het_nig_product_seed4042] step 230/390 trained 36/36 | hop0: 0.0553 | hop1: 0.0543
[heterogeneous_het_nig_product_seed4042] step 240/390 trained 36/36 | hop0: 0.0310 | hop1: 0.0736
[heterogeneous_het_nig_product_seed4042] step 250/390 trained 36/36 | hop0: 0.0121 | hop1: 0.0503 | hop2: 0.1003
[heterogeneous_het_nig_product_seed4042] step 260/390 trained 36/36 | hop0: 0.0244 | hop1: 0.0474 | hop2: 0.1791
[heterogeneous_het_nig_product_seed4042] step 270/390 trained 36/36 | hop0: 0.0076 | hop1: 0.0415 | hop2: 0.1496
[heterogeneous_het_nig_product_seed4042] step 280/390 trained 36/36 | hop0: 0.0078 | hop1: 0.0317 | hop2: 0.1244
[heterogeneous_het_nig_product_seed4042] step 290/390 trained 36/36 | hop0: 0.0070 | hop1: 0.0285 | hop2: 0.0891
[heterogeneous_het_nig_product_seed4042] step 300/390 trained 36/36 | hop0: 0.0088 | hop1: 0.0346 | hop2: 0.0961
[heterogeneous_het_nig_product_seed4042] step 310/390 trained 36/36 | hop0: 0.0144 | hop1: 0.0176 | hop2: 0.0857
[heterogeneous_het_nig_product_seed4042] step 320/390 trained 36/36 | hop0: 0.0059 | hop1: 0.0280 | hop2: 0.1053
[heterogeneous_het_nig_product_seed4042] step 330/390 trained 36/36 | hop0: 0.0083 | hop1: 0.0254 | hop2: 0.1106
[heterogeneous_het_nig_product_seed4042] step 340/390 trained 36/36 | hop0: 0.0386 | hop1: 0.0234 | hop2: 0.0022
[heterogeneous_het_nig_product_seed4042] step 350/390 trained 36/36 | hop0: 0.0447 | hop1: 0.0108 | hop2: 0.0245
[heterogeneous_het_nig_product_seed4042] step 360/390 trained 36/36 | hop0: 0.0560 | hop1: 0.0179
[heterogeneous_het_nig_product_seed4042] step 370/390 trained 36/36 | hop0: 0.0345 | hop1: 0.0283 | hop2: 0.0474
[heterogeneous_het_nig_product_seed4042] step 380/390 trained 36/36 | hop0: 0.0094 | hop1: 0.0398 | hop2: 0.0793
[heterogeneous_het_nig_product_seed4042] mean MSE (last 50 steps): 0.0181 | cert-MSE r=-0.677
[heterogeneous_het_nig_product_seed4042] per-variant whole-run MSE: narrow=0.0761, baseline=0.0510, wide=0.0981
[heterogeneous_het_nig_product_seed4042] saved runs\chapter5_v2\s5_6_het_fon\nig_product\het_nig_product_seed4042\figures\results.png

### heterogeneous/het_nig_product_seed4042: last50=0.0181 whole_run=0.0504 r(new)=-0.5508+/-0.1161
    variant_mse: {'narrow': {'whole_run': 0.07606173064266221, 'last50': 0.04745312323506028}, 'baseline': {'whole_run': 0.0509651323110203, 'last50': 0.016244583642802204}, 'wide': {'whole_run': 0.0980513621957909, 'last50': 0.03973253999274447}}
    disagreement_stats: {'n_events': 274255, 'n_contributors_mean': 3.3577801680917396, 'spread_std_mean': 0.09373905823726168, 'spread_std_median': 0.03462554677245359, 'spread_std_p90': 0.3298225452499609, 'spread_range_mean': 0.2248809341394198, 'spread_range_median': 0.08318063616752625, 'spread_range_p90': 0.786032422631979, 'frac_range_lt_0p01': 0.05144117700680024, 'nu_std_mean': 0.023199288168318146, 'nu_std_median': 0.02046651393175125, 'nu_std_p90': 0.045341523173570666, 'nu_range_mean': 0.05629932647958092, 'nu_range_median': 0.048428937792778015, 'nu_range_p90': 0.11413715779781342, 'nu_cv_mean': 0.25933835301754693, 'nu_cv_median': 0.22046084872791905, 'nu_cv_p90': 0.5316400482689386, 'max_weight_mean': 0.4452310052841296, 'max_weight_median': 0.4310720116837453, 'max_weight_p90': 0.6306076645671426, 'max_weight_minus_uniform_mean': 0.09852162550115043, 'max_weight_minus_uniform_median': 0.07934726871166553, 'max_weight_minus_uniform_p90': 0.2054500551110323, 'gamma_star_vs_unweighted_absdiff_mean': 0.01954353334798293, 'gamma_star_vs_unweighted_absdiff_median': 0.004607056549176439, 'gamma_star_vs_unweighted_absdiff_p90': 0.05545762562508838}

>>> [16/40] nig_product seed 42 -> runs/chapter5_v2/s5_6_het_fon/avgfusion  (elapsed 109.3 min)
[het] node variants: {'narrow': 12, 'baseline': 12, 'wide': 12}
[heterogeneous_het_nig_product] nodes=36 coverage max=9 mode=nig_product steps=390
[heterogeneous_het_nig_product] step 000/390 trained 36/36 | hop0: 0.1445 | hop1: 0.1344
[heterogeneous_het_nig_product] step 010/390 trained 36/36 | hop0: 0.1216 | hop1: 0.1324
[heterogeneous_het_nig_product] step 020/390 trained 36/36 | hop0: 0.1264 | hop1: 0.1277 | hop2: 0.2205
[heterogeneous_het_nig_product] step 030/390 trained 36/36 | hop0: 0.0976 | hop1: 0.1284 | hop2: 0.1116
[heterogeneous_het_nig_product] step 040/390 trained 36/36 | hop0: 0.0830 | hop1: 0.1333 | hop2: 0.1015
[heterogeneous_het_nig_product] step 050/390 trained 36/36 | hop0: 0.0975 | hop1: 0.1228 | hop2: 0.0914
[heterogeneous_het_nig_product] step 060/390 trained 36/36 | hop0: 0.0611 | hop1: 0.1349 | hop2: 0.0942
[heterogeneous_het_nig_product] step 070/390 trained 36/36 | hop0: 0.0472 | hop1: 0.1206 | hop2: 0.0905
[heterogeneous_het_nig_product] step 080/390 trained 36/36 | hop0: 0.0449 | hop1: 0.1057 | hop2: 0.1001
[heterogeneous_het_nig_product] step 090/390 trained 36/36 | hop0: 0.0331 | hop1: 0.0969
[heterogeneous_het_nig_product] step 100/390 trained 36/36 | hop0: 0.0419 | hop1: 0.0878 | hop2: 0.0929
[heterogeneous_het_nig_product] step 110/390 trained 36/36 | hop0: 0.0416 | hop1: 0.0606 | hop2: 0.0936
[heterogeneous_het_nig_product] step 120/390 trained 36/36 | hop0: 0.0419 | hop1: 0.0918 | hop2: 0.0815
[heterogeneous_het_nig_product] step 130/390 trained 36/36 | hop0: 0.0392 | hop1: 0.0851 | hop2: 0.1359
[heterogeneous_het_nig_product] step 140/390 trained 36/36 | hop0: 0.0157 | hop1: 0.0728 | hop2: 0.0674
[heterogeneous_het_nig_product] step 150/390 trained 36/36 | hop0: 0.0161 | hop1: 0.0474 | hop2: 0.0879
[heterogeneous_het_nig_product] step 160/390 trained 36/36 | hop0: 0.0141 | hop1: 0.0517 | hop2: 0.0740
[heterogeneous_het_nig_product] step 170/390 trained 36/36 | hop0: 0.0119 | hop1: 0.0496 | hop2: 0.0418
[heterogeneous_het_nig_product] step 180/390 trained 36/36 | hop0: 0.0155 | hop1: 0.0344 | hop2: 0.0612
[heterogeneous_het_nig_product] step 190/390 trained 36/36 | hop0: 0.0111 | hop1: 0.0383 | hop2: 0.0508
[heterogeneous_het_nig_product] step 200/390 trained 36/36 | hop0: 0.0102 | hop1: 0.0318 | hop2: 0.0764
[heterogeneous_het_nig_product] step 210/390 trained 36/36 | hop0: 0.0087 | hop1: 0.0193 | hop2: 0.0503
[heterogeneous_het_nig_product] step 220/390 trained 36/36 | hop0: 0.0122 | hop1: 0.0281
[heterogeneous_het_nig_product] step 230/390 trained 36/36 | hop0: 0.0098 | hop1: 0.0209 | hop2: 0.0798
[heterogeneous_het_nig_product] step 240/390 trained 36/36 | hop0: 0.0120 | hop1: 0.0213 | hop2: 0.0629
[heterogeneous_het_nig_product] step 250/390 trained 36/36 | hop0: 0.0106 | hop1: 0.0312 | hop2: 0.0228
[heterogeneous_het_nig_product] step 260/390 trained 36/36 | hop0: 0.0162 | hop1: 0.0209
[heterogeneous_het_nig_product] step 270/390 trained 36/36 | hop0: 0.0137 | hop1: 0.0181 | hop2: 0.0040
[heterogeneous_het_nig_product] step 280/390 trained 36/36 | hop0: 0.0157 | hop1: 0.0218
[heterogeneous_het_nig_product] step 290/390 trained 36/36 | hop0: 0.0200 | hop1: 0.0166 | hop2: 0.0176
[heterogeneous_het_nig_product] step 300/390 trained 36/36 | hop0: 0.0205 | hop1: 0.0136 | hop2: 0.0191
[heterogeneous_het_nig_product] step 310/390 trained 36/36 | hop0: 0.0209 | hop1: 0.0157 | hop2: 0.0072
[heterogeneous_het_nig_product] step 320/390 trained 36/36 | hop0: 0.0204 | hop1: 0.0144 | hop2: 0.0045
[heterogeneous_het_nig_product] step 330/390 trained 36/36 | hop0: 0.0164 | hop1: 0.0170 | hop2: 0.0047
[heterogeneous_het_nig_product] step 340/390 trained 36/36 | hop0: 0.0118 | hop1: 0.0117
[heterogeneous_het_nig_product] step 350/390 trained 36/36 | hop0: 0.0169 | hop1: 0.0155 | hop2: 0.0045
[heterogeneous_het_nig_product] step 360/390 trained 36/36 | hop0: 0.0121 | hop1: 0.0141 | hop2: 0.0264
[heterogeneous_het_nig_product] step 370/390 trained 36/36 | hop0: 0.0063 | hop1: 0.0128 | hop2: 0.0204
[heterogeneous_het_nig_product] step 380/390 trained 36/36 | hop0: 0.0147 | hop1: 0.0126 | hop2: 0.0174
[heterogeneous_het_nig_product] mean MSE (last 50 steps): 0.0116 | cert-MSE r=-0.561
[heterogeneous_het_nig_product] per-variant whole-run MSE: wide=0.0546, baseline=0.0503, narrow=0.0476
[heterogeneous_het_nig_product] saved runs\chapter5_v2\s5_6_het_fon\avgfusion\het_nig_product\figures\results.png

### heterogeneous/het_nig_product: last50=0.0116 whole_run=0.0353 r(new)=-0.3717+/-0.0763
    variant_mse: {'wide': {'whole_run': 0.054647032243633986, 'last50': 0.015659737801999172}, 'baseline': {'whole_run': 0.05032985684099311, 'last50': 0.011784296812915072}, 'narrow': {'whole_run': 0.04761957070295977, 'last50': 0.022066693779811245}}
    disagreement_stats: {'n_events': 278483, 'n_contributors_mean': 3.359468980153187, 'spread_std_mean': 0.09274259204281925, 'spread_std_median': 0.047846047959007626, 'spread_std_p90': 0.2877306672787649, 'spread_range_mean': 0.22156465056845434, 'spread_range_median': 0.11443504691123962, 'spread_range_p90': 0.6713772714138031, 'frac_range_lt_0p01': 0.03697173615624652, 'nu_std_mean': 0.021202776854103843, 'nu_std_median': 0.01867313965448476, 'nu_std_p90': 0.042675539717299246, 'nu_range_mean': 0.05126168385577207, 'nu_range_median': 0.04366797208786011, 'nu_range_p90': 0.1063746575266123, 'nu_cv_mean': 0.28724710318609126, 'nu_cv_median': 0.2444467720264339, 'nu_cv_p90': 0.5870238879741123, 'max_weight_mean': 0.4551875232830353, 'max_weight_median': 0.44754990447900056, 'max_weight_p90': 0.6483341739038271, 'max_weight_minus_uniform_mean': 0.1086828165752821, 'max_weight_minus_uniform_median': 0.08696081728410654, 'max_weight_minus_uniform_p90': 0.2337822213772602, 'gamma_star_vs_unweighted_absdiff_mean': 0.016601105652909454, 'gamma_star_vs_unweighted_absdiff_median': 0.0066988862295699544, 'gamma_star_vs_unweighted_absdiff_p90': 0.041778327509885665}

>>> [17/40] nig_product seed 1042 -> runs/chapter5_v2/s5_6_het_fon/avgfusion  (elapsed 116.8 min)
[het] node variants: {'narrow': 12, 'baseline': 12, 'wide': 12}
[heterogeneous_het_nig_product_seed1042] nodes=36 coverage max=9 mode=nig_product steps=390
[heterogeneous_het_nig_product_seed1042] step 000/390 trained 36/36 | hop0: 0.1268 | hop1: 0.1573
[heterogeneous_het_nig_product_seed1042] step 010/390 trained 36/36 | hop0: 0.1124 | hop1: 0.1428 | hop2: 0.3195
[heterogeneous_het_nig_product_seed1042] step 020/390 trained 36/36 | hop0: 0.1238 | hop1: 0.1268
[heterogeneous_het_nig_product_seed1042] step 030/390 trained 36/36 | hop0: 0.1045 | hop1: 0.1482 | hop2: 0.2359
[heterogeneous_het_nig_product_seed1042] step 040/390 trained 36/36 | hop0: 0.0854 | hop1: 0.1254 | hop2: 0.2760
[heterogeneous_het_nig_product_seed1042] step 050/390 trained 36/36 | hop0: 0.0761 | hop1: 0.1133 | hop2: 0.2207
[heterogeneous_het_nig_product_seed1042] step 060/390 trained 36/36 | hop0: 0.0813 | hop1: 0.0856 | hop2: 0.1945
[heterogeneous_het_nig_product_seed1042] step 070/390 trained 36/36 | hop0: 0.0631 | hop1: 0.0892 | hop2: 0.1368
[heterogeneous_het_nig_product_seed1042] step 080/390 trained 36/36 | hop0: 0.0617 | hop1: 0.0955 | hop2: 0.1870
[heterogeneous_het_nig_product_seed1042] step 090/390 trained 36/36 | hop0: 0.0415 | hop1: 0.0886 | hop2: 0.2199
[heterogeneous_het_nig_product_seed1042] step 100/390 trained 36/36 | hop0: 0.0406 | hop1: 0.0922
[heterogeneous_het_nig_product_seed1042] step 110/390 trained 36/36 | hop0: 0.0277 | hop1: 0.0616 | hop2: 0.1553
[heterogeneous_het_nig_product_seed1042] step 120/390 trained 36/36 | hop0: 0.0424 | hop1: 0.1048 | hop2: 0.0366
[heterogeneous_het_nig_product_seed1042] step 130/390 trained 36/36 | hop0: 0.0529 | hop1: 0.0669 | hop2: 0.0687
[heterogeneous_het_nig_product_seed1042] step 140/390 trained 36/36 | hop0: 0.0872 | hop1: 0.0502 | hop2: 0.0501
[heterogeneous_het_nig_product_seed1042] step 150/390 trained 36/36 | hop0: 0.0488 | hop1: 0.0651 | hop2: 0.0332
[heterogeneous_het_nig_product_seed1042] step 160/390 trained 36/36 | hop0: 0.0159 | hop1: 0.0782 | hop2: 0.0436
[heterogeneous_het_nig_product_seed1042] step 170/390 trained 36/36 | hop0: 0.0093 | hop1: 0.0475 | hop2: 0.2036
[heterogeneous_het_nig_product_seed1042] step 180/390 trained 36/36 | hop0: 0.0108 | hop1: 0.0505 | hop2: 0.2244
[heterogeneous_het_nig_product_seed1042] step 190/390 trained 36/36 | hop0: 0.0355 | hop1: 0.0596
[heterogeneous_het_nig_product_seed1042] step 200/390 trained 36/36 | hop0: 0.0432 | hop1: 0.0541 | hop2: 0.0136
[heterogeneous_het_nig_product_seed1042] step 210/390 trained 36/36 | hop0: 0.0131 | hop1: 0.0604
[heterogeneous_het_nig_product_seed1042] step 220/390 trained 36/36 | hop0: 0.0119 | hop1: 0.0483 | hop2: 0.2776
[heterogeneous_het_nig_product_seed1042] step 230/390 trained 36/36 | hop0: 0.0143 | hop1: 0.0496 | hop2: 0.0670
[heterogeneous_het_nig_product_seed1042] step 240/390 trained 36/36 | hop0: 0.0128 | hop1: 0.0528 | hop2: 0.0670
[heterogeneous_het_nig_product_seed1042] step 250/390 trained 36/36 | hop0: 0.0078 | hop1: 0.0344 | hop2: 0.1690
[heterogeneous_het_nig_product_seed1042] step 260/390 trained 36/36 | hop0: 0.0344 | hop1: 0.0372 | hop2: 0.1563
[heterogeneous_het_nig_product_seed1042] step 270/390 trained 36/36 | hop0: 0.0643 | hop1: 0.0422
[heterogeneous_het_nig_product_seed1042] step 280/390 trained 36/36 | hop0: 0.0517 | hop1: 0.0353
[heterogeneous_het_nig_product_seed1042] step 290/390 trained 36/36 | hop0: 0.0265 | hop1: 0.0492
[heterogeneous_het_nig_product_seed1042] step 300/390 trained 36/36 | hop0: 0.0548 | hop1: 0.0357 | hop2: 0.0049
[heterogeneous_het_nig_product_seed1042] step 310/390 trained 36/36 | hop0: 0.0050 | hop1: 0.0384 | hop2: 0.1177
[heterogeneous_het_nig_product_seed1042] step 320/390 trained 36/36 | hop0: 0.0088 | hop1: 0.0441 | hop2: 0.2774
[heterogeneous_het_nig_product_seed1042] step 330/390 trained 36/36 | hop0: 0.0088 | hop1: 0.0378 | hop2: 0.2015
[heterogeneous_het_nig_product_seed1042] step 340/390 trained 36/36 | hop0: 0.0082 | hop1: 0.0209 | hop2: 0.0987
[heterogeneous_het_nig_product_seed1042] step 350/390 trained 36/36 | hop0: 0.0041 | hop1: 0.0222 | hop2: 0.0905
[heterogeneous_het_nig_product_seed1042] step 360/390 trained 36/36 | hop0: 0.0047 | hop1: 0.0328 | hop2: 0.0863
[heterogeneous_het_nig_product_seed1042] step 370/390 trained 36/36 | hop0: 0.0077 | hop1: 0.0368 | hop2: 0.1310
[heterogeneous_het_nig_product_seed1042] step 380/390 trained 36/36 | hop0: 0.0120 | hop1: 0.0421 | hop2: 0.1769
[heterogeneous_het_nig_product_seed1042] mean MSE (last 50 steps): 0.0244 | cert-MSE r=-0.867
[heterogeneous_het_nig_product_seed1042] per-variant whole-run MSE: narrow=0.0546, baseline=0.0305, wide=0.1076
[heterogeneous_het_nig_product_seed1042] saved runs\chapter5_v2\s5_6_het_fon\avgfusion\het_nig_product_seed1042\figures\results.png

### heterogeneous/het_nig_product_seed1042: last50=0.0244 whole_run=0.0429 r(new)=-0.5349+/-0.0446
    variant_mse: {'narrow': {'whole_run': 0.05460075732539875, 'last50': 0.02827406340944384}, 'baseline': {'whole_run': 0.03053495439890332, 'last50': 0.011485861617883264}, 'wide': {'whole_run': 0.10762410100890024, 'last50': 0.08403248949086642}}
    disagreement_stats: {'n_events': 273512, 'n_contributors_mean': 3.3666712977858375, 'spread_std_mean': 0.0939988662170493, 'spread_std_median': 0.042161684982111924, 'spread_std_p90': 0.30157686295312, 'spread_range_mean': 0.2216993613376605, 'spread_range_median': 0.10126926749944687, 'spread_range_p90': 0.6977790892124176, 'frac_range_lt_0p01': 0.038788060487291234, 'nu_std_mean': 0.020660328256611793, 'nu_std_median': 0.01825198096114424, 'nu_std_p90': 0.039148822401698695, 'nu_range_mean': 0.049399211687072266, 'nu_range_median': 0.04320390988141298, 'nu_range_p90': 0.096247561275959, 'nu_cv_mean': 0.2886201606399385, 'nu_cv_median': 0.2142517241595651, 'nu_cv_p90': 0.6467092521863294, 'max_weight_mean': 0.456185845258081, 'max_weight_median': 0.43465348108515567, 'max_weight_p90': 0.6665120714530771, 'max_weight_minus_uniform_mean': 0.11032042923733358, 'max_weight_minus_uniform_median': 0.0768960612196635, 'max_weight_minus_uniform_p90': 0.24918933686675582, 'gamma_star_vs_unweighted_absdiff_mean': 0.02372285800625139, 'gamma_star_vs_unweighted_absdiff_median': 0.005543859337832642, 'gamma_star_vs_unweighted_absdiff_p90': 0.06607271181112238}

>>> [18/40] nig_product seed 2042 -> runs/chapter5_v2/s5_6_het_fon/avgfusion  (elapsed 124.6 min)
[het] node variants: {'narrow': 12, 'baseline': 12, 'wide': 12}
[heterogeneous_het_nig_product_seed2042] nodes=36 coverage max=9 mode=nig_product steps=390
[heterogeneous_het_nig_product_seed2042] step 000/390 trained 36/36 | hop0: 0.1383 | hop1: 0.1262 | hop2: 0.1280
[heterogeneous_het_nig_product_seed2042] step 010/390 trained 36/36 | hop0: 0.1280 | hop1: 0.1557 | hop2: 0.1331
[heterogeneous_het_nig_product_seed2042] step 020/390 trained 36/36 | hop0: 0.0984 | hop1: 0.1204 | hop2: 0.1774
[heterogeneous_het_nig_product_seed2042] step 030/390 trained 36/36 | hop0: 0.0878 | hop1: 0.1355 | hop2: 0.1702
[heterogeneous_het_nig_product_seed2042] step 040/390 trained 36/36 | hop0: 0.0625 | hop1: 0.1295 | hop2: 0.1930
[heterogeneous_het_nig_product_seed2042] step 050/390 trained 36/36 | hop0: 0.0676 | hop1: 0.1146 | hop2: 0.1918 | hop3: 0.1690
[heterogeneous_het_nig_product_seed2042] step 060/390 trained 36/36 | hop0: 0.1136 | hop1: 0.1004 | hop2: 0.1900
[heterogeneous_het_nig_product_seed2042] step 070/390 trained 36/36 | hop0: 0.0621 | hop1: 0.1186 | hop2: 0.1883
[heterogeneous_het_nig_product_seed2042] step 080/390 trained 36/36 | hop0: 0.0418 | hop1: 0.0984 | hop2: 0.1364
[heterogeneous_het_nig_product_seed2042] step 090/390 trained 36/36 | hop0: 0.0470 | hop1: 0.0869 | hop2: 0.1602
[heterogeneous_het_nig_product_seed2042] step 100/390 trained 36/36 | hop0: 0.0497 | hop1: 0.0739 | hop2: 0.1663
[heterogeneous_het_nig_product_seed2042] step 110/390 trained 36/36 | hop0: 0.0591 | hop1: 0.0820 | hop2: 0.2699
[heterogeneous_het_nig_product_seed2042] step 120/390 trained 36/36 | hop0: 0.0503 | hop1: 0.1079
[heterogeneous_het_nig_product_seed2042] step 130/390 trained 36/36 | hop0: 0.0825 | hop1: 0.0780 | hop2: 0.2246
[heterogeneous_het_nig_product_seed2042] step 140/390 trained 36/36 | hop0: 0.0888 | hop1: 0.0718 | hop2: 0.2313
[heterogeneous_het_nig_product_seed2042] step 150/390 trained 36/36 | hop0: 0.0338 | hop1: 0.0646 | hop2: 0.1536
[heterogeneous_het_nig_product_seed2042] step 160/390 trained 36/36 | hop0: 0.0358 | hop1: 0.0645 | hop2: 0.2018
[heterogeneous_het_nig_product_seed2042] step 170/390 trained 36/36 | hop0: 0.0497 | hop1: 0.0500 | hop2: 0.2110
[heterogeneous_het_nig_product_seed2042] step 180/390 trained 36/36 | hop0: 0.0235 | hop1: 0.0693 | hop2: 0.1931
[heterogeneous_het_nig_product_seed2042] step 190/390 trained 36/36 | hop0: 0.0202 | hop1: 0.0763 | hop2: 0.2175
[heterogeneous_het_nig_product_seed2042] step 200/390 trained 36/36 | hop0: 0.0208 | hop1: 0.0945
[heterogeneous_het_nig_product_seed2042] step 210/390 trained 36/36 | hop0: 0.0202 | hop1: 0.0750
[heterogeneous_het_nig_product_seed2042] step 220/390 trained 36/36 | hop0: 0.0124 | hop1: 0.0511 | hop2: 0.1390
[heterogeneous_het_nig_product_seed2042] step 230/390 trained 36/36 | hop0: 0.0100 | hop1: 0.0444 | hop2: 0.1357
[heterogeneous_het_nig_product_seed2042] step 240/390 trained 36/36 | hop0: 0.0084 | hop1: 0.0610 | hop2: 0.1929
[heterogeneous_het_nig_product_seed2042] step 250/390 trained 36/36 | hop0: 0.0150 | hop1: 0.0416 | hop2: 0.1701
[heterogeneous_het_nig_product_seed2042] step 260/390 trained 36/36 | hop0: 0.0383 | hop1: 0.0433 | hop2: 0.1123
[heterogeneous_het_nig_product_seed2042] step 270/390 trained 36/36 | hop0: 0.0113 | hop1: 0.0352 | hop2: 0.1064 | hop3: 0.1521
[heterogeneous_het_nig_product_seed2042] step 280/390 trained 36/36 | hop0: 0.0117 | hop1: 0.0362 | hop2: 0.1558
[heterogeneous_het_nig_product_seed2042] step 290/390 trained 36/36 | hop0: 0.0057 | hop1: 0.0356 | hop2: 0.1564
[heterogeneous_het_nig_product_seed2042] step 300/390 trained 36/36 | hop0: 0.0062 | hop1: 0.0244 | hop2: 0.0821 | hop3: 0.1321
[heterogeneous_het_nig_product_seed2042] step 310/390 trained 36/36 | hop0: 0.0126 | hop1: 0.0317 | hop2: 0.0956 | hop3: 0.2121
[heterogeneous_het_nig_product_seed2042] step 320/390 trained 36/36 | hop0: 0.0089 | hop1: 0.0211 | hop2: 0.0684
[heterogeneous_het_nig_product_seed2042] step 330/390 trained 36/36 | hop0: 0.0054 | hop1: 0.0193 | hop2: 0.0797 | hop3: 0.1522
[heterogeneous_het_nig_product_seed2042] step 340/390 trained 36/36 | hop0: 0.0035 | hop1: 0.0278 | hop2: 0.0867 | hop3: 0.1105
[heterogeneous_het_nig_product_seed2042] step 350/390 trained 36/36 | hop0: 0.0119 | hop1: 0.0265 | hop2: 0.0923 | hop3: 0.1763
[heterogeneous_het_nig_product_seed2042] step 360/390 trained 36/36 | hop0: 0.0254 | hop1: 0.0323 | hop2: 0.1165
[heterogeneous_het_nig_product_seed2042] step 370/390 trained 36/36 | hop0: 0.0196 | hop1: 0.0423 | hop2: 0.1410
[heterogeneous_het_nig_product_seed2042] step 380/390 trained 36/36 | hop0: 0.0258 | hop1: 0.0360 | hop2: 0.0895
[heterogeneous_het_nig_product_seed2042] mean MSE (last 50 steps): 0.0279 | cert-MSE r=-0.818
[heterogeneous_het_nig_product_seed2042] per-variant whole-run MSE: narrow=0.0706, baseline=0.0669, wide=0.0850
[heterogeneous_het_nig_product_seed2042] saved runs\chapter5_v2\s5_6_het_fon\avgfusion\het_nig_product_seed2042\figures\results.png

### heterogeneous/het_nig_product_seed2042: last50=0.0279 whole_run=0.0474 r(new)=-0.4972+/-0.0519
    variant_mse: {'narrow': {'whole_run': 0.07062635292927241, 'last50': 0.04963219403270878}, 'baseline': {'whole_run': 0.06687949991828247, 'last50': 0.025014831731235056}, 'wide': {'whole_run': 0.08498271585916535, 'last50': 0.045529067589865274}}
    disagreement_stats: {'n_events': 289212, 'n_contributors_mean': 3.3331189577195968, 'spread_std_mean': 0.08805326139157216, 'spread_std_median': 0.03982134995983466, 'spread_std_p90': 0.2851383485819112, 'spread_range_mean': 0.20994025095746607, 'spread_range_median': 0.09495937824249268, 'spread_range_p90': 0.6669193483889102, 'frac_range_lt_0p01': 0.04507765929491169, 'nu_std_mean': 0.01689069947429197, 'nu_std_median': 0.014454952031738336, 'nu_std_p90': 0.03462677646570446, 'nu_range_mean': 0.0405778743229884, 'nu_range_median': 0.033717334270477295, 'nu_range_p90': 0.08533716388046741, 'nu_cv_mean': 0.3051742124890805, 'nu_cv_median': 0.22789113877271708, 'nu_cv_p90': 0.6851081521968769, 'max_weight_mean': 0.4674773464270822, 'max_weight_median': 0.4527878959699291, 'max_weight_p90': 0.6921090306871887, 'max_weight_minus_uniform_mean': 0.11881398331826047, 'max_weight_minus_uniform_median': 0.0816836020677088, 'max_weight_minus_uniform_p90': 0.2833703002321695, 'gamma_star_vs_unweighted_absdiff_mean': 0.019919569514426, 'gamma_star_vs_unweighted_absdiff_median': 0.005536389363326136, 'gamma_star_vs_unweighted_absdiff_p90': 0.04978865858653043}

>>> [19/40] nig_product seed 3042 -> runs/chapter5_v2/s5_6_het_fon/avgfusion  (elapsed 132.1 min)
[het] node variants: {'narrow': 12, 'baseline': 12, 'wide': 12}
[heterogeneous_het_nig_product_seed3042] nodes=36 coverage max=9 mode=nig_product steps=390
[heterogeneous_het_nig_product_seed3042] step 000/390 trained 36/36 | hop0: 0.1582 | hop1: 0.1239 | hop2: 0.1585
[heterogeneous_het_nig_product_seed3042] step 010/390 trained 36/36 | hop0: 0.1232 | hop1: 0.1502
[heterogeneous_het_nig_product_seed3042] step 020/390 trained 36/36 | hop0: 0.1075 | hop1: 0.1375
[heterogeneous_het_nig_product_seed3042] step 030/390 trained 36/36 | hop0: 0.1253 | hop1: 0.1406
[heterogeneous_het_nig_product_seed3042] step 040/390 trained 36/36 | hop0: 0.1135 | hop1: 0.1322
[heterogeneous_het_nig_product_seed3042] step 050/390 trained 36/36 | hop0: 0.1054 | hop1: 0.1016 | hop2: 0.0602
[heterogeneous_het_nig_product_seed3042] step 060/390 trained 36/36 | hop0: 0.1418 | hop1: 0.0961 | hop2: 0.0535
[heterogeneous_het_nig_product_seed3042] step 070/390 trained 36/36 | hop0: 0.0774 | hop1: 0.1000 | hop2: 0.0926
[heterogeneous_het_nig_product_seed3042] step 080/390 trained 36/36 | hop0: 0.0499 | hop1: 0.1028 | hop2: 0.1287
[heterogeneous_het_nig_product_seed3042] step 090/390 trained 36/36 | hop0: 0.0586 | hop1: 0.0806 | hop2: 0.1329 | hop3: 0.0847
[heterogeneous_het_nig_product_seed3042] step 100/390 trained 36/36 | hop0: 0.0684 | hop1: 0.0674 | hop2: 0.1142
[heterogeneous_het_nig_product_seed3042] step 110/390 trained 36/36 | hop0: 0.0677 | hop1: 0.0772 | hop2: 0.0779
[heterogeneous_het_nig_product_seed3042] step 120/390 trained 36/36 | hop0: 0.0534 | hop1: 0.0855 | hop2: 0.0463
[heterogeneous_het_nig_product_seed3042] step 130/390 trained 36/36 | hop0: 0.0737 | hop1: 0.0593 | hop2: 0.0576
[heterogeneous_het_nig_product_seed3042] step 140/390 trained 36/36 | hop0: 0.0729 | hop1: 0.0436 | hop2: 0.0372
[heterogeneous_het_nig_product_seed3042] step 150/390 trained 36/36 | hop0: 0.0665 | hop1: 0.0280 | hop2: 0.0116
[heterogeneous_het_nig_product_seed3042] step 160/390 trained 36/36 | hop0: 0.0733 | hop1: 0.0330 | hop2: 0.0253
[heterogeneous_het_nig_product_seed3042] step 170/390 trained 36/36 | hop0: 0.0582 | hop1: 0.0264 | hop2: 0.0280
[heterogeneous_het_nig_product_seed3042] step 180/390 trained 36/36 | hop0: 0.0668 | hop1: 0.0203
[heterogeneous_het_nig_product_seed3042] step 190/390 trained 36/36 | hop0: 0.0480 | hop1: 0.0248
[heterogeneous_het_nig_product_seed3042] step 200/390 trained 36/36 | hop0: 0.0254 | hop1: 0.0334
[heterogeneous_het_nig_product_seed3042] step 210/390 trained 36/36 | hop0: 0.0210 | hop1: 0.0257 | hop2: 0.0112
[heterogeneous_het_nig_product_seed3042] step 220/390 trained 36/36 | hop0: 0.0114 | hop1: 0.0243 | hop2: 0.0203
[heterogeneous_het_nig_product_seed3042] step 230/390 trained 36/36 | hop0: 0.0172 | hop1: 0.0185 | hop2: 0.0151
[heterogeneous_het_nig_product_seed3042] step 240/390 trained 36/36 | hop0: 0.0283 | hop1: 0.0175 | hop2: 0.0258
[heterogeneous_het_nig_product_seed3042] step 250/390 trained 36/36 | hop0: 0.0232 | hop1: 0.0174 | hop2: 0.0345
[heterogeneous_het_nig_product_seed3042] step 260/390 trained 36/36 | hop0: 0.0269 | hop1: 0.0262 | hop2: 0.0520
[heterogeneous_het_nig_product_seed3042] step 270/390 trained 36/36 | hop0: 0.0228 | hop1: 0.0274 | hop2: 0.0522
[heterogeneous_het_nig_product_seed3042] step 280/390 trained 36/36 | hop0: 0.0056 | hop1: 0.0200 | hop2: 0.0342
[heterogeneous_het_nig_product_seed3042] step 290/390 trained 36/36 | hop0: 0.0096 | hop1: 0.0165
[heterogeneous_het_nig_product_seed3042] step 300/390 trained 36/36 | hop0: 0.0089 | hop1: 0.0155 | hop2: 0.0212
[heterogeneous_het_nig_product_seed3042] step 310/390 trained 36/36 | hop0: 0.0096 | hop1: 0.0128 | hop2: 0.0117
[heterogeneous_het_nig_product_seed3042] step 320/390 trained 36/36 | hop0: 0.0059 | hop1: 0.0074 | hop2: 0.0097
[heterogeneous_het_nig_product_seed3042] step 330/390 trained 36/36 | hop0: 0.0122 | hop1: 0.0087
[heterogeneous_het_nig_product_seed3042] step 340/390 trained 36/36 | hop0: 0.0080 | hop1: 0.0097
[heterogeneous_het_nig_product_seed3042] step 350/390 trained 36/36 | hop0: 0.0158 | hop1: 0.0094 | hop2: 0.0167
[heterogeneous_het_nig_product_seed3042] step 360/390 trained 36/36 | hop0: 0.0138 | hop1: 0.0145 | hop2: 0.0137
[heterogeneous_het_nig_product_seed3042] step 370/390 trained 36/36 | hop0: 0.0116 | hop1: 0.0186
[heterogeneous_het_nig_product_seed3042] step 380/390 trained 36/36 | hop0: 0.0086 | hop1: 0.0209 | hop2: 0.0292
[heterogeneous_het_nig_product_seed3042] mean MSE (last 50 steps): 0.0131 | cert-MSE r=-0.124
[heterogeneous_het_nig_product_seed3042] per-variant whole-run MSE: wide=0.0630, baseline=0.0359, narrow=0.0527
[heterogeneous_het_nig_product_seed3042] saved runs\chapter5_v2\s5_6_het_fon\avgfusion\het_nig_product_seed3042\figures\results.png

### heterogeneous/het_nig_product_seed3042: last50=0.0131 whole_run=0.0340 r(new)=-0.1715+/-0.1411
    variant_mse: {'wide': {'whole_run': 0.06299001766664822, 'last50': 0.020835834586216486}, 'baseline': {'whole_run': 0.03594477739015175, 'last50': 0.012144652832608177}, 'narrow': {'whole_run': 0.0526792104751843, 'last50': 0.026219379698192248}}
    disagreement_stats: {'n_events': 272913, 'n_contributors_mean': 3.3730822643113374, 'spread_std_mean': 0.0880334256828099, 'spread_std_median': 0.04260793328285217, 'spread_std_p90': 0.28194593434139326, 'spread_range_mean': 0.20778345114118507, 'spread_range_median': 0.10221517086029053, 'spread_range_p90': 0.6487498164176942, 'frac_range_lt_0p01': 0.03803776295009765, 'nu_std_mean': 0.014558797825906139, 'nu_std_median': 0.011542788669702441, 'nu_std_p90': 0.029773653252285027, 'nu_range_mean': 0.03494432403617804, 'nu_range_median': 0.02755293995141983, 'nu_range_p90': 0.07253520097583532, 'nu_cv_mean': 0.192387005724045, 'nu_cv_median': 0.16978110598719912, 'nu_cv_p90': 0.36860627619449243, 'max_weight_mean': 0.41818620759096864, 'max_weight_median': 0.39711259816913236, 'max_weight_p90': 0.5995425309691126, 'max_weight_minus_uniform_mean': 0.0728693893759191, 'max_weight_minus_uniform_median': 0.059680359420349494, 'max_weight_minus_uniform_p90': 0.1448258273919279, 'gamma_star_vs_unweighted_absdiff_mean': 0.012525107444230417, 'gamma_star_vs_unweighted_absdiff_median': 0.00415312009774127, 'gamma_star_vs_unweighted_absdiff_p90': 0.03438349475310297}

>>> [20/40] nig_product seed 4042 -> runs/chapter5_v2/s5_6_het_fon/avgfusion  (elapsed 139.7 min)
[het] node variants: {'narrow': 12, 'baseline': 12, 'wide': 12}
[heterogeneous_het_nig_product_seed4042] nodes=36 coverage max=9 mode=nig_product steps=390
[heterogeneous_het_nig_product_seed4042] step 000/390 trained 36/36 | hop0: 0.1193 | hop1: 0.1359 | hop2: 0.1430
[heterogeneous_het_nig_product_seed4042] step 010/390 trained 36/36 | hop0: 0.1028 | hop1: 0.1457
[heterogeneous_het_nig_product_seed4042] step 020/390 trained 36/36 | hop0: 0.0991 | hop1: 0.1356 | hop2: 0.2239
[heterogeneous_het_nig_product_seed4042] step 030/390 trained 36/36 | hop0: 0.0962 | hop1: 0.1412 | hop2: 0.1922
[heterogeneous_het_nig_product_seed4042] step 040/390 trained 36/36 | hop0: 0.1141 | hop1: 0.1343 | hop2: 0.1859
[heterogeneous_het_nig_product_seed4042] step 050/390 trained 36/36 | hop0: 0.1022 | hop1: 0.1496 | hop2: 0.2218
[heterogeneous_het_nig_product_seed4042] step 060/390 trained 36/36 | hop0: 0.0996 | hop1: 0.1088 | hop2: 0.2316
[heterogeneous_het_nig_product_seed4042] step 070/390 trained 36/36 | hop0: 0.0723 | hop1: 0.1224 | hop2: 0.2681
[heterogeneous_het_nig_product_seed4042] step 080/390 trained 36/36 | hop0: 0.0643 | hop1: 0.1062 | hop2: 0.1820
[heterogeneous_het_nig_product_seed4042] step 090/390 trained 36/36 | hop0: 0.0359 | hop1: 0.0918 | hop2: 0.2424 | hop3: 0.2383
[heterogeneous_het_nig_product_seed4042] step 100/390 trained 36/36 | hop0: 0.0481 | hop1: 0.0906 | hop2: 0.2092 | hop3: 0.2568
[heterogeneous_het_nig_product_seed4042] step 110/390 trained 36/36 | hop0: 0.0561 | hop1: 0.1093 | hop2: 0.2616
[heterogeneous_het_nig_product_seed4042] step 120/390 trained 36/36 | hop0: 0.0818 | hop1: 0.0929 | hop2: 0.1988
[heterogeneous_het_nig_product_seed4042] step 130/390 trained 36/36 | hop0: 0.1552 | hop1: 0.0707
[heterogeneous_het_nig_product_seed4042] step 140/390 trained 36/36 | hop0: 0.1481 | hop1: 0.0714 | hop2: 0.0449
[heterogeneous_het_nig_product_seed4042] step 150/390 trained 36/36 | hop0: 0.1350 | hop1: 0.0807 | hop2: 0.0483
[heterogeneous_het_nig_product_seed4042] step 160/390 trained 36/36 | hop0: 0.0637 | hop1: 0.0797 | hop2: 0.0337
[heterogeneous_het_nig_product_seed4042] step 170/390 trained 36/36 | hop0: 0.0638 | hop1: 0.0751 | hop2: 0.0301
[heterogeneous_het_nig_product_seed4042] step 180/390 trained 36/36 | hop0: 0.0795 | hop1: 0.0715 | hop2: 0.0467
[heterogeneous_het_nig_product_seed4042] step 190/390 trained 36/36 | hop0: 0.0750 | hop1: 0.0724 | hop2: 0.0465
[heterogeneous_het_nig_product_seed4042] step 200/390 trained 36/36 | hop0: 0.0635 | hop1: 0.0505 | hop2: 0.0383
[heterogeneous_het_nig_product_seed4042] step 210/390 trained 36/36 | hop0: 0.0467 | hop1: 0.0440 | hop2: 0.0494
[heterogeneous_het_nig_product_seed4042] step 220/390 trained 36/36 | hop0: 0.0469 | hop1: 0.0524 | hop2: 0.0965
[heterogeneous_het_nig_product_seed4042] step 230/390 trained 36/36 | hop0: 0.0401 | hop1: 0.0515
[heterogeneous_het_nig_product_seed4042] step 240/390 trained 36/36 | hop0: 0.0329 | hop1: 0.0554
[heterogeneous_het_nig_product_seed4042] step 250/390 trained 36/36 | hop0: 0.0121 | hop1: 0.0393 | hop2: 0.0769
[heterogeneous_het_nig_product_seed4042] step 260/390 trained 36/36 | hop0: 0.0283 | hop1: 0.0366 | hop2: 0.1284
[heterogeneous_het_nig_product_seed4042] step 270/390 trained 36/36 | hop0: 0.0075 | hop1: 0.0441 | hop2: 0.0851
[heterogeneous_het_nig_product_seed4042] step 280/390 trained 36/36 | hop0: 0.0084 | hop1: 0.0355 | hop2: 0.0563
[heterogeneous_het_nig_product_seed4042] step 290/390 trained 36/36 | hop0: 0.0113 | hop1: 0.0223 | hop2: 0.0575
[heterogeneous_het_nig_product_seed4042] step 300/390 trained 36/36 | hop0: 0.0092 | hop1: 0.0183 | hop2: 0.0583
[heterogeneous_het_nig_product_seed4042] step 310/390 trained 36/36 | hop0: 0.0205 | hop1: 0.0180 | hop2: 0.0317
[heterogeneous_het_nig_product_seed4042] step 320/390 trained 36/36 | hop0: 0.0100 | hop1: 0.0182 | hop2: 0.0715
[heterogeneous_het_nig_product_seed4042] step 330/390 trained 36/36 | hop0: 0.0114 | hop1: 0.0148 | hop2: 0.0866
[heterogeneous_het_nig_product_seed4042] step 340/390 trained 36/36 | hop0: 0.0229 | hop1: 0.0212 | hop2: 0.0035
[heterogeneous_het_nig_product_seed4042] step 350/390 trained 36/36 | hop0: 0.0247 | hop1: 0.0137 | hop2: 0.0139
[heterogeneous_het_nig_product_seed4042] step 360/390 trained 36/36 | hop0: 0.0311 | hop1: 0.0252
[heterogeneous_het_nig_product_seed4042] step 370/390 trained 36/36 | hop0: 0.0225 | hop1: 0.0166 | hop2: 0.0333
[heterogeneous_het_nig_product_seed4042] step 380/390 trained 36/36 | hop0: 0.0114 | hop1: 0.0227 | hop2: 0.0480
[heterogeneous_het_nig_product_seed4042] mean MSE (last 50 steps): 0.0157 | cert-MSE r=-0.420
[heterogeneous_het_nig_product_seed4042] per-variant whole-run MSE: narrow=0.0681, baseline=0.0554, wide=0.0814
[heterogeneous_het_nig_product_seed4042] saved runs\chapter5_v2\s5_6_het_fon\avgfusion\het_nig_product_seed4042\figures\results.png

### heterogeneous/het_nig_product_seed4042: last50=0.0157 whole_run=0.0466 r(new)=-0.3024+/-0.0959
    variant_mse: {'narrow': {'whole_run': 0.06805260915703908, 'last50': 0.03325781006046602}, 'baseline': {'whole_run': 0.055392853797192415, 'last50': 0.018727017903167595}, 'wide': {'whole_run': 0.08137362358263918, 'last50': 0.024163659378869152}}
    disagreement_stats: {'n_events': 274255, 'n_contributors_mean': 3.3577801680917396, 'spread_std_mean': 0.09939163108910845, 'spread_std_median': 0.044510638293957586, 'spread_std_p90': 0.32701801387326196, 'spread_range_mean': 0.23873093835961962, 'spread_range_median': 0.10654520988464355, 'spread_range_p90': 0.7759227737784385, 'frac_range_lt_0p01': 0.041337441432243716, 'nu_std_mean': 0.01886031245256866, 'nu_std_median': 0.015272947028279305, 'nu_std_p90': 0.04053111655164667, 'nu_range_mean': 0.04563759874509879, 'nu_range_median': 0.035241544246673584, 'nu_range_p90': 0.10088882148265839, 'nu_cv_mean': 0.3093901071745331, 'nu_cv_median': 0.27413480558315045, 'nu_cv_p90': 0.6110750637407002, 'max_weight_mean': 0.4672276623788305, 'max_weight_median': 0.46197897045948766, 'max_weight_p90': 0.6692868550049152, 'max_weight_minus_uniform_mean': 0.12051828259585133, 'max_weight_minus_uniform_median': 0.10053363272084564, 'max_weight_minus_uniform_p90': 0.2505494810047472, 'gamma_star_vs_unweighted_absdiff_mean': 0.02020099114102611, 'gamma_star_vs_unweighted_absdiff_median': 0.00712438723073564, 'gamma_star_vs_unweighted_absdiff_p90': 0.054361849141901626}

>>> [21/40] nig_product seed 42 -> runs/chapter5_v2/s5_6_homog_fon/narrow  (elapsed 147.4 min)
[het] node variants: {'narrow': 36, 'baseline': 0, 'wide': 0}
[heterogeneous_homog_narrow_nig_product] nodes=36 coverage max=9 mode=nig_product steps=390
[heterogeneous_homog_narrow_nig_product] step 000/390 trained 36/36 | hop0: 0.1280 | hop1: 0.1249
[heterogeneous_homog_narrow_nig_product] step 010/390 trained 36/36 | hop0: 0.1058 | hop1: 0.1229
[heterogeneous_homog_narrow_nig_product] step 020/390 trained 36/36 | hop0: 0.1145 | hop1: 0.1035 | hop2: 0.1233
[heterogeneous_homog_narrow_nig_product] step 030/390 trained 36/36 | hop0: 0.0924 | hop1: 0.1008 | hop2: 0.0909
[heterogeneous_homog_narrow_nig_product] step 040/390 trained 36/36 | hop0: 0.0796 | hop1: 0.0969 | hop2: 0.0883
[heterogeneous_homog_narrow_nig_product] step 050/390 trained 36/36 | hop0: 0.0838 | hop1: 0.0886 | hop2: 0.0938
[heterogeneous_homog_narrow_nig_product] step 060/390 trained 36/36 | hop0: 0.0884 | hop1: 0.0939 | hop2: 0.1174
[heterogeneous_homog_narrow_nig_product] step 070/390 trained 36/36 | hop0: 0.0592 | hop1: 0.0758 | hop2: 0.0946
[heterogeneous_homog_narrow_nig_product] step 080/390 trained 36/36 | hop0: 0.0447 | hop1: 0.0807 | hop2: 0.1083
[heterogeneous_homog_narrow_nig_product] step 090/390 trained 36/36 | hop0: 0.0459 | hop1: 0.0711
[heterogeneous_homog_narrow_nig_product] step 100/390 trained 36/36 | hop0: 0.0507 | hop1: 0.0596 | hop2: 0.0624
[heterogeneous_homog_narrow_nig_product] step 110/390 trained 36/36 | hop0: 0.0515 | hop1: 0.0585 | hop2: 0.0615
[heterogeneous_homog_narrow_nig_product] step 120/390 trained 36/36 | hop0: 0.0445 | hop1: 0.0687 | hop2: 0.0940
[heterogeneous_homog_narrow_nig_product] step 130/390 trained 36/36 | hop0: 0.0449 | hop1: 0.0763 | hop2: 0.1118
[heterogeneous_homog_narrow_nig_product] step 140/390 trained 36/36 | hop0: 0.0239 | hop1: 0.0592 | hop2: 0.0875
[heterogeneous_homog_narrow_nig_product] step 150/390 trained 36/36 | hop0: 0.0458 | hop1: 0.0442 | hop2: 0.0778
[heterogeneous_homog_narrow_nig_product] step 160/390 trained 36/36 | hop0: 0.0257 | hop1: 0.0385 | hop2: 0.0642
[heterogeneous_homog_narrow_nig_product] step 170/390 trained 36/36 | hop0: 0.0212 | hop1: 0.0325 | hop2: 0.0576
[heterogeneous_homog_narrow_nig_product] step 180/390 trained 36/36 | hop0: 0.0153 | hop1: 0.0295 | hop2: 0.0599
[heterogeneous_homog_narrow_nig_product] step 190/390 trained 36/36 | hop0: 0.0171 | hop1: 0.0318 | hop2: 0.0496
[heterogeneous_homog_narrow_nig_product] step 200/390 trained 36/36 | hop0: 0.0192 | hop1: 0.0226 | hop2: 0.0411
[heterogeneous_homog_narrow_nig_product] step 210/390 trained 36/36 | hop0: 0.0185 | hop1: 0.0194 | hop2: 0.0470
[heterogeneous_homog_narrow_nig_product] step 220/390 trained 36/36 | hop0: 0.0188 | hop1: 0.0259
[heterogeneous_homog_narrow_nig_product] step 230/390 trained 36/36 | hop0: 0.0174 | hop1: 0.0225 | hop2: 0.0253
[heterogeneous_homog_narrow_nig_product] step 240/390 trained 36/36 | hop0: 0.0193 | hop1: 0.0258 | hop2: 0.0290
[heterogeneous_homog_narrow_nig_product] step 250/390 trained 36/36 | hop0: 0.0146 | hop1: 0.0291 | hop2: 0.0200
[heterogeneous_homog_narrow_nig_product] step 260/390 trained 36/36 | hop0: 0.0265 | hop1: 0.0353
[heterogeneous_homog_narrow_nig_product] step 270/390 trained 36/36 | hop0: 0.0241 | hop1: 0.0249 | hop2: 0.0082
[heterogeneous_homog_narrow_nig_product] step 280/390 trained 36/36 | hop0: 0.0322 | hop1: 0.0319
[heterogeneous_homog_narrow_nig_product] step 290/390 trained 36/36 | hop0: 0.0244 | hop1: 0.0214 | hop2: 0.0172
[heterogeneous_homog_narrow_nig_product] step 300/390 trained 36/36 | hop0: 0.0249 | hop1: 0.0132 | hop2: 0.0093
[heterogeneous_homog_narrow_nig_product] step 310/390 trained 36/36 | hop0: 0.0272 | hop1: 0.0249 | hop2: 0.0056
[heterogeneous_homog_narrow_nig_product] step 320/390 trained 36/36 | hop0: 0.0191 | hop1: 0.0220 | hop2: 0.0032
[heterogeneous_homog_narrow_nig_product] step 330/390 trained 36/36 | hop0: 0.0254 | hop1: 0.0268 | hop2: 0.0018
[heterogeneous_homog_narrow_nig_product] step 340/390 trained 36/36 | hop0: 0.0196 | hop1: 0.0147
[heterogeneous_homog_narrow_nig_product] step 350/390 trained 36/36 | hop0: 0.0247 | hop1: 0.0171 | hop2: 0.0381
[heterogeneous_homog_narrow_nig_product] step 360/390 trained 36/36 | hop0: 0.0150 | hop1: 0.0187 | hop2: 0.0225
[heterogeneous_homog_narrow_nig_product] step 370/390 trained 36/36 | hop0: 0.0081 | hop1: 0.0181 | hop2: 0.0246
[heterogeneous_homog_narrow_nig_product] step 380/390 trained 36/36 | hop0: 0.0317 | hop1: 0.0276 | hop2: 0.0344
[heterogeneous_homog_narrow_nig_product] mean MSE (last 50 steps): 0.0244 | cert-MSE r=-0.699
[heterogeneous_homog_narrow_nig_product] saved runs\chapter5_v2\s5_6_homog_fon\narrow\homog_narrow_nig_product\figures\results.png

### heterogeneous/homog_narrow_nig_product: last50=0.0244 whole_run=0.0492 r(new)=-0.7147+/-0.0838
    variant_mse: {'narrow': {'whole_run': 0.04732624716736425, 'last50': 0.036484799006607435}}
    disagreement_stats: {'n_events': 278483, 'n_contributors_mean': 3.359468980153187, 'spread_std_mean': 0.025848190904604513, 'spread_std_median': 0.021598069213368012, 'spread_std_p90': 0.05187156806070665, 'spread_range_mean': 0.06284691089577821, 'spread_range_median': 0.050918713212013245, 'spread_range_p90': 0.1298650112003088, 'frac_range_lt_0p01': 0.0875708750623916, 'nu_std_mean': 0.01839334033571453, 'nu_std_median': 0.01756452053709221, 'nu_std_p90': 0.03350489212878285, 'nu_range_mean': 0.044443898653125626, 'nu_range_median': 0.04143841564655304, 'nu_range_p90': 0.08401927351951599, 'nu_cv_mean': 0.13532531667798994, 'nu_cv_median': 0.11919215346766897, 'nu_cv_p90': 0.26762525010179855, 'max_weight_mean': 0.3957417567632415, 'max_weight_median': 0.37612852323008317, 'max_weight_p90': 0.5689607401924448, 'max_weight_minus_uniform_mean': 0.04923705005548831, 'max_weight_minus_uniform_median': 0.04091774046297747, 'max_weight_minus_uniform_p90': 0.10189309123232024, 'gamma_star_vs_unweighted_absdiff_mean': 0.0026227168372660392, 'gamma_star_vs_unweighted_absdiff_median': 0.001280287375494682, 'gamma_star_vs_unweighted_absdiff_p90': 0.006823998500799216}

>>> [22/40] nig_product seed 1042 -> runs/chapter5_v2/s5_6_homog_fon/narrow  (elapsed 154.9 min)
[het] node variants: {'narrow': 36, 'baseline': 0, 'wide': 0}
[heterogeneous_homog_narrow_nig_product_seed1042] nodes=36 coverage max=9 mode=nig_product steps=390
[heterogeneous_homog_narrow_nig_product_seed1042] step 000/390 trained 36/36 | hop0: 0.1190 | hop1: 0.1265
[heterogeneous_homog_narrow_nig_product_seed1042] step 010/390 trained 36/36 | hop0: 0.1072 | hop1: 0.1092 | hop2: 0.1364
[heterogeneous_homog_narrow_nig_product_seed1042] step 020/390 trained 36/36 | hop0: 0.0922 | hop1: 0.1134
[heterogeneous_homog_narrow_nig_product_seed1042] step 030/390 trained 36/36 | hop0: 0.0922 | hop1: 0.1048 | hop2: 0.1137
[heterogeneous_homog_narrow_nig_product_seed1042] step 040/390 trained 36/36 | hop0: 0.0992 | hop1: 0.0985 | hop2: 0.1050
[heterogeneous_homog_narrow_nig_product_seed1042] step 050/390 trained 36/36 | hop0: 0.0764 | hop1: 0.0713 | hop2: 0.0906
[heterogeneous_homog_narrow_nig_product_seed1042] step 060/390 trained 36/36 | hop0: 0.0688 | hop1: 0.0773 | hop2: 0.0875
[heterogeneous_homog_narrow_nig_product_seed1042] step 070/390 trained 36/36 | hop0: 0.0649 | hop1: 0.0892 | hop2: 0.1058
[heterogeneous_homog_narrow_nig_product_seed1042] step 080/390 trained 36/36 | hop0: 0.0808 | hop1: 0.0798 | hop2: 0.1413
[heterogeneous_homog_narrow_nig_product_seed1042] step 090/390 trained 36/36 | hop0: 0.0533 | hop1: 0.0590 | hop2: 0.1046
[heterogeneous_homog_narrow_nig_product_seed1042] step 100/390 trained 36/36 | hop0: 0.0597 | hop1: 0.0591
[heterogeneous_homog_narrow_nig_product_seed1042] step 110/390 trained 36/36 | hop0: 0.0410 | hop1: 0.0597 | hop2: 0.0784
[heterogeneous_homog_narrow_nig_product_seed1042] step 120/390 trained 36/36 | hop0: 0.0597 | hop1: 0.0527 | hop2: 0.0512
[heterogeneous_homog_narrow_nig_product_seed1042] step 130/390 trained 36/36 | hop0: 0.0628 | hop1: 0.0455 | hop2: 0.0623
[heterogeneous_homog_narrow_nig_product_seed1042] step 140/390 trained 36/36 | hop0: 0.0616 | hop1: 0.0361 | hop2: 0.0713
[heterogeneous_homog_narrow_nig_product_seed1042] step 150/390 trained 36/36 | hop0: 0.0633 | hop1: 0.0431 | hop2: 0.0511
[heterogeneous_homog_narrow_nig_product_seed1042] step 160/390 trained 36/36 | hop0: 0.0257 | hop1: 0.0500 | hop2: 0.0905
[heterogeneous_homog_narrow_nig_product_seed1042] step 170/390 trained 36/36 | hop0: 0.0350 | hop1: 0.0466 | hop2: 0.0851
[heterogeneous_homog_narrow_nig_product_seed1042] step 180/390 trained 36/36 | hop0: 0.0223 | hop1: 0.0458 | hop2: 0.1128
[heterogeneous_homog_narrow_nig_product_seed1042] step 190/390 trained 36/36 | hop0: 0.0288 | hop1: 0.0377
[heterogeneous_homog_narrow_nig_product_seed1042] step 200/390 trained 36/36 | hop0: 0.0157 | hop1: 0.0336 | hop2: 0.0142
[heterogeneous_homog_narrow_nig_product_seed1042] step 210/390 trained 36/36 | hop0: 0.0359 | hop1: 0.0366
[heterogeneous_homog_narrow_nig_product_seed1042] step 220/390 trained 36/36 | hop0: 0.0273 | hop1: 0.0190 | hop2: 0.0404
[heterogeneous_homog_narrow_nig_product_seed1042] step 230/390 trained 36/36 | hop0: 0.0211 | hop1: 0.0215 | hop2: 0.0299
[heterogeneous_homog_narrow_nig_product_seed1042] step 240/390 trained 36/36 | hop0: 0.0183 | hop1: 0.0286 | hop2: 0.0400
[heterogeneous_homog_narrow_nig_product_seed1042] step 250/390 trained 36/36 | hop0: 0.0153 | hop1: 0.0282 | hop2: 0.0959
[heterogeneous_homog_narrow_nig_product_seed1042] step 260/390 trained 36/36 | hop0: 0.0179 | hop1: 0.0297 | hop2: 0.0740
[heterogeneous_homog_narrow_nig_product_seed1042] step 270/390 trained 36/36 | hop0: 0.0190 | hop1: 0.0307
[heterogeneous_homog_narrow_nig_product_seed1042] step 280/390 trained 36/36 | hop0: 0.0176 | hop1: 0.0299
[heterogeneous_homog_narrow_nig_product_seed1042] step 290/390 trained 36/36 | hop0: 0.0147 | hop1: 0.0295
[heterogeneous_homog_narrow_nig_product_seed1042] step 300/390 trained 36/36 | hop0: 0.0125 | hop1: 0.0210 | hop2: 0.0181
[heterogeneous_homog_narrow_nig_product_seed1042] step 310/390 trained 36/36 | hop0: 0.0072 | hop1: 0.0197 | hop2: 0.0346
[heterogeneous_homog_narrow_nig_product_seed1042] step 320/390 trained 36/36 | hop0: 0.0103 | hop1: 0.0127 | hop2: 0.0194
[heterogeneous_homog_narrow_nig_product_seed1042] step 330/390 trained 36/36 | hop0: 0.0196 | hop1: 0.0111 | hop2: 0.0444
[heterogeneous_homog_narrow_nig_product_seed1042] step 340/390 trained 36/36 | hop0: 0.0097 | hop1: 0.0142 | hop2: 0.0259
[heterogeneous_homog_narrow_nig_product_seed1042] step 350/390 trained 36/36 | hop0: 0.0111 | hop1: 0.0177 | hop2: 0.0328
[heterogeneous_homog_narrow_nig_product_seed1042] step 360/390 trained 36/36 | hop0: 0.0102 | hop1: 0.0225 | hop2: 0.0561
[heterogeneous_homog_narrow_nig_product_seed1042] step 370/390 trained 36/36 | hop0: 0.0101 | hop1: 0.0332 | hop2: 0.0580
[heterogeneous_homog_narrow_nig_product_seed1042] step 380/390 trained 36/36 | hop0: 0.0199 | hop1: 0.0364 | hop2: 0.0777
[heterogeneous_homog_narrow_nig_product_seed1042] mean MSE (last 50 steps): 0.0301 | cert-MSE r=-0.371
[heterogeneous_homog_narrow_nig_product_seed1042] saved runs\chapter5_v2\s5_6_homog_fon\narrow\homog_narrow_nig_product_seed1042\figures\results.png

### heterogeneous/homog_narrow_nig_product_seed1042: last50=0.0301 whole_run=0.0509 r(new)=-0.6310+/-0.1024
    variant_mse: {'narrow': {'whole_run': 0.04806180005696774, 'last50': 0.0251801826841597}}
    disagreement_stats: {'n_events': 273512, 'n_contributors_mean': 3.3666712977858375, 'spread_std_mean': 0.020867371615013418, 'spread_std_median': 0.016527572315768402, 'spread_std_p90': 0.0422989538386813, 'spread_range_mean': 0.05079945047096112, 'spread_range_median': 0.03908818960189819, 'spread_range_p90': 0.1056014508008957, 'frac_range_lt_0p01': 0.10885445611161484, 'nu_std_mean': 0.016118741032355735, 'nu_std_median': 0.013019955854321221, 'nu_std_p90': 0.03391833675902931, 'nu_range_mean': 0.03849433388536031, 'nu_range_median': 0.031140461564064026, 'nu_range_p90': 0.08074039965867996, 'nu_cv_mean': 0.11907758414635546, 'nu_cv_median': 0.08709737133351975, 'nu_cv_p90': 0.27753417630861826, 'max_weight_mean': 0.3868290345519177, 'max_weight_median': 0.36577058100936766, 'max_weight_p90': 0.5496262616553278, 'max_weight_minus_uniform_mean': 0.04096361853117031, 'max_weight_minus_uniform_median': 0.030331482491622597, 'max_weight_minus_uniform_p90': 0.088347645504984, 'gamma_star_vs_unweighted_absdiff_mean': 0.0019834159023482505, 'gamma_star_vs_unweighted_absdiff_median': 0.0007523264758648391, 'gamma_star_vs_unweighted_absdiff_p90': 0.005027731431711758}

>>> [23/40] nig_product seed 2042 -> runs/chapter5_v2/s5_6_homog_fon/narrow  (elapsed 162.6 min)
[het] node variants: {'narrow': 36, 'baseline': 0, 'wide': 0}
[heterogeneous_homog_narrow_nig_product_seed2042] nodes=36 coverage max=9 mode=nig_product steps=390
[heterogeneous_homog_narrow_nig_product_seed2042] step 000/390 trained 36/36 | hop0: 0.1387 | hop1: 0.1054 | hop2: 0.1040
[heterogeneous_homog_narrow_nig_product_seed2042] step 010/390 trained 36/36 | hop0: 0.1153 | hop1: 0.1246 | hop2: 0.0933
[heterogeneous_homog_narrow_nig_product_seed2042] step 020/390 trained 36/36 | hop0: 0.1052 | hop1: 0.0998 | hop2: 0.0953
[heterogeneous_homog_narrow_nig_product_seed2042] step 030/390 trained 36/36 | hop0: 0.0975 | hop1: 0.0945 | hop2: 0.0979
[heterogeneous_homog_narrow_nig_product_seed2042] step 040/390 trained 36/36 | hop0: 0.0721 | hop1: 0.0848 | hop2: 0.1247
[heterogeneous_homog_narrow_nig_product_seed2042] step 050/390 trained 36/36 | hop0: 0.0792 | hop1: 0.0889 | hop2: 0.1032 | hop3: 0.0995
[heterogeneous_homog_narrow_nig_product_seed2042] step 060/390 trained 36/36 | hop0: 0.0891 | hop1: 0.0705 | hop2: 0.1110
[heterogeneous_homog_narrow_nig_product_seed2042] step 070/390 trained 36/36 | hop0: 0.0820 | hop1: 0.0742 | hop2: 0.1035
[heterogeneous_homog_narrow_nig_product_seed2042] step 080/390 trained 36/36 | hop0: 0.0564 | hop1: 0.0669 | hop2: 0.1197
[heterogeneous_homog_narrow_nig_product_seed2042] step 090/390 trained 36/36 | hop0: 0.0454 | hop1: 0.0686 | hop2: 0.0945
[heterogeneous_homog_narrow_nig_product_seed2042] step 100/390 trained 36/36 | hop0: 0.0499 | hop1: 0.0598 | hop2: 0.0835
[heterogeneous_homog_narrow_nig_product_seed2042] step 110/390 trained 36/36 | hop0: 0.0484 | hop1: 0.0520 | hop2: 0.1133
[heterogeneous_homog_narrow_nig_product_seed2042] step 120/390 trained 36/36 | hop0: 0.0478 | hop1: 0.0713
[heterogeneous_homog_narrow_nig_product_seed2042] step 130/390 trained 36/36 | hop0: 0.0480 | hop1: 0.0576 | hop2: 0.1512
[heterogeneous_homog_narrow_nig_product_seed2042] step 140/390 trained 36/36 | hop0: 0.0311 | hop1: 0.0595 | hop2: 0.1440
[heterogeneous_homog_narrow_nig_product_seed2042] step 150/390 trained 36/36 | hop0: 0.0314 | hop1: 0.0346 | hop2: 0.0996
[heterogeneous_homog_narrow_nig_product_seed2042] step 160/390 trained 36/36 | hop0: 0.0328 | hop1: 0.0376 | hop2: 0.0651
[heterogeneous_homog_narrow_nig_product_seed2042] step 170/390 trained 36/36 | hop0: 0.0201 | hop1: 0.0327 | hop2: 0.0586
[heterogeneous_homog_narrow_nig_product_seed2042] step 180/390 trained 36/36 | hop0: 0.0470 | hop1: 0.0473 | hop2: 0.0648
[heterogeneous_homog_narrow_nig_product_seed2042] step 190/390 trained 36/36 | hop0: 0.0299 | hop1: 0.0312 | hop2: 0.0532
[heterogeneous_homog_narrow_nig_product_seed2042] step 200/390 trained 36/36 | hop0: 0.0333 | hop1: 0.0362
[heterogeneous_homog_narrow_nig_product_seed2042] step 210/390 trained 36/36 | hop0: 0.0389 | hop1: 0.0373
[heterogeneous_homog_narrow_nig_product_seed2042] step 220/390 trained 36/36 | hop0: 0.0248 | hop1: 0.0344 | hop2: 0.0567
[heterogeneous_homog_narrow_nig_product_seed2042] step 230/390 trained 36/36 | hop0: 0.0163 | hop1: 0.0274 | hop2: 0.0509
[heterogeneous_homog_narrow_nig_product_seed2042] step 240/390 trained 36/36 | hop0: 0.0186 | hop1: 0.0404 | hop2: 0.0989
[heterogeneous_homog_narrow_nig_product_seed2042] step 250/390 trained 36/36 | hop0: 0.0295 | hop1: 0.0328 | hop2: 0.0495
[heterogeneous_homog_narrow_nig_product_seed2042] step 260/390 trained 36/36 | hop0: 0.0243 | hop1: 0.0323 | hop2: 0.0676
[heterogeneous_homog_narrow_nig_product_seed2042] step 270/390 trained 36/36 | hop0: 0.0137 | hop1: 0.0157 | hop2: 0.0405 | hop3: 0.1273
[heterogeneous_homog_narrow_nig_product_seed2042] step 280/390 trained 36/36 | hop0: 0.0165 | hop1: 0.0171 | hop2: 0.0231
[heterogeneous_homog_narrow_nig_product_seed2042] step 290/390 trained 36/36 | hop0: 0.0084 | hop1: 0.0258 | hop2: 0.0489
[heterogeneous_homog_narrow_nig_product_seed2042] step 300/390 trained 36/36 | hop0: 0.0074 | hop1: 0.0123 | hop2: 0.0593 | hop3: 0.0835
[heterogeneous_homog_narrow_nig_product_seed2042] step 310/390 trained 36/36 | hop0: 0.0107 | hop1: 0.0135 | hop2: 0.0538 | hop3: 0.0725
[heterogeneous_homog_narrow_nig_product_seed2042] step 320/390 trained 36/36 | hop0: 0.0092 | hop1: 0.0122 | hop2: 0.0291
[heterogeneous_homog_narrow_nig_product_seed2042] step 330/390 trained 36/36 | hop0: 0.0054 | hop1: 0.0099 | hop2: 0.0308 | hop3: 0.0304
[heterogeneous_homog_narrow_nig_product_seed2042] step 340/390 trained 36/36 | hop0: 0.0075 | hop1: 0.0182 | hop2: 0.0298 | hop3: 0.0535
[heterogeneous_homog_narrow_nig_product_seed2042] step 350/390 trained 36/36 | hop0: 0.0191 | hop1: 0.0185 | hop2: 0.0575 | hop3: 0.0675
[heterogeneous_homog_narrow_nig_product_seed2042] step 360/390 trained 36/36 | hop0: 0.0104 | hop1: 0.0199 | hop2: 0.0738
[heterogeneous_homog_narrow_nig_product_seed2042] step 370/390 trained 36/36 | hop0: 0.0102 | hop1: 0.0311 | hop2: 0.1064
[heterogeneous_homog_narrow_nig_product_seed2042] step 380/390 trained 36/36 | hop0: 0.0152 | hop1: 0.0387 | hop2: 0.0465
[heterogeneous_homog_narrow_nig_product_seed2042] mean MSE (last 50 steps): 0.0284 | cert-MSE r=-0.010
[heterogeneous_homog_narrow_nig_product_seed2042] saved runs\chapter5_v2\s5_6_homog_fon\narrow\homog_narrow_nig_product_seed2042\figures\results.png

### heterogeneous/homog_narrow_nig_product_seed2042: last50=0.0284 whole_run=0.0515 r(new)=-0.5564+/-0.1246
    variant_mse: {'narrow': {'whole_run': 0.04905759412148017, 'last50': 0.02320463710230047}}
    disagreement_stats: {'n_events': 289212, 'n_contributors_mean': 3.3331189577195968, 'spread_std_mean': 0.020502959771673667, 'spread_std_median': 0.016291515314224226, 'spread_std_p90': 0.042054885269329545, 'spread_range_mean': 0.04987456170075861, 'spread_range_median': 0.03852635622024536, 'spread_range_p90': 0.10557042229920625, 'frac_range_lt_0p01': 0.11452844280320319, 'nu_std_mean': 0.013359980885654295, 'nu_std_median': 0.01036020874400502, 'nu_std_p90': 0.03149820356899682, 'nu_range_mean': 0.03200189467633156, 'nu_range_median': 0.02425498515367508, 'nu_range_p90': 0.0759980894625187, 'nu_cv_mean': 0.10368589396771191, 'nu_cv_median': 0.08455977737514388, 'nu_cv_p90': 0.23616219658042795, 'max_weight_mean': 0.3862435476670525, 'max_weight_median': 0.36494517083498507, 'max_weight_p90': 0.5471138476747144, 'max_weight_minus_uniform_mean': 0.037580184558230666, 'max_weight_minus_uniform_median': 0.02974601090036394, 'max_weight_minus_uniform_p90': 0.07918216421366576, 'gamma_star_vs_unweighted_absdiff_mean': 0.0015447737184736974, 'gamma_star_vs_unweighted_absdiff_median': 0.0007036147102023466, 'gamma_star_vs_unweighted_absdiff_p90': 0.003936134413300474}

>>> [24/40] nig_product seed 3042 -> runs/chapter5_v2/s5_6_homog_fon/narrow  (elapsed 169.9 min)
[het] node variants: {'narrow': 36, 'baseline': 0, 'wide': 0}
[heterogeneous_homog_narrow_nig_product_seed3042] nodes=36 coverage max=9 mode=nig_product steps=390
[heterogeneous_homog_narrow_nig_product_seed3042] step 000/390 trained 36/36 | hop0: 0.1208 | hop1: 0.1263 | hop2: 0.1532
[heterogeneous_homog_narrow_nig_product_seed3042] step 010/390 trained 36/36 | hop0: 0.1071 | hop1: 0.1270
[heterogeneous_homog_narrow_nig_product_seed3042] step 020/390 trained 36/36 | hop0: 0.0942 | hop1: 0.1191
[heterogeneous_homog_narrow_nig_product_seed3042] step 030/390 trained 36/36 | hop0: 0.0955 | hop1: 0.1005
[heterogeneous_homog_narrow_nig_product_seed3042] step 040/390 trained 36/36 | hop0: 0.0780 | hop1: 0.1003
[heterogeneous_homog_narrow_nig_product_seed3042] step 050/390 trained 36/36 | hop0: 0.0727 | hop1: 0.0752 | hop2: 0.0684
[heterogeneous_homog_narrow_nig_product_seed3042] step 060/390 trained 36/36 | hop0: 0.0756 | hop1: 0.0677 | hop2: 0.0998
[heterogeneous_homog_narrow_nig_product_seed3042] step 070/390 trained 36/36 | hop0: 0.0654 | hop1: 0.0692 | hop2: 0.0898
[heterogeneous_homog_narrow_nig_product_seed3042] step 080/390 trained 36/36 | hop0: 0.0510 | hop1: 0.0733 | hop2: 0.1119
[heterogeneous_homog_narrow_nig_product_seed3042] step 090/390 trained 36/36 | hop0: 0.0500 | hop1: 0.0714 | hop2: 0.1008 | hop3: 0.1095
[heterogeneous_homog_narrow_nig_product_seed3042] step 100/390 trained 36/36 | hop0: 0.0632 | hop1: 0.0591 | hop2: 0.0791
[heterogeneous_homog_narrow_nig_product_seed3042] step 110/390 trained 36/36 | hop0: 0.0506 | hop1: 0.0535 | hop2: 0.0789
[heterogeneous_homog_narrow_nig_product_seed3042] step 120/390 trained 36/36 | hop0: 0.0557 | hop1: 0.0714 | hop2: 0.0614
[heterogeneous_homog_narrow_nig_product_seed3042] step 130/390 trained 36/36 | hop0: 0.0556 | hop1: 0.0552 | hop2: 0.0662
[heterogeneous_homog_narrow_nig_product_seed3042] step 140/390 trained 36/36 | hop0: 0.0553 | hop1: 0.0485 | hop2: 0.0395
[heterogeneous_homog_narrow_nig_product_seed3042] step 150/390 trained 36/36 | hop0: 0.0427 | hop1: 0.0409 | hop2: 0.0292
[heterogeneous_homog_narrow_nig_product_seed3042] step 160/390 trained 36/36 | hop0: 0.0424 | hop1: 0.0435 | hop2: 0.0507
[heterogeneous_homog_narrow_nig_product_seed3042] step 170/390 trained 36/36 | hop0: 0.0250 | hop1: 0.0321 | hop2: 0.0444
[heterogeneous_homog_narrow_nig_product_seed3042] step 180/390 trained 36/36 | hop0: 0.0386 | hop1: 0.0350
[heterogeneous_homog_narrow_nig_product_seed3042] step 190/390 trained 36/36 | hop0: 0.0347 | hop1: 0.0314
[heterogeneous_homog_narrow_nig_product_seed3042] step 200/390 trained 36/36 | hop0: 0.0290 | hop1: 0.0310
[heterogeneous_homog_narrow_nig_product_seed3042] step 210/390 trained 36/36 | hop0: 0.0302 | hop1: 0.0241 | hop2: 0.0151
[heterogeneous_homog_narrow_nig_product_seed3042] step 220/390 trained 36/36 | hop0: 0.0165 | hop1: 0.0188 | hop2: 0.0181
[heterogeneous_homog_narrow_nig_product_seed3042] step 230/390 trained 36/36 | hop0: 0.0213 | hop1: 0.0244 | hop2: 0.0180
[heterogeneous_homog_narrow_nig_product_seed3042] step 240/390 trained 36/36 | hop0: 0.0261 | hop1: 0.0262 | hop2: 0.0479
[heterogeneous_homog_narrow_nig_product_seed3042] step 250/390 trained 36/36 | hop0: 0.0221 | hop1: 0.0277 | hop2: 0.0528
[heterogeneous_homog_narrow_nig_product_seed3042] step 260/390 trained 36/36 | hop0: 0.0251 | hop1: 0.0319 | hop2: 0.0916
[heterogeneous_homog_narrow_nig_product_seed3042] step 270/390 trained 36/36 | hop0: 0.0221 | hop1: 0.0569 | hop2: 0.0652
[heterogeneous_homog_narrow_nig_product_seed3042] step 280/390 trained 36/36 | hop0: 0.0075 | hop1: 0.0212 | hop2: 0.0351
[heterogeneous_homog_narrow_nig_product_seed3042] step 290/390 trained 36/36 | hop0: 0.0062 | hop1: 0.0140
[heterogeneous_homog_narrow_nig_product_seed3042] step 300/390 trained 36/36 | hop0: 0.0113 | hop1: 0.0166 | hop2: 0.0241
[heterogeneous_homog_narrow_nig_product_seed3042] step 310/390 trained 36/36 | hop0: 0.0101 | hop1: 0.0160 | hop2: 0.0115
[heterogeneous_homog_narrow_nig_product_seed3042] step 320/390 trained 36/36 | hop0: 0.0059 | hop1: 0.0119 | hop2: 0.0193
[heterogeneous_homog_narrow_nig_product_seed3042] step 330/390 trained 36/36 | hop0: 0.0129 | hop1: 0.0116
[heterogeneous_homog_narrow_nig_product_seed3042] step 340/390 trained 36/36 | hop0: 0.0097 | hop1: 0.0136
[heterogeneous_homog_narrow_nig_product_seed3042] step 350/390 trained 36/36 | hop0: 0.0172 | hop1: 0.0163 | hop2: 0.0241
[heterogeneous_homog_narrow_nig_product_seed3042] step 360/390 trained 36/36 | hop0: 0.0124 | hop1: 0.0194 | hop2: 0.0212
[heterogeneous_homog_narrow_nig_product_seed3042] step 370/390 trained 36/36 | hop0: 0.0254 | hop1: 0.0281
[heterogeneous_homog_narrow_nig_product_seed3042] step 380/390 trained 36/36 | hop0: 0.0208 | hop1: 0.0346 | hop2: 0.0406
[heterogeneous_homog_narrow_nig_product_seed3042] mean MSE (last 50 steps): 0.0251 | cert-MSE r=-0.491
[heterogeneous_homog_narrow_nig_product_seed3042] saved runs\chapter5_v2\s5_6_homog_fon\narrow\homog_narrow_nig_product_seed3042\figures\results.png

### heterogeneous/homog_narrow_nig_product_seed3042: last50=0.0251 whole_run=0.0466 r(new)=-0.7091+/-0.0815
    variant_mse: {'narrow': {'whole_run': 0.04577040882512524, 'last50': 0.028363860170082363}}
    disagreement_stats: {'n_events': 272913, 'n_contributors_mean': 3.3730822643113374, 'spread_std_mean': 0.02268892676737624, 'spread_std_median': 0.018529359825196302, 'spread_std_p90': 0.045237625133696426, 'spread_range_mean': 0.05537062433782982, 'spread_range_median': 0.043922968208789825, 'spread_range_p90': 0.11326390504837036, 'frac_range_lt_0p01': 0.0937221751986897, 'nu_std_mean': 0.013815711600956319, 'nu_std_median': 0.012599790494498742, 'nu_std_p90': 0.026251671840959317, 'nu_range_mean': 0.03367060232437465, 'nu_range_median': 0.029621616005897522, 'nu_range_p90': 0.06757774949073792, 'nu_cv_mean': 0.09379761656417623, 'nu_cv_median': 0.08760484332477073, 'nu_cv_p90': 0.17735086038305822, 'max_weight_mean': 0.37979499154924934, 'max_weight_median': 0.3641691633175363, 'max_weight_p90': 0.5437511869218553, 'max_weight_minus_uniform_mean': 0.0344781733341998, 'max_weight_minus_uniform_median': 0.03049335036272699, 'max_weight_minus_uniform_p90': 0.06676278196424264, 'gamma_star_vs_unweighted_absdiff_mean': 0.0015689340188635508, 'gamma_star_vs_unweighted_absdiff_median': 0.0008222253862109593, 'gamma_star_vs_unweighted_absdiff_p90': 0.004025145647007833}

>>> [25/40] nig_product seed 4042 -> runs/chapter5_v2/s5_6_homog_fon/narrow  (elapsed 177.4 min)
[het] node variants: {'narrow': 36, 'baseline': 0, 'wide': 0}
[heterogeneous_homog_narrow_nig_product_seed4042] nodes=36 coverage max=9 mode=nig_product steps=390
[heterogeneous_homog_narrow_nig_product_seed4042] step 000/390 trained 36/36 | hop0: 0.1072 | hop1: 0.1265 | hop2: 0.1385
[heterogeneous_homog_narrow_nig_product_seed4042] step 010/390 trained 36/36 | hop0: 0.1101 | hop1: 0.1265
[heterogeneous_homog_narrow_nig_product_seed4042] step 020/390 trained 36/36 | hop0: 0.1082 | hop1: 0.1331 | hop2: 0.1699
[heterogeneous_homog_narrow_nig_product_seed4042] step 030/390 trained 36/36 | hop0: 0.0948 | hop1: 0.0986 | hop2: 0.1185
[heterogeneous_homog_narrow_nig_product_seed4042] step 040/390 trained 36/36 | hop0: 0.0920 | hop1: 0.1091 | hop2: 0.1514
[heterogeneous_homog_narrow_nig_product_seed4042] step 050/390 trained 36/36 | hop0: 0.0826 | hop1: 0.0905 | hop2: 0.1566
[heterogeneous_homog_narrow_nig_product_seed4042] step 060/390 trained 36/36 | hop0: 0.0725 | hop1: 0.0705 | hop2: 0.1217
[heterogeneous_homog_narrow_nig_product_seed4042] step 070/390 trained 36/36 | hop0: 0.0597 | hop1: 0.0747 | hop2: 0.1307
[heterogeneous_homog_narrow_nig_product_seed4042] step 080/390 trained 36/36 | hop0: 0.0513 | hop1: 0.0748 | hop2: 0.1060
[heterogeneous_homog_narrow_nig_product_seed4042] step 090/390 trained 36/36 | hop0: 0.0630 | hop1: 0.0746 | hop2: 0.0976 | hop3: 0.1006
[heterogeneous_homog_narrow_nig_product_seed4042] step 100/390 trained 36/36 | hop0: 0.0445 | hop1: 0.0658 | hop2: 0.0851 | hop3: 0.1250
[heterogeneous_homog_narrow_nig_product_seed4042] step 110/390 trained 36/36 | hop0: 0.0490 | hop1: 0.0711 | hop2: 0.0996
[heterogeneous_homog_narrow_nig_product_seed4042] step 120/390 trained 36/36 | hop0: 0.0698 | hop1: 0.0738 | hop2: 0.0832
[heterogeneous_homog_narrow_nig_product_seed4042] step 130/390 trained 36/36 | hop0: 0.0671 | hop1: 0.0544
[heterogeneous_homog_narrow_nig_product_seed4042] step 140/390 trained 36/36 | hop0: 0.0590 | hop1: 0.0419 | hop2: 0.0601
[heterogeneous_homog_narrow_nig_product_seed4042] step 150/390 trained 36/36 | hop0: 0.0448 | hop1: 0.0409 | hop2: 0.0522
[heterogeneous_homog_narrow_nig_product_seed4042] step 160/390 trained 36/36 | hop0: 0.0261 | hop1: 0.0384 | hop2: 0.0478
[heterogeneous_homog_narrow_nig_product_seed4042] step 170/390 trained 36/36 | hop0: 0.0259 | hop1: 0.0395 | hop2: 0.0496
[heterogeneous_homog_narrow_nig_product_seed4042] step 180/390 trained 36/36 | hop0: 0.0359 | hop1: 0.0434 | hop2: 0.0574
[heterogeneous_homog_narrow_nig_product_seed4042] step 190/390 trained 36/36 | hop0: 0.0281 | hop1: 0.0426 | hop2: 0.0601
[heterogeneous_homog_narrow_nig_product_seed4042] step 200/390 trained 36/36 | hop0: 0.0263 | hop1: 0.0322 | hop2: 0.0371
[heterogeneous_homog_narrow_nig_product_seed4042] step 210/390 trained 36/36 | hop0: 0.0247 | hop1: 0.0287 | hop2: 0.0484
[heterogeneous_homog_narrow_nig_product_seed4042] step 220/390 trained 36/36 | hop0: 0.0190 | hop1: 0.0249 | hop2: 0.0505
[heterogeneous_homog_narrow_nig_product_seed4042] step 230/390 trained 36/36 | hop0: 0.0294 | hop1: 0.0251
[heterogeneous_homog_narrow_nig_product_seed4042] step 240/390 trained 36/36 | hop0: 0.0294 | hop1: 0.0339
[heterogeneous_homog_narrow_nig_product_seed4042] step 250/390 trained 36/36 | hop0: 0.0075 | hop1: 0.0223 | hop2: 0.0284
[heterogeneous_homog_narrow_nig_product_seed4042] step 260/390 trained 36/36 | hop0: 0.0277 | hop1: 0.0311 | hop2: 0.0183
[heterogeneous_homog_narrow_nig_product_seed4042] step 270/390 trained 36/36 | hop0: 0.0139 | hop1: 0.0183 | hop2: 0.0059
[heterogeneous_homog_narrow_nig_product_seed4042] step 280/390 trained 36/36 | hop0: 0.0166 | hop1: 0.0180 | hop2: 0.0278
[heterogeneous_homog_narrow_nig_product_seed4042] step 290/390 trained 36/36 | hop0: 0.0140 | hop1: 0.0194 | hop2: 0.0245
[heterogeneous_homog_narrow_nig_product_seed4042] step 300/390 trained 36/36 | hop0: 0.0148 | hop1: 0.0171 | hop2: 0.0113
[heterogeneous_homog_narrow_nig_product_seed4042] step 310/390 trained 36/36 | hop0: 0.0127 | hop1: 0.0116 | hop2: 0.0128
[heterogeneous_homog_narrow_nig_product_seed4042] step 320/390 trained 36/36 | hop0: 0.0070 | hop1: 0.0149 | hop2: 0.0088
[heterogeneous_homog_narrow_nig_product_seed4042] step 330/390 trained 36/36 | hop0: 0.0100 | hop1: 0.0098 | hop2: 0.0183
[heterogeneous_homog_narrow_nig_product_seed4042] step 340/390 trained 36/36 | hop0: 0.0128 | hop1: 0.0194 | hop2: 0.0315
[heterogeneous_homog_narrow_nig_product_seed4042] step 350/390 trained 36/36 | hop0: 0.0291 | hop1: 0.0113 | hop2: 0.0253
[heterogeneous_homog_narrow_nig_product_seed4042] step 360/390 trained 36/36 | hop0: 0.0230 | hop1: 0.0253
[heterogeneous_homog_narrow_nig_product_seed4042] step 370/390 trained 36/36 | hop0: 0.0115 | hop1: 0.0238 | hop2: 0.0454
[heterogeneous_homog_narrow_nig_product_seed4042] step 380/390 trained 36/36 | hop0: 0.0198 | hop1: 0.0223 | hop2: 0.0765
[heterogeneous_homog_narrow_nig_product_seed4042] mean MSE (last 50 steps): 0.0250 | cert-MSE r=-0.435
[heterogeneous_homog_narrow_nig_product_seed4042] saved runs\chapter5_v2\s5_6_homog_fon\narrow\homog_narrow_nig_product_seed4042\figures\results.png

### heterogeneous/homog_narrow_nig_product_seed4042: last50=0.0250 whole_run=0.0493 r(new)=-0.6936+/-0.0872
    variant_mse: {'narrow': {'whole_run': 0.047740338146388665, 'last50': 0.030740300179313496}}
    disagreement_stats: {'n_events': 274255, 'n_contributors_mean': 3.3577801680917396, 'spread_std_mean': 0.021194951957351812, 'spread_std_median': 0.01720887932593645, 'spread_std_p90': 0.04331382434951242, 'spread_range_mean': 0.051572579772226505, 'spread_range_median': 0.04064542055130005, 'spread_range_p90': 0.10897900462150578, 'frac_range_lt_0p01': 0.10877103425644018, 'nu_std_mean': 0.01706212853459387, 'nu_std_median': 0.014843910518031111, 'nu_std_p90': 0.034762258959366625, 'nu_range_mean': 0.04109895858234563, 'nu_range_median': 0.03419865667819977, 'nu_range_p90': 0.08772997930645943, 'nu_cv_mean': 0.13225989641858543, 'nu_cv_median': 0.11227404309304902, 'nu_cv_p90': 0.2723821924092296, 'max_weight_mean': 0.39473302147987815, 'max_weight_median': 0.37423332133248, 'max_weight_p90': 0.5615572636781846, 'max_weight_minus_uniform_mean': 0.04802364169689895, 'max_weight_minus_uniform_median': 0.03936929523927224, 'max_weight_minus_uniform_p90': 0.10232457450055135, 'gamma_star_vs_unweighted_absdiff_mean': 0.002122838306475114, 'gamma_star_vs_unweighted_absdiff_median': 0.0009470918261393069, 'gamma_star_vs_unweighted_absdiff_p90': 0.005603029945531323}

>>> [26/40] nig_product seed 42 -> runs/chapter5_v2/s5_6_homog_fon/baseline  (elapsed 185.0 min)
[heterogeneous_het_nig_product] nodes=36 coverage max=9 mode=nig_product steps=390
[heterogeneous_het_nig_product] step 000/390 trained 36/36 | hop0: 0.1081 | hop1: 0.1006
[heterogeneous_het_nig_product] step 010/390 trained 36/36 | hop0: 0.0651 | hop1: 0.0882
[heterogeneous_het_nig_product] step 020/390 trained 36/36 | hop0: 0.0705 | hop1: 0.0694 | hop2: 0.0823
[heterogeneous_het_nig_product] step 030/390 trained 36/36 | hop0: 0.0517 | hop1: 0.0678 | hop2: 0.1025
[heterogeneous_het_nig_product] step 040/390 trained 36/36 | hop0: 0.0412 | hop1: 0.0582 | hop2: 0.0638
[heterogeneous_het_nig_product] step 050/390 trained 36/36 | hop0: 0.0414 | hop1: 0.0422 | hop2: 0.0513
[heterogeneous_het_nig_product] step 060/390 trained 36/36 | hop0: 0.0249 | hop1: 0.0419 | hop2: 0.0596
[heterogeneous_het_nig_product] step 070/390 trained 36/36 | hop0: 0.0196 | hop1: 0.0342 | hop2: 0.0608
[heterogeneous_het_nig_product] step 080/390 trained 36/36 | hop0: 0.0140 | hop1: 0.0302 | hop2: 0.0800
[heterogeneous_het_nig_product] step 090/390 trained 36/36 | hop0: 0.0160 | hop1: 0.0262
[heterogeneous_het_nig_product] step 100/390 trained 36/36 | hop0: 0.0140 | hop1: 0.0231 | hop2: 0.0238
[heterogeneous_het_nig_product] step 110/390 trained 36/36 | hop0: 0.0225 | hop1: 0.0176 | hop2: 0.0254
[heterogeneous_het_nig_product] step 120/390 trained 36/36 | hop0: 0.0216 | hop1: 0.0358 | hop2: 0.0455
[heterogeneous_het_nig_product] step 130/390 trained 36/36 | hop0: 0.0158 | hop1: 0.0429 | hop2: 0.0992
[heterogeneous_het_nig_product] step 140/390 trained 36/36 | hop0: 0.0061 | hop1: 0.0364 | hop2: 0.0725
[heterogeneous_het_nig_product] step 150/390 trained 36/36 | hop0: 0.0029 | hop1: 0.0133 | hop2: 0.0778
[heterogeneous_het_nig_product] step 160/390 trained 36/36 | hop0: 0.0069 | hop1: 0.0091 | hop2: 0.0383
[heterogeneous_het_nig_product] step 170/390 trained 36/36 | hop0: 0.0033 | hop1: 0.0062 | hop2: 0.0151
[heterogeneous_het_nig_product] step 180/390 trained 36/36 | hop0: 0.0037 | hop1: 0.0040 | hop2: 0.0121
[heterogeneous_het_nig_product] step 190/390 trained 36/36 | hop0: 0.0038 | hop1: 0.0048 | hop2: 0.0196
[heterogeneous_het_nig_product] step 200/390 trained 36/36 | hop0: 0.0040 | hop1: 0.0047 | hop2: 0.0117
[heterogeneous_het_nig_product] step 210/390 trained 36/36 | hop0: 0.0037 | hop1: 0.0042 | hop2: 0.0073
[heterogeneous_het_nig_product] step 220/390 trained 36/36 | hop0: 0.0036 | hop1: 0.0058
[heterogeneous_het_nig_product] step 230/390 trained 36/36 | hop0: 0.0038 | hop1: 0.0067 | hop2: 0.0077
[heterogeneous_het_nig_product] step 240/390 trained 36/36 | hop0: 0.0043 | hop1: 0.0096 | hop2: 0.0114
[heterogeneous_het_nig_product] step 250/390 trained 36/36 | hop0: 0.0044 | hop1: 0.0127 | hop2: 0.0216
[heterogeneous_het_nig_product] step 260/390 trained 36/36 | hop0: 0.0074 | hop1: 0.0133
[heterogeneous_het_nig_product] step 270/390 trained 36/36 | hop0: 0.0062 | hop1: 0.0109 | hop2: 0.0060
[heterogeneous_het_nig_product] step 280/390 trained 36/36 | hop0: 0.0044 | hop1: 0.0108
[heterogeneous_het_nig_product] step 290/390 trained 36/36 | hop0: 0.0132 | hop1: 0.0068 | hop2: 0.0173
[heterogeneous_het_nig_product] step 300/390 trained 36/36 | hop0: 0.0137 | hop1: 0.0053 | hop2: 0.0133
[heterogeneous_het_nig_product] step 310/390 trained 36/36 | hop0: 0.0091 | hop1: 0.0055 | hop2: 0.0039
[heterogeneous_het_nig_product] step 320/390 trained 36/36 | hop0: 0.0051 | hop1: 0.0054 | hop2: 0.0012
[heterogeneous_het_nig_product] step 330/390 trained 36/36 | hop0: 0.0053 | hop1: 0.0036 | hop2: 0.0016
[heterogeneous_het_nig_product] step 340/390 trained 36/36 | hop0: 0.0075 | hop1: 0.0042
[heterogeneous_het_nig_product] step 350/390 trained 36/36 | hop0: 0.0111 | hop1: 0.0064 | hop2: 0.0097
[heterogeneous_het_nig_product] step 360/390 trained 36/36 | hop0: 0.0055 | hop1: 0.0103 | hop2: 0.0107
[heterogeneous_het_nig_product] step 370/390 trained 36/36 | hop0: 0.0034 | hop1: 0.0085 | hop2: 0.0160
[heterogeneous_het_nig_product] step 380/390 trained 36/36 | hop0: 0.0057 | hop1: 0.0101 | hop2: 0.0252
[heterogeneous_het_nig_product] mean MSE (last 50 steps): 0.0122 | cert-MSE r=-0.476
[heterogeneous_het_nig_product] saved runs\chapter5_v2\s5_6_homog_fon\baseline\het_nig_product\figures\results.png

### heterogeneous/het_nig_product: last50=0.0122 whole_run=0.0236 r(new)=-0.3615+/-0.1367
    variant_mse: {'baseline': {'whole_run': 0.021958286848959018, 'last50': 0.01783054925302657}}
    disagreement_stats: {'n_events': 278483, 'n_contributors_mean': 3.359468980153187, 'spread_std_mean': 0.0241609481258389, 'spread_std_median': 0.019563980936671548, 'spread_std_p90': 0.04994792062475717, 'spread_range_mean': 0.058681830907112154, 'spread_range_median': 0.04627704620361328, 'spread_range_p90': 0.12457979768514638, 'frac_range_lt_0p01': 0.09368974048685198, 'nu_std_mean': 0.018871905594779213, 'nu_std_median': 0.01736795014574253, 'nu_std_p90': 0.0357728487434901, 'nu_range_mean': 0.04548601473289784, 'nu_range_median': 0.041091546416282654, 'nu_range_p90': 0.09039490669965744, 'nu_cv_mean': 0.09815636599448539, 'nu_cv_median': 0.08531929677758444, 'nu_cv_p90': 0.1972099778576586, 'max_weight_mean': 0.38153322845039683, 'max_weight_median': 0.36265303225928747, 'max_weight_p90': 0.5522231924662689, 'max_weight_minus_uniform_mean': 0.03502852174264365, 'max_weight_minus_uniform_median': 0.028204174256904913, 'max_weight_minus_uniform_p90': 0.07451709236677659, 'gamma_star_vs_unweighted_absdiff_mean': 0.0017533349317807076, 'gamma_star_vs_unweighted_absdiff_median': 0.000833046956259232, 'gamma_star_vs_unweighted_absdiff_p90': 0.004597072923030617}

>>> [27/40] nig_product seed 1042 -> runs/chapter5_v2/s5_6_homog_fon/baseline  (elapsed 192.6 min)
[heterogeneous_het_nig_product_seed1042] nodes=36 coverage max=9 mode=nig_product steps=390
[heterogeneous_het_nig_product_seed1042] step 000/390 trained 36/36 | hop0: 0.0928 | hop1: 0.1057
[heterogeneous_het_nig_product_seed1042] step 010/390 trained 36/36 | hop0: 0.0765 | hop1: 0.0840 | hop2: 0.1446
[heterogeneous_het_nig_product_seed1042] step 020/390 trained 36/36 | hop0: 0.0593 | hop1: 0.0680
[heterogeneous_het_nig_product_seed1042] step 030/390 trained 36/36 | hop0: 0.0661 | hop1: 0.0731 | hop2: 0.0727
[heterogeneous_het_nig_product_seed1042] step 040/390 trained 36/36 | hop0: 0.0518 | hop1: 0.0572 | hop2: 0.0948
[heterogeneous_het_nig_product_seed1042] step 050/390 trained 36/36 | hop0: 0.0420 | hop1: 0.0412 | hop2: 0.0651
[heterogeneous_het_nig_product_seed1042] step 060/390 trained 36/36 | hop0: 0.0364 | hop1: 0.0380 | hop2: 0.0562
[heterogeneous_het_nig_product_seed1042] step 070/390 trained 36/36 | hop0: 0.0260 | hop1: 0.0305 | hop2: 0.0574
[heterogeneous_het_nig_product_seed1042] step 080/390 trained 36/36 | hop0: 0.0179 | hop1: 0.0297 | hop2: 0.0961
[heterogeneous_het_nig_product_seed1042] step 090/390 trained 36/36 | hop0: 0.0158 | hop1: 0.0223 | hop2: 0.0496
[heterogeneous_het_nig_product_seed1042] step 100/390 trained 36/36 | hop0: 0.0153 | hop1: 0.0173
[heterogeneous_het_nig_product_seed1042] step 110/390 trained 36/36 | hop0: 0.0109 | hop1: 0.0158 | hop2: 0.0259
[heterogeneous_het_nig_product_seed1042] step 120/390 trained 36/36 | hop0: 0.0144 | hop1: 0.0155 | hop2: 0.0327
[heterogeneous_het_nig_product_seed1042] step 130/390 trained 36/36 | hop0: 0.0168 | hop1: 0.0159 | hop2: 0.0335
[heterogeneous_het_nig_product_seed1042] step 140/390 trained 36/36 | hop0: 0.0310 | hop1: 0.0105 | hop2: 0.0249
[heterogeneous_het_nig_product_seed1042] step 150/390 trained 36/36 | hop0: 0.0234 | hop1: 0.0141 | hop2: 0.0204
[heterogeneous_het_nig_product_seed1042] step 160/390 trained 36/36 | hop0: 0.0091 | hop1: 0.0118 | hop2: 0.0260
[heterogeneous_het_nig_product_seed1042] step 170/390 trained 36/36 | hop0: 0.0045 | hop1: 0.0118 | hop2: 0.0302
[heterogeneous_het_nig_product_seed1042] step 180/390 trained 36/36 | hop0: 0.0058 | hop1: 0.0132 | hop2: 0.0271
[heterogeneous_het_nig_product_seed1042] step 190/390 trained 36/36 | hop0: 0.0103 | hop1: 0.0163
[heterogeneous_het_nig_product_seed1042] step 200/390 trained 36/36 | hop0: 0.0074 | hop1: 0.0150 | hop2: 0.0097
[heterogeneous_het_nig_product_seed1042] step 210/390 trained 36/36 | hop0: 0.0045 | hop1: 0.0120
[heterogeneous_het_nig_product_seed1042] step 220/390 trained 36/36 | hop0: 0.0062 | hop1: 0.0087 | hop2: 0.0158
[heterogeneous_het_nig_product_seed1042] step 230/390 trained 36/36 | hop0: 0.0086 | hop1: 0.0067 | hop2: 0.0114
[heterogeneous_het_nig_product_seed1042] step 240/390 trained 36/36 | hop0: 0.0080 | hop1: 0.0152 | hop2: 0.0199
[heterogeneous_het_nig_product_seed1042] step 250/390 trained 36/36 | hop0: 0.0070 | hop1: 0.0180 | hop2: 0.0618
[heterogeneous_het_nig_product_seed1042] step 260/390 trained 36/36 | hop0: 0.0120 | hop1: 0.0250 | hop2: 0.0769
[heterogeneous_het_nig_product_seed1042] step 270/390 trained 36/36 | hop0: 0.0125 | hop1: 0.0207
[heterogeneous_het_nig_product_seed1042] step 280/390 trained 36/36 | hop0: 0.0042 | hop1: 0.0173
[heterogeneous_het_nig_product_seed1042] step 290/390 trained 36/36 | hop0: 0.0023 | hop1: 0.0139
[heterogeneous_het_nig_product_seed1042] step 300/390 trained 36/36 | hop0: 0.0045 | hop1: 0.0115 | hop2: 0.0011
[heterogeneous_het_nig_product_seed1042] step 310/390 trained 36/36 | hop0: 0.0023 | hop1: 0.0067 | hop2: 0.0126
[heterogeneous_het_nig_product_seed1042] step 320/390 trained 36/36 | hop0: 0.0023 | hop1: 0.0040 | hop2: 0.0076
[heterogeneous_het_nig_product_seed1042] step 330/390 trained 36/36 | hop0: 0.0010 | hop1: 0.0021 | hop2: 0.0040
[heterogeneous_het_nig_product_seed1042] step 340/390 trained 36/36 | hop0: 0.0018 | hop1: 0.0037 | hop2: 0.0050
[heterogeneous_het_nig_product_seed1042] step 350/390 trained 36/36 | hop0: 0.0016 | hop1: 0.0109 | hop2: 0.0155
[heterogeneous_het_nig_product_seed1042] step 360/390 trained 36/36 | hop0: 0.0025 | hop1: 0.0093 | hop2: 0.0470
[heterogeneous_het_nig_product_seed1042] step 370/390 trained 36/36 | hop0: 0.0055 | hop1: 0.0206 | hop2: 0.0458
[heterogeneous_het_nig_product_seed1042] step 380/390 trained 36/36 | hop0: 0.0063 | hop1: 0.0254 | hop2: 0.0582
[heterogeneous_het_nig_product_seed1042] mean MSE (last 50 steps): 0.0182 | cert-MSE r=-0.446
[heterogeneous_het_nig_product_seed1042] saved runs\chapter5_v2\s5_6_homog_fon\baseline\het_nig_product_seed1042\figures\results.png

### heterogeneous/het_nig_product_seed1042: last50=0.0182 whole_run=0.0253 r(new)=-0.4397+/-0.1173
    variant_mse: {'baseline': {'whole_run': 0.023145048809135853, 'last50': 0.020785093449996}}
    disagreement_stats: {'n_events': 273512, 'n_contributors_mean': 3.3666712977858375, 'spread_std_mean': 0.021733001055032643, 'spread_std_median': 0.016668558397562053, 'spread_std_p90': 0.044715702368461924, 'spread_range_mean': 0.05285803112114904, 'spread_range_median': 0.03956132382154465, 'spread_range_p90': 0.11173658072948452, 'frac_range_lt_0p01': 0.10914694784872328, 'nu_std_mean': 0.015824796451877732, 'nu_std_median': 0.013062907587789505, 'nu_std_p90': 0.03325195891994904, 'nu_range_mean': 0.03775801864227681, 'nu_range_median': 0.031213123351335526, 'nu_range_p90': 0.07923141121864319, 'nu_cv_mean': 0.08709988044152595, 'nu_cv_median': 0.0640232788505742, 'nu_cv_p90': 0.2014930228620157, 'max_weight_mean': 0.3761081096965114, 'max_weight_median': 0.35689968432604235, 'max_weight_p90': 0.5365309215809522, 'max_weight_minus_uniform_mean': 0.03024269367576398, 'max_weight_minus_uniform_median': 0.021728070741276834, 'max_weight_minus_uniform_p90': 0.06578499419711288, 'gamma_star_vs_unweighted_absdiff_mean': 0.001508364276228196, 'gamma_star_vs_unweighted_absdiff_median': 0.0005711756801428415, 'gamma_star_vs_unweighted_absdiff_p90': 0.003754139335260482}

>>> [28/40] nig_product seed 2042 -> runs/chapter5_v2/s5_6_homog_fon/baseline  (elapsed 199.9 min)
[heterogeneous_het_nig_product_seed2042] nodes=36 coverage max=9 mode=nig_product steps=390
[heterogeneous_het_nig_product_seed2042] step 000/390 trained 36/36 | hop0: 0.0980 | hop1: 0.0853 | hop2: 0.0981
[heterogeneous_het_nig_product_seed2042] step 010/390 trained 36/36 | hop0: 0.0873 | hop1: 0.1014 | hop2: 0.0987
[heterogeneous_het_nig_product_seed2042] step 020/390 trained 36/36 | hop0: 0.0686 | hop1: 0.0796 | hop2: 0.0929
[heterogeneous_het_nig_product_seed2042] step 030/390 trained 36/36 | hop0: 0.0654 | hop1: 0.0609 | hop2: 0.0839
[heterogeneous_het_nig_product_seed2042] step 040/390 trained 36/36 | hop0: 0.0428 | hop1: 0.0628 | hop2: 0.0915
[heterogeneous_het_nig_product_seed2042] step 050/390 trained 36/36 | hop0: 0.0446 | hop1: 0.0498 | hop2: 0.0654 | hop3: 0.0921
[heterogeneous_het_nig_product_seed2042] step 060/390 trained 36/36 | hop0: 0.0426 | hop1: 0.0380 | hop2: 0.0731
[heterogeneous_het_nig_product_seed2042] step 070/390 trained 36/36 | hop0: 0.0341 | hop1: 0.0398 | hop2: 0.0646
[heterogeneous_het_nig_product_seed2042] step 080/390 trained 36/36 | hop0: 0.0245 | hop1: 0.0327 | hop2: 0.0586
[heterogeneous_het_nig_product_seed2042] step 090/390 trained 36/36 | hop0: 0.0153 | hop1: 0.0241 | hop2: 0.0522
[heterogeneous_het_nig_product_seed2042] step 100/390 trained 36/36 | hop0: 0.0148 | hop1: 0.0181 | hop2: 0.0286
[heterogeneous_het_nig_product_seed2042] step 110/390 trained 36/36 | hop0: 0.0144 | hop1: 0.0165 | hop2: 0.0219
[heterogeneous_het_nig_product_seed2042] step 120/390 trained 36/36 | hop0: 0.0104 | hop1: 0.0287
[heterogeneous_het_nig_product_seed2042] step 130/390 trained 36/36 | hop0: 0.0081 | hop1: 0.0254 | hop2: 0.1400
[heterogeneous_het_nig_product_seed2042] step 140/390 trained 36/36 | hop0: 0.0095 | hop1: 0.0330 | hop2: 0.1394
[heterogeneous_het_nig_product_seed2042] step 150/390 trained 36/36 | hop0: 0.0051 | hop1: 0.0244 | hop2: 0.0710
[heterogeneous_het_nig_product_seed2042] step 160/390 trained 36/36 | hop0: 0.0054 | hop1: 0.0277 | hop2: 0.0583
[heterogeneous_het_nig_product_seed2042] step 170/390 trained 36/36 | hop0: 0.0045 | hop1: 0.0258 | hop2: 0.0523
[heterogeneous_het_nig_product_seed2042] step 180/390 trained 36/36 | hop0: 0.0093 | hop1: 0.0129 | hop2: 0.0253
[heterogeneous_het_nig_product_seed2042] step 190/390 trained 36/36 | hop0: 0.0099 | hop1: 0.0136 | hop2: 0.0199
[heterogeneous_het_nig_product_seed2042] step 200/390 trained 36/36 | hop0: 0.0062 | hop1: 0.0129
[heterogeneous_het_nig_product_seed2042] step 210/390 trained 36/36 | hop0: 0.0081 | hop1: 0.0105
[heterogeneous_het_nig_product_seed2042] step 220/390 trained 36/36 | hop0: 0.0039 | hop1: 0.0087 | hop2: 0.0274
[heterogeneous_het_nig_product_seed2042] step 230/390 trained 36/36 | hop0: 0.0041 | hop1: 0.0127 | hop2: 0.0317
[heterogeneous_het_nig_product_seed2042] step 240/390 trained 36/36 | hop0: 0.0069 | hop1: 0.0190 | hop2: 0.0423
[heterogeneous_het_nig_product_seed2042] step 250/390 trained 36/36 | hop0: 0.0060 | hop1: 0.0156 | hop2: 0.0385
[heterogeneous_het_nig_product_seed2042] step 260/390 trained 36/36 | hop0: 0.0082 | hop1: 0.0119 | hop2: 0.0293
[heterogeneous_het_nig_product_seed2042] step 270/390 trained 36/36 | hop0: 0.0075 | hop1: 0.0084 | hop2: 0.0216 | hop3: 0.0217
[heterogeneous_het_nig_product_seed2042] step 280/390 trained 36/36 | hop0: 0.0084 | hop1: 0.0150 | hop2: 0.0221
[heterogeneous_het_nig_product_seed2042] step 290/390 trained 36/36 | hop0: 0.0036 | hop1: 0.0208 | hop2: 0.0211
[heterogeneous_het_nig_product_seed2042] step 300/390 trained 36/36 | hop0: 0.0021 | hop1: 0.0052 | hop2: 0.0304 | hop3: 0.0189
[heterogeneous_het_nig_product_seed2042] step 310/390 trained 36/36 | hop0: 0.0017 | hop1: 0.0043 | hop2: 0.0238 | hop3: 0.0169
[heterogeneous_het_nig_product_seed2042] step 320/390 trained 36/36 | hop0: 0.0021 | hop1: 0.0050 | hop2: 0.0148
[heterogeneous_het_nig_product_seed2042] step 330/390 trained 36/36 | hop0: 0.0022 | hop1: 0.0035 | hop2: 0.0070 | hop3: 0.0109
[heterogeneous_het_nig_product_seed2042] step 340/390 trained 36/36 | hop0: 0.0015 | hop1: 0.0025 | hop2: 0.0073 | hop3: 0.0121
[heterogeneous_het_nig_product_seed2042] step 350/390 trained 36/36 | hop0: 0.0017 | hop1: 0.0069 | hop2: 0.0303 | hop3: 0.0483
[heterogeneous_het_nig_product_seed2042] step 360/390 trained 36/36 | hop0: 0.0037 | hop1: 0.0119 | hop2: 0.0645
[heterogeneous_het_nig_product_seed2042] step 370/390 trained 36/36 | hop0: 0.0039 | hop1: 0.0165 | hop2: 0.0948
[heterogeneous_het_nig_product_seed2042] step 380/390 trained 36/36 | hop0: 0.0051 | hop1: 0.0113 | hop2: 0.0345
[heterogeneous_het_nig_product_seed2042] mean MSE (last 50 steps): 0.0183 | cert-MSE r=0.030
[heterogeneous_het_nig_product_seed2042] saved runs\chapter5_v2\s5_6_homog_fon\baseline\het_nig_product_seed2042\figures\results.png

### heterogeneous/het_nig_product_seed2042: last50=0.0183 whole_run=0.0285 r(new)=-0.2513+/-0.1541
    variant_mse: {'baseline': {'whole_run': 0.026412765965445135, 'last50': 0.010142355713579155}}
    disagreement_stats: {'n_events': 289212, 'n_contributors_mean': 3.3331189577195968, 'spread_std_mean': 0.02079890447839486, 'spread_std_median': 0.016334466636180878, 'spread_std_p90': 0.04270185763592811, 'spread_range_mean': 0.050423238278059765, 'spread_range_median': 0.03869900107383728, 'spread_range_p90': 0.10597115755081177, 'frac_range_lt_0p01': 0.11237777132345822, 'nu_std_mean': 0.014361165467017373, 'nu_std_median': 0.010518303038039717, 'nu_std_p90': 0.03453708328915611, 'nu_range_mean': 0.034115603553659876, 'nu_range_median': 0.024320878088474274, 'nu_range_p90': 0.08279434591531754, 'nu_cv_mean': 0.08384445283207288, 'nu_cv_median': 0.06178948515411002, 'nu_cv_p90': 0.20138456656059353, 'max_weight_mean': 0.3790308616147201, 'max_weight_median': 0.3577625413768085, 'max_weight_p90': 0.5353595853107104, 'max_weight_minus_uniform_mean': 0.03036749850589835, 'max_weight_minus_uniform_median': 0.02208295157764978, 'max_weight_minus_uniform_p90': 0.06389497531757554, 'gamma_star_vs_unweighted_absdiff_mean': 0.0013014837229966434, 'gamma_star_vs_unweighted_absdiff_median': 0.0005501576610982355, 'gamma_star_vs_unweighted_absdiff_p90': 0.003301112503606489}

>>> [29/40] nig_product seed 3042 -> runs/chapter5_v2/s5_6_homog_fon/baseline  (elapsed 207.3 min)
[heterogeneous_het_nig_product_seed3042] nodes=36 coverage max=9 mode=nig_product steps=390
[heterogeneous_het_nig_product_seed3042] step 000/390 trained 36/36 | hop0: 0.0953 | hop1: 0.0930 | hop2: 0.1606
[heterogeneous_het_nig_product_seed3042] step 010/390 trained 36/36 | hop0: 0.0726 | hop1: 0.1023
[heterogeneous_het_nig_product_seed3042] step 020/390 trained 36/36 | hop0: 0.0751 | hop1: 0.0898
[heterogeneous_het_nig_product_seed3042] step 030/390 trained 36/36 | hop0: 0.0678 | hop1: 0.0834
[heterogeneous_het_nig_product_seed3042] step 040/390 trained 36/36 | hop0: 0.0587 | hop1: 0.0629
[heterogeneous_het_nig_product_seed3042] step 050/390 trained 36/36 | hop0: 0.0412 | hop1: 0.0485 | hop2: 0.0510
[heterogeneous_het_nig_product_seed3042] step 060/390 trained 36/36 | hop0: 0.0444 | hop1: 0.0407 | hop2: 0.0540
[heterogeneous_het_nig_product_seed3042] step 070/390 trained 36/36 | hop0: 0.0276 | hop1: 0.0365 | hop2: 0.0752
[heterogeneous_het_nig_product_seed3042] step 080/390 trained 36/36 | hop0: 0.0180 | hop1: 0.0282 | hop2: 0.0826
[heterogeneous_het_nig_product_seed3042] step 090/390 trained 36/36 | hop0: 0.0140 | hop1: 0.0229 | hop2: 0.0533 | hop3: 0.0659
[heterogeneous_het_nig_product_seed3042] step 100/390 trained 36/36 | hop0: 0.0148 | hop1: 0.0193 | hop2: 0.0351
[heterogeneous_het_nig_product_seed3042] step 110/390 trained 36/36 | hop0: 0.0122 | hop1: 0.0207 | hop2: 0.0282
[heterogeneous_het_nig_product_seed3042] step 120/390 trained 36/36 | hop0: 0.0128 | hop1: 0.0301 | hop2: 0.0245
[heterogeneous_het_nig_product_seed3042] step 130/390 trained 36/36 | hop0: 0.0157 | hop1: 0.0348 | hop2: 0.0555
[heterogeneous_het_nig_product_seed3042] step 140/390 trained 36/36 | hop0: 0.0269 | hop1: 0.0182 | hop2: 0.0099
[heterogeneous_het_nig_product_seed3042] step 150/390 trained 36/36 | hop0: 0.0179 | hop1: 0.0100 | hop2: 0.0040
[heterogeneous_het_nig_product_seed3042] step 160/390 trained 36/36 | hop0: 0.0118 | hop1: 0.0132 | hop2: 0.0072
[heterogeneous_het_nig_product_seed3042] step 170/390 trained 36/36 | hop0: 0.0126 | hop1: 0.0157 | hop2: 0.0125
[heterogeneous_het_nig_product_seed3042] step 180/390 trained 36/36 | hop0: 0.0185 | hop1: 0.0105
[heterogeneous_het_nig_product_seed3042] step 190/390 trained 36/36 | hop0: 0.0167 | hop1: 0.0106
[heterogeneous_het_nig_product_seed3042] step 200/390 trained 36/36 | hop0: 0.0122 | hop1: 0.0108
[heterogeneous_het_nig_product_seed3042] step 210/390 trained 36/36 | hop0: 0.0068 | hop1: 0.0096 | hop2: 0.0037
[heterogeneous_het_nig_product_seed3042] step 220/390 trained 36/36 | hop0: 0.0048 | hop1: 0.0077 | hop2: 0.0040
[heterogeneous_het_nig_product_seed3042] step 230/390 trained 36/36 | hop0: 0.0069 | hop1: 0.0068 | hop2: 0.0035
[heterogeneous_het_nig_product_seed3042] step 240/390 trained 36/36 | hop0: 0.0117 | hop1: 0.0082 | hop2: 0.0301
[heterogeneous_het_nig_product_seed3042] step 250/390 trained 36/36 | hop0: 0.0100 | hop1: 0.0125 | hop2: 0.0611
[heterogeneous_het_nig_product_seed3042] step 260/390 trained 36/36 | hop0: 0.0086 | hop1: 0.0203 | hop2: 0.0720
[heterogeneous_het_nig_product_seed3042] step 270/390 trained 36/36 | hop0: 0.0057 | hop1: 0.0139 | hop2: 0.0353
[heterogeneous_het_nig_product_seed3042] step 280/390 trained 36/36 | hop0: 0.0019 | hop1: 0.0092 | hop2: 0.0196
[heterogeneous_het_nig_product_seed3042] step 290/390 trained 36/36 | hop0: 0.0025 | hop1: 0.0099
[heterogeneous_het_nig_product_seed3042] step 300/390 trained 36/36 | hop0: 0.0031 | hop1: 0.0085 | hop2: 0.0069
[heterogeneous_het_nig_product_seed3042] step 310/390 trained 36/36 | hop0: 0.0018 | hop1: 0.0070 | hop2: 0.0079
[heterogeneous_het_nig_product_seed3042] step 320/390 trained 36/36 | hop0: 0.0012 | hop1: 0.0036 | hop2: 0.0063
[heterogeneous_het_nig_product_seed3042] step 330/390 trained 36/36 | hop0: 0.0014 | hop1: 0.0016
[heterogeneous_het_nig_product_seed3042] step 340/390 trained 36/36 | hop0: 0.0017 | hop1: 0.0027
[heterogeneous_het_nig_product_seed3042] step 350/390 trained 36/36 | hop0: 0.0102 | hop1: 0.0049 | hop2: 0.0072
[heterogeneous_het_nig_product_seed3042] step 360/390 trained 36/36 | hop0: 0.0093 | hop1: 0.0124 | hop2: 0.0127
[heterogeneous_het_nig_product_seed3042] step 370/390 trained 36/36 | hop0: 0.0078 | hop1: 0.0203
[heterogeneous_het_nig_product_seed3042] step 380/390 trained 36/36 | hop0: 0.0069 | hop1: 0.0177 | hop2: 0.0195
[heterogeneous_het_nig_product_seed3042] mean MSE (last 50 steps): 0.0138 | cert-MSE r=-0.277
[heterogeneous_het_nig_product_seed3042] saved runs\chapter5_v2\s5_6_homog_fon\baseline\het_nig_product_seed3042\figures\results.png

### heterogeneous/het_nig_product_seed3042: last50=0.0138 whole_run=0.0245 r(new)=-0.2644+/-0.1275
    variant_mse: {'baseline': {'whole_run': 0.023271606807132268, 'last50': 0.013867014179863312}}
    disagreement_stats: {'n_events': 272913, 'n_contributors_mean': 3.3730822643113374, 'spread_std_mean': 0.022326024818644416, 'spread_std_median': 0.01777560048412132, 'spread_std_p90': 0.0453916096081101, 'spread_range_mean': 0.054452513319548194, 'spread_range_median': 0.042165786027908325, 'spread_range_p90': 0.11412346363067627, 'frac_range_lt_0p01': 0.10471468929658902, 'nu_std_mean': 0.013721195360080504, 'nu_std_median': 0.012598797678947449, 'nu_std_p90': 0.02574223881243148, 'nu_range_mean': 0.0333795101883094, 'nu_range_median': 0.0294024795293808, 'nu_range_p90': 0.06552793085575104, 'nu_cv_mean': 0.06966300802138867, 'nu_cv_median': 0.06354890113720434, 'nu_cv_p90': 0.13323712250807673, 'max_weight_mean': 0.37046429983928897, 'max_weight_median': 0.3543621243646795, 'max_weight_p90': 0.533432058957418, 'max_weight_minus_uniform_mean': 0.025147481624239472, 'max_weight_minus_uniform_median': 0.021298649088046517, 'max_weight_minus_uniform_p90': 0.05020908717350815, 'gamma_star_vs_unweighted_absdiff_mean': 0.0011893415570686568, 'gamma_star_vs_unweighted_absdiff_median': 0.0005819481174904276, 'gamma_star_vs_unweighted_absdiff_p90': 0.0029489559352893196}

>>> [30/40] nig_product seed 4042 -> runs/chapter5_v2/s5_6_homog_fon/baseline  (elapsed 214.9 min)
[heterogeneous_het_nig_product_seed4042] nodes=36 coverage max=9 mode=nig_product steps=390
[heterogeneous_het_nig_product_seed4042] step 000/390 trained 36/36 | hop0: 0.0888 | hop1: 0.0983 | hop2: 0.1188
[heterogeneous_het_nig_product_seed4042] step 010/390 trained 36/36 | hop0: 0.0676 | hop1: 0.0834
[heterogeneous_het_nig_product_seed4042] step 020/390 trained 36/36 | hop0: 0.0619 | hop1: 0.0792 | hop2: 0.1395
[heterogeneous_het_nig_product_seed4042] step 030/390 trained 36/36 | hop0: 0.0625 | hop1: 0.0683 | hop2: 0.0739
[heterogeneous_het_nig_product_seed4042] step 040/390 trained 36/36 | hop0: 0.0490 | hop1: 0.0575 | hop2: 0.0756
[heterogeneous_het_nig_product_seed4042] step 050/390 trained 36/36 | hop0: 0.0376 | hop1: 0.0502 | hop2: 0.0874
[heterogeneous_het_nig_product_seed4042] step 060/390 trained 36/36 | hop0: 0.0328 | hop1: 0.0363 | hop2: 0.0666
[heterogeneous_het_nig_product_seed4042] step 070/390 trained 36/36 | hop0: 0.0264 | hop1: 0.0380 | hop2: 0.0622
[heterogeneous_het_nig_product_seed4042] step 080/390 trained 36/36 | hop0: 0.0246 | hop1: 0.0304 | hop2: 0.0479
[heterogeneous_het_nig_product_seed4042] step 090/390 trained 36/36 | hop0: 0.0145 | hop1: 0.0298 | hop2: 0.0494 | hop3: 0.0669
[heterogeneous_het_nig_product_seed4042] step 100/390 trained 36/36 | hop0: 0.0177 | hop1: 0.0215 | hop2: 0.0368 | hop3: 0.0540
[heterogeneous_het_nig_product_seed4042] step 110/390 trained 36/36 | hop0: 0.0181 | hop1: 0.0285 | hop2: 0.0837
[heterogeneous_het_nig_product_seed4042] step 120/390 trained 36/36 | hop0: 0.0297 | hop1: 0.0262 | hop2: 0.0559
[heterogeneous_het_nig_product_seed4042] step 130/390 trained 36/36 | hop0: 0.0384 | hop1: 0.0278
[heterogeneous_het_nig_product_seed4042] step 140/390 trained 36/36 | hop0: 0.0280 | hop1: 0.0150 | hop2: 0.0179
[heterogeneous_het_nig_product_seed4042] step 150/390 trained 36/36 | hop0: 0.0238 | hop1: 0.0117 | hop2: 0.0161
[heterogeneous_het_nig_product_seed4042] step 160/390 trained 36/36 | hop0: 0.0096 | hop1: 0.0140 | hop2: 0.0233
[heterogeneous_het_nig_product_seed4042] step 170/390 trained 36/36 | hop0: 0.0062 | hop1: 0.0157 | hop2: 0.0258
[heterogeneous_het_nig_product_seed4042] step 180/390 trained 36/36 | hop0: 0.0074 | hop1: 0.0181 | hop2: 0.0251
[heterogeneous_het_nig_product_seed4042] step 190/390 trained 36/36 | hop0: 0.0076 | hop1: 0.0119 | hop2: 0.0221
[heterogeneous_het_nig_product_seed4042] step 200/390 trained 36/36 | hop0: 0.0054 | hop1: 0.0101 | hop2: 0.0155
[heterogeneous_het_nig_product_seed4042] step 210/390 trained 36/36 | hop0: 0.0045 | hop1: 0.0073 | hop2: 0.0071
[heterogeneous_het_nig_product_seed4042] step 220/390 trained 36/36 | hop0: 0.0036 | hop1: 0.0060 | hop2: 0.0210
[heterogeneous_het_nig_product_seed4042] step 230/390 trained 36/36 | hop0: 0.0039 | hop1: 0.0107
[heterogeneous_het_nig_product_seed4042] step 240/390 trained 36/36 | hop0: 0.0058 | hop1: 0.0146
[heterogeneous_het_nig_product_seed4042] step 250/390 trained 36/36 | hop0: 0.0048 | hop1: 0.0147 | hop2: 0.0155
[heterogeneous_het_nig_product_seed4042] step 260/390 trained 36/36 | hop0: 0.0081 | hop1: 0.0133 | hop2: 0.0071
[heterogeneous_het_nig_product_seed4042] step 270/390 trained 36/36 | hop0: 0.0042 | hop1: 0.0067 | hop2: 0.0027
[heterogeneous_het_nig_product_seed4042] step 280/390 trained 36/36 | hop0: 0.0037 | hop1: 0.0065 | hop2: 0.0084
[heterogeneous_het_nig_product_seed4042] step 290/390 trained 36/36 | hop0: 0.0035 | hop1: 0.0067 | hop2: 0.0189
[heterogeneous_het_nig_product_seed4042] step 300/390 trained 36/36 | hop0: 0.0033 | hop1: 0.0085 | hop2: 0.0120
[heterogeneous_het_nig_product_seed4042] step 310/390 trained 36/36 | hop0: 0.0016 | hop1: 0.0041 | hop2: 0.0092
[heterogeneous_het_nig_product_seed4042] step 320/390 trained 36/36 | hop0: 0.0009 | hop1: 0.0045 | hop2: 0.0054
[heterogeneous_het_nig_product_seed4042] step 330/390 trained 36/36 | hop0: 0.0007 | hop1: 0.0022 | hop2: 0.0005
[heterogeneous_het_nig_product_seed4042] step 340/390 trained 36/36 | hop0: 0.0058 | hop1: 0.0024 | hop2: 0.0017
[heterogeneous_het_nig_product_seed4042] step 350/390 trained 36/36 | hop0: 0.0128 | hop1: 0.0051 | hop2: 0.0044
[heterogeneous_het_nig_product_seed4042] step 360/390 trained 36/36 | hop0: 0.0112 | hop1: 0.0089
[heterogeneous_het_nig_product_seed4042] step 370/390 trained 36/36 | hop0: 0.0059 | hop1: 0.0160 | hop2: 0.0347
[heterogeneous_het_nig_product_seed4042] step 380/390 trained 36/36 | hop0: 0.0046 | hop1: 0.0163 | hop2: 0.0683
[heterogeneous_het_nig_product_seed4042] mean MSE (last 50 steps): 0.0136 | cert-MSE r=-0.195
[heterogeneous_het_nig_product_seed4042] saved runs\chapter5_v2\s5_6_homog_fon\baseline\het_nig_product_seed4042\figures\results.png

### heterogeneous/het_nig_product_seed4042: last50=0.0136 whole_run=0.0254 r(new)=-0.0915+/-0.0603
    variant_mse: {'baseline': {'whole_run': 0.023272154025130293, 'last50': 0.016926065220386807}}
    disagreement_stats: {'n_events': 274255, 'n_contributors_mean': 3.3577801680917396, 'spread_std_mean': 0.019226140580979753, 'spread_std_median': 0.015607444817688334, 'spread_std_p90': 0.038935581082526996, 'spread_range_mean': 0.04669113346073789, 'spread_range_median': 0.036917805671691895, 'spread_range_p90': 0.09730144739151002, 'frac_range_lt_0p01': 0.12141984649322711, 'nu_std_mean': 0.01710780855691634, 'nu_std_median': 0.014112575098418583, 'nu_std_p90': 0.03652528989146523, 'nu_range_mean': 0.04137673240249182, 'nu_range_median': 0.03281283378601074, 'nu_range_p90': 0.09062826633453369, 'nu_cv_mean': 0.0897435810425341, 'nu_cv_median': 0.07402961759281322, 'nu_cv_p90': 0.19110586444369201, 'max_weight_mean': 0.37877397875223384, 'max_weight_median': 0.359906966781325, 'max_weight_p90': 0.5403921229515852, 'max_weight_minus_uniform_mean': 0.03206459896925473, 'max_weight_minus_uniform_median': 0.02585575451424521, 'max_weight_minus_uniform_p90': 0.06718794031148859, 'gamma_star_vs_unweighted_absdiff_mean': 0.0012346716364407095, 'gamma_star_vs_unweighted_absdiff_median': 0.000569736671076777, 'gamma_star_vs_unweighted_absdiff_p90': 0.0032154011325512474}

>>> [31/40] nig_product seed 42 -> runs/chapter5_v2/s5_6_homog_fon/wide  (elapsed 222.6 min)
[het] node variants: {'narrow': 0, 'baseline': 0, 'wide': 36}
[heterogeneous_homog_wide_nig_product] nodes=36 coverage max=9 mode=nig_product steps=390
[heterogeneous_homog_wide_nig_product] step 000/390 trained 36/36 | hop0: 0.2266 | hop1: 0.1990
[heterogeneous_homog_wide_nig_product] step 010/390 trained 36/36 | hop0: 0.1349 | hop1: 0.1547
[heterogeneous_homog_wide_nig_product] step 020/390 trained 36/36 | hop0: 0.1169 | hop1: 0.1243 | hop2: 0.1365
[heterogeneous_homog_wide_nig_product] step 030/390 trained 36/36 | hop0: 0.0825 | hop1: 0.0982 | hop2: 0.1475
[heterogeneous_homog_wide_nig_product] step 040/390 trained 36/36 | hop0: 0.0573 | hop1: 0.0812 | hop2: 0.1292
[heterogeneous_homog_wide_nig_product] step 050/390 trained 36/36 | hop0: 0.0460 | hop1: 0.0640 | hop2: 0.1133
[heterogeneous_homog_wide_nig_product] step 060/390 trained 36/36 | hop0: 0.0206 | hop1: 0.0497 | hop2: 0.0736
[heterogeneous_homog_wide_nig_product] step 070/390 trained 36/36 | hop0: 0.0237 | hop1: 0.0422 | hop2: 0.1084
[heterogeneous_homog_wide_nig_product] step 080/390 trained 36/36 | hop0: 0.0084 | hop1: 0.0237 | hop2: 0.0520
[heterogeneous_homog_wide_nig_product] step 090/390 trained 36/36 | hop0: 0.0185 | hop1: 0.0195
[heterogeneous_homog_wide_nig_product] step 100/390 trained 36/36 | hop0: 0.0134 | hop1: 0.0150 | hop2: 0.0196
[heterogeneous_homog_wide_nig_product] step 110/390 trained 36/36 | hop0: 0.0110 | hop1: 0.0139 | hop2: 0.0187
[heterogeneous_homog_wide_nig_product] step 120/390 trained 36/36 | hop0: 0.0096 | hop1: 0.0210 | hop2: 0.0390
[heterogeneous_homog_wide_nig_product] step 130/390 trained 36/36 | hop0: 0.0160 | hop1: 0.0368 | hop2: 0.0417
[heterogeneous_homog_wide_nig_product] step 140/390 trained 36/36 | hop0: 0.0080 | hop1: 0.0319 | hop2: 0.0358
[heterogeneous_homog_wide_nig_product] step 150/390 trained 36/36 | hop0: 0.0062 | hop1: 0.0121 | hop2: 0.0395
[heterogeneous_homog_wide_nig_product] step 160/390 trained 36/36 | hop0: 0.0082 | hop1: 0.0105 | hop2: 0.0261
[heterogeneous_homog_wide_nig_product] step 170/390 trained 36/36 | hop0: 0.0125 | hop1: 0.0117 | hop2: 0.0133
[heterogeneous_homog_wide_nig_product] step 180/390 trained 36/36 | hop0: 0.0133 | hop1: 0.0132 | hop2: 0.0187
[heterogeneous_homog_wide_nig_product] step 190/390 trained 36/36 | hop0: 0.0089 | hop1: 0.0149 | hop2: 0.0356
[heterogeneous_homog_wide_nig_product] step 200/390 trained 36/36 | hop0: 0.0050 | hop1: 0.0109 | hop2: 0.0290
[heterogeneous_homog_wide_nig_product] step 210/390 trained 36/36 | hop0: 0.0059 | hop1: 0.0058 | hop2: 0.0248
[heterogeneous_homog_wide_nig_product] step 220/390 trained 36/36 | hop0: 0.0164 | hop1: 0.0216
[heterogeneous_homog_wide_nig_product] step 230/390 trained 36/36 | hop0: 0.0065 | hop1: 0.0213 | hop2: 0.0289
[heterogeneous_homog_wide_nig_product] step 240/390 trained 36/36 | hop0: 0.0081 | hop1: 0.0219 | hop2: 0.0414
[heterogeneous_homog_wide_nig_product] step 250/390 trained 36/36 | hop0: 0.0076 | hop1: 0.0175 | hop2: 0.0404
[heterogeneous_homog_wide_nig_product] step 260/390 trained 36/36 | hop0: 0.0147 | hop1: 0.0242
[heterogeneous_homog_wide_nig_product] step 270/390 trained 36/36 | hop0: 0.0195 | hop1: 0.0189 | hop2: 0.0144
[heterogeneous_homog_wide_nig_product] step 280/390 trained 36/36 | hop0: 0.0071 | hop1: 0.0209
[heterogeneous_homog_wide_nig_product] step 290/390 trained 36/36 | hop0: 0.0190 | hop1: 0.0131 | hop2: 0.0170
[heterogeneous_homog_wide_nig_product] step 300/390 trained 36/36 | hop0: 0.0237 | hop1: 0.0143 | hop2: 0.0087
[heterogeneous_homog_wide_nig_product] step 310/390 trained 36/36 | hop0: 0.0149 | hop1: 0.0155 | hop2: 0.0032
[heterogeneous_homog_wide_nig_product] step 320/390 trained 36/36 | hop0: 0.0235 | hop1: 0.0279 | hop2: 0.0118
[heterogeneous_homog_wide_nig_product] step 330/390 trained 36/36 | hop0: 0.0193 | hop1: 0.0187 | hop2: 0.0235
[heterogeneous_homog_wide_nig_product] step 340/390 trained 36/36 | hop0: 0.0108 | hop1: 0.0140
[heterogeneous_homog_wide_nig_product] step 350/390 trained 36/36 | hop0: 0.0260 | hop1: 0.0123 | hop2: 0.0147
[heterogeneous_homog_wide_nig_product] step 360/390 trained 36/36 | hop0: 0.0160 | hop1: 0.0148 | hop2: 0.0159
[heterogeneous_homog_wide_nig_product] step 370/390 trained 36/36 | hop0: 0.0057 | hop1: 0.0128 | hop2: 0.0246
[heterogeneous_homog_wide_nig_product] step 380/390 trained 36/36 | hop0: 0.0079 | hop1: 0.0317 | hop2: 0.0725
[heterogeneous_homog_wide_nig_product] mean MSE (last 50 steps): 0.0245 | cert-MSE r=-0.291
[heterogeneous_homog_wide_nig_product] saved runs\chapter5_v2\s5_6_homog_fon\wide\homog_wide_nig_product\figures\results.png

### heterogeneous/homog_wide_nig_product: last50=0.0245 whole_run=0.0339 r(new)=-0.5963+/-0.1633
    variant_mse: {'wide': {'whole_run': 0.03253797069359291, 'last50': 0.04067045975538869}}
    disagreement_stats: {'n_events': 278483, 'n_contributors_mean': 3.359468980153187, 'spread_std_mean': 0.028924309108887238, 'spread_std_median': 0.023023840211615253, 'spread_std_p90': 0.059438728546812536, 'spread_range_mean': 0.07036236009089582, 'spread_range_median': 0.05430734157562256, 'spread_range_p90': 0.14957904815673828, 'frac_range_lt_0p01': 0.08017724600783531, 'nu_std_mean': 0.015932656919948017, 'nu_std_median': 0.013723231983304026, 'nu_std_p90': 0.0316099553106026, 'nu_range_mean': 0.03854852462201248, 'nu_range_median': 0.03235596418380737, 'nu_range_p90': 0.07856761813163762, 'nu_cv_mean': 0.09733751660412653, 'nu_cv_median': 0.07917659370944483, 'nu_cv_p90': 0.20542779929777838, 'max_weight_mean': 0.38205198157766085, 'max_weight_median': 0.3624395529755014, 'max_weight_p90': 0.5475865426239538, 'max_weight_minus_uniform_mean': 0.03554727486990762, 'max_weight_minus_uniform_median': 0.02775273458266936, 'max_weight_minus_uniform_p90': 0.07515580773779092, 'gamma_star_vs_unweighted_absdiff_mean': 0.0023224435968349126, 'gamma_star_vs_unweighted_absdiff_median': 0.0009723863781761263, 'gamma_star_vs_unweighted_absdiff_p90': 0.005733296335672388}

>>> [32/40] nig_product seed 1042 -> runs/chapter5_v2/s5_6_homog_fon/wide  (elapsed 229.5 min)
[het] node variants: {'narrow': 0, 'baseline': 0, 'wide': 36}
[heterogeneous_homog_wide_nig_product_seed1042] nodes=36 coverage max=9 mode=nig_product steps=390
[heterogeneous_homog_wide_nig_product_seed1042] step 000/390 trained 36/36 | hop0: 0.1867 | hop1: 0.2070
[heterogeneous_homog_wide_nig_product_seed1042] step 010/390 trained 36/36 | hop0: 0.1301 | hop1: 0.1604 | hop2: 0.2765
[heterogeneous_homog_wide_nig_product_seed1042] step 020/390 trained 36/36 | hop0: 0.0998 | hop1: 0.1114
[heterogeneous_homog_wide_nig_product_seed1042] step 030/390 trained 36/36 | hop0: 0.0952 | hop1: 0.0966 | hop2: 0.1092
[heterogeneous_homog_wide_nig_product_seed1042] step 040/390 trained 36/36 | hop0: 0.0604 | hop1: 0.0751 | hop2: 0.1096
[heterogeneous_homog_wide_nig_product_seed1042] step 050/390 trained 36/36 | hop0: 0.0466 | hop1: 0.0729 | hop2: 0.1016
[heterogeneous_homog_wide_nig_product_seed1042] step 060/390 trained 36/36 | hop0: 0.0324 | hop1: 0.0411 | hop2: 0.0865
[heterogeneous_homog_wide_nig_product_seed1042] step 070/390 trained 36/36 | hop0: 0.0260 | hop1: 0.0299 | hop2: 0.0713
[heterogeneous_homog_wide_nig_product_seed1042] step 080/390 trained 36/36 | hop0: 0.0235 | hop1: 0.0263 | hop2: 0.0824
[heterogeneous_homog_wide_nig_product_seed1042] step 090/390 trained 36/36 | hop0: 0.0161 | hop1: 0.0219 | hop2: 0.0566
[heterogeneous_homog_wide_nig_product_seed1042] step 100/390 trained 36/36 | hop0: 0.0155 | hop1: 0.0231
[heterogeneous_homog_wide_nig_product_seed1042] step 110/390 trained 36/36 | hop0: 0.0100 | hop1: 0.0078 | hop2: 0.0123
[heterogeneous_homog_wide_nig_product_seed1042] step 120/390 trained 36/36 | hop0: 0.0148 | hop1: 0.0235 | hop2: 0.0338
[heterogeneous_homog_wide_nig_product_seed1042] step 130/390 trained 36/36 | hop0: 0.0134 | hop1: 0.0205 | hop2: 0.0427
[heterogeneous_homog_wide_nig_product_seed1042] step 140/390 trained 36/36 | hop0: 0.0284 | hop1: 0.0138 | hop2: 0.0376
[heterogeneous_homog_wide_nig_product_seed1042] step 150/390 trained 36/36 | hop0: 0.0302 | hop1: 0.0196 | hop2: 0.0488
[heterogeneous_homog_wide_nig_product_seed1042] step 160/390 trained 36/36 | hop0: 0.0086 | hop1: 0.0192 | hop2: 0.0291
[heterogeneous_homog_wide_nig_product_seed1042] step 170/390 trained 36/36 | hop0: 0.0057 | hop1: 0.0203 | hop2: 0.0231
[heterogeneous_homog_wide_nig_product_seed1042] step 180/390 trained 36/36 | hop0: 0.0084 | hop1: 0.0214 | hop2: 0.0318
[heterogeneous_homog_wide_nig_product_seed1042] step 190/390 trained 36/36 | hop0: 0.0142 | hop1: 0.0289
[heterogeneous_homog_wide_nig_product_seed1042] step 200/390 trained 36/36 | hop0: 0.0102 | hop1: 0.0243 | hop2: 0.0145
[heterogeneous_homog_wide_nig_product_seed1042] step 210/390 trained 36/36 | hop0: 0.0079 | hop1: 0.0161
[heterogeneous_homog_wide_nig_product_seed1042] step 220/390 trained 36/36 | hop0: 0.0156 | hop1: 0.0193 | hop2: 0.0227
[heterogeneous_homog_wide_nig_product_seed1042] step 230/390 trained 36/36 | hop0: 0.0129 | hop1: 0.0254 | hop2: 0.0341
[heterogeneous_homog_wide_nig_product_seed1042] step 240/390 trained 36/36 | hop0: 0.0100 | hop1: 0.0241 | hop2: 0.0387
[heterogeneous_homog_wide_nig_product_seed1042] step 250/390 trained 36/36 | hop0: 0.0177 | hop1: 0.0329 | hop2: 0.0677
[heterogeneous_homog_wide_nig_product_seed1042] step 260/390 trained 36/36 | hop0: 0.0217 | hop1: 0.0423 | hop2: 0.1130
[heterogeneous_homog_wide_nig_product_seed1042] step 270/390 trained 36/36 | hop0: 0.0284 | hop1: 0.0330
[heterogeneous_homog_wide_nig_product_seed1042] step 280/390 trained 36/36 | hop0: 0.0085 | hop1: 0.0252
[heterogeneous_homog_wide_nig_product_seed1042] step 290/390 trained 36/36 | hop0: 0.0111 | hop1: 0.0213
[heterogeneous_homog_wide_nig_product_seed1042] step 300/390 trained 36/36 | hop0: 0.0088 | hop1: 0.0196 | hop2: 0.0027
[heterogeneous_homog_wide_nig_product_seed1042] step 310/390 trained 36/36 | hop0: 0.0033 | hop1: 0.0109 | hop2: 0.0355
[heterogeneous_homog_wide_nig_product_seed1042] step 320/390 trained 36/36 | hop0: 0.0117 | hop1: 0.0106 | hop2: 0.0108
[heterogeneous_homog_wide_nig_product_seed1042] step 330/390 trained 36/36 | hop0: 0.0021 | hop1: 0.0045 | hop2: 0.0229
[heterogeneous_homog_wide_nig_product_seed1042] step 340/390 trained 36/36 | hop0: 0.0087 | hop1: 0.0126 | hop2: 0.0117
[heterogeneous_homog_wide_nig_product_seed1042] step 350/390 trained 36/36 | hop0: 0.0072 | hop1: 0.0156 | hop2: 0.0245
[heterogeneous_homog_wide_nig_product_seed1042] step 360/390 trained 36/36 | hop0: 0.0057 | hop1: 0.0146 | hop2: 0.0351
[heterogeneous_homog_wide_nig_product_seed1042] step 370/390 trained 36/36 | hop0: 0.0091 | hop1: 0.0270 | hop2: 0.0356
[heterogeneous_homog_wide_nig_product_seed1042] step 380/390 trained 36/36 | hop0: 0.0106 | hop1: 0.0224 | hop2: 0.0352
[heterogeneous_homog_wide_nig_product_seed1042] mean MSE (last 50 steps): 0.0191 | cert-MSE r=-0.362
[heterogeneous_homog_wide_nig_product_seed1042] saved runs\chapter5_v2\s5_6_homog_fon\wide\homog_wide_nig_product_seed1042\figures\results.png

### heterogeneous/homog_wide_nig_product_seed1042: last50=0.0191 whole_run=0.0355 r(new)=-0.6259+/-0.1667
    variant_mse: {'wide': {'whole_run': 0.033703950253572285, 'last50': 0.018503644353650626}}
    disagreement_stats: {'n_events': 273512, 'n_contributors_mean': 3.3666712977858375, 'spread_std_mean': 0.026701388827459087, 'spread_std_median': 0.020623159985429546, 'spread_std_p90': 0.054634845039315, 'spread_range_mean': 0.0649434009066987, 'spread_range_median': 0.04883092641830444, 'spread_range_p90': 0.13699314594268797, 'frac_range_lt_0p01': 0.08545146099622686, 'nu_std_mean': 0.014092506932217565, 'nu_std_median': 0.012266696890305072, 'nu_std_p90': 0.02774575629905611, 'nu_range_mean': 0.03393028714718627, 'nu_range_median': 0.028900615870952606, 'nu_range_p90': 0.06814886629581451, 'nu_cv_mean': 0.08523490708356221, 'nu_cv_median': 0.07102681511442746, 'nu_cv_p90': 0.17814850221683126, 'max_weight_mean': 0.3763001108441004, 'max_weight_median': 0.35895790961409263, 'max_weight_p90': 0.5398491798120162, 'max_weight_minus_uniform_mean': 0.030434694823352974, 'max_weight_minus_uniform_median': 0.02446041352454527, 'max_weight_minus_uniform_p90': 0.06272935427430214, 'gamma_star_vs_unweighted_absdiff_mean': 0.001991706252200972, 'gamma_star_vs_unweighted_absdiff_median': 0.0008249739794405362, 'gamma_star_vs_unweighted_absdiff_p90': 0.004870059872375366}

>>> [33/40] nig_product seed 2042 -> runs/chapter5_v2/s5_6_homog_fon/wide  (elapsed 236.6 min)
[het] node variants: {'narrow': 0, 'baseline': 0, 'wide': 36}
[heterogeneous_homog_wide_nig_product_seed2042] nodes=36 coverage max=9 mode=nig_product steps=390
[heterogeneous_homog_wide_nig_product_seed2042] step 000/390 trained 36/36 | hop0: 0.1330 | hop1: 0.1882 | hop2: 0.2723
[heterogeneous_homog_wide_nig_product_seed2042] step 010/390 trained 36/36 | hop0: 0.1456 | hop1: 0.1689 | hop2: 0.2202
[heterogeneous_homog_wide_nig_product_seed2042] step 020/390 trained 36/36 | hop0: 0.1044 | hop1: 0.1085 | hop2: 0.1582
[heterogeneous_homog_wide_nig_product_seed2042] step 030/390 trained 36/36 | hop0: 0.0824 | hop1: 0.1140 | hop2: 0.1154
[heterogeneous_homog_wide_nig_product_seed2042] step 040/390 trained 36/36 | hop0: 0.0575 | hop1: 0.0880 | hop2: 0.1179
[heterogeneous_homog_wide_nig_product_seed2042] step 050/390 trained 36/36 | hop0: 0.0659 | hop1: 0.0643 | hop2: 0.1314 | hop3: 0.2231
[heterogeneous_homog_wide_nig_product_seed2042] step 060/390 trained 36/36 | hop0: 0.0432 | hop1: 0.0491 | hop2: 0.1220
[heterogeneous_homog_wide_nig_product_seed2042] step 070/390 trained 36/36 | hop0: 0.0223 | hop1: 0.0364 | hop2: 0.0611
[heterogeneous_homog_wide_nig_product_seed2042] step 080/390 trained 36/36 | hop0: 0.0134 | hop1: 0.0387 | hop2: 0.0603
[heterogeneous_homog_wide_nig_product_seed2042] step 090/390 trained 36/36 | hop0: 0.0127 | hop1: 0.0202 | hop2: 0.0765
[heterogeneous_homog_wide_nig_product_seed2042] step 100/390 trained 36/36 | hop0: 0.0098 | hop1: 0.0105 | hop2: 0.0314
[heterogeneous_homog_wide_nig_product_seed2042] step 110/390 trained 36/36 | hop0: 0.0071 | hop1: 0.0132 | hop2: 0.0223
[heterogeneous_homog_wide_nig_product_seed2042] step 120/390 trained 36/36 | hop0: 0.0058 | hop1: 0.0212
[heterogeneous_homog_wide_nig_product_seed2042] step 130/390 trained 36/36 | hop0: 0.0063 | hop1: 0.0130 | hop2: 0.0974
[heterogeneous_homog_wide_nig_product_seed2042] step 140/390 trained 36/36 | hop0: 0.0140 | hop1: 0.0275 | hop2: 0.0755
[heterogeneous_homog_wide_nig_product_seed2042] step 150/390 trained 36/36 | hop0: 0.0084 | hop1: 0.0242 | hop2: 0.0448
[heterogeneous_homog_wide_nig_product_seed2042] step 160/390 trained 36/36 | hop0: 0.0114 | hop1: 0.0256 | hop2: 0.0468
[heterogeneous_homog_wide_nig_product_seed2042] step 170/390 trained 36/36 | hop0: 0.0071 | hop1: 0.0116 | hop2: 0.0277
[heterogeneous_homog_wide_nig_product_seed2042] step 180/390 trained 36/36 | hop0: 0.0083 | hop1: 0.0141 | hop2: 0.0092
[heterogeneous_homog_wide_nig_product_seed2042] step 190/390 trained 36/36 | hop0: 0.0079 | hop1: 0.0202 | hop2: 0.0179
[heterogeneous_homog_wide_nig_product_seed2042] step 200/390 trained 36/36 | hop0: 0.0097 | hop1: 0.0253
[heterogeneous_homog_wide_nig_product_seed2042] step 210/390 trained 36/36 | hop0: 0.0067 | hop1: 0.0176
[heterogeneous_homog_wide_nig_product_seed2042] step 220/390 trained 36/36 | hop0: 0.0056 | hop1: 0.0130 | hop2: 0.0191
[heterogeneous_homog_wide_nig_product_seed2042] step 230/390 trained 36/36 | hop0: 0.0099 | hop1: 0.0195 | hop2: 0.0254
[heterogeneous_homog_wide_nig_product_seed2042] step 240/390 trained 36/36 | hop0: 0.0060 | hop1: 0.0231 | hop2: 0.0838
[heterogeneous_homog_wide_nig_product_seed2042] step 250/390 trained 36/36 | hop0: 0.0130 | hop1: 0.0213 | hop2: 0.0417
[heterogeneous_homog_wide_nig_product_seed2042] step 260/390 trained 36/36 | hop0: 0.0089 | hop1: 0.0160 | hop2: 0.0297
[heterogeneous_homog_wide_nig_product_seed2042] step 270/390 trained 36/36 | hop0: 0.0107 | hop1: 0.0195 | hop2: 0.0393 | hop3: 0.0306
[heterogeneous_homog_wide_nig_product_seed2042] step 280/390 trained 36/36 | hop0: 0.0090 | hop1: 0.0256 | hop2: 0.0308
[heterogeneous_homog_wide_nig_product_seed2042] step 290/390 trained 36/36 | hop0: 0.0041 | hop1: 0.0262 | hop2: 0.0236
[heterogeneous_homog_wide_nig_product_seed2042] step 300/390 trained 36/36 | hop0: 0.0028 | hop1: 0.0140 | hop2: 0.0541 | hop3: 0.0176
[heterogeneous_homog_wide_nig_product_seed2042] step 310/390 trained 36/36 | hop0: 0.0034 | hop1: 0.0126 | hop2: 0.0511 | hop3: 0.0824
[heterogeneous_homog_wide_nig_product_seed2042] step 320/390 trained 36/36 | hop0: 0.0151 | hop1: 0.0138 | hop2: 0.0289
[heterogeneous_homog_wide_nig_product_seed2042] step 330/390 trained 36/36 | hop0: 0.0040 | hop1: 0.0057 | hop2: 0.0117 | hop3: 0.0183
[heterogeneous_homog_wide_nig_product_seed2042] step 340/390 trained 36/36 | hop0: 0.0071 | hop1: 0.0084 | hop2: 0.0101 | hop3: 0.0187
[heterogeneous_homog_wide_nig_product_seed2042] step 350/390 trained 36/36 | hop0: 0.0040 | hop1: 0.0132 | hop2: 0.0307 | hop3: 0.0239
[heterogeneous_homog_wide_nig_product_seed2042] step 360/390 trained 36/36 | hop0: 0.0103 | hop1: 0.0118 | hop2: 0.0432
[heterogeneous_homog_wide_nig_product_seed2042] step 370/390 trained 36/36 | hop0: 0.0179 | hop1: 0.0122 | hop2: 0.0420
[heterogeneous_homog_wide_nig_product_seed2042] step 380/390 trained 36/36 | hop0: 0.0040 | hop1: 0.0142 | hop2: 0.0464
[heterogeneous_homog_wide_nig_product_seed2042] mean MSE (last 50 steps): 0.0169 | cert-MSE r=-0.209
[heterogeneous_homog_wide_nig_product_seed2042] saved runs\chapter5_v2\s5_6_homog_fon\wide\homog_wide_nig_product_seed2042\figures\results.png

### heterogeneous/homog_wide_nig_product_seed2042: last50=0.0169 whole_run=0.0359 r(new)=-0.6657+/-0.1290
    variant_mse: {'wide': {'whole_run': 0.034407705140837026, 'last50': 0.015570425974962332}}
    disagreement_stats: {'n_events': 289212, 'n_contributors_mean': 3.3331189577195968, 'spread_std_mean': 0.023698552276057338, 'spread_std_median': 0.019092149889805118, 'spread_std_p90': 0.047952934162955874, 'spread_range_mean': 0.057409461416275155, 'spread_range_median': 0.04500970244407654, 'spread_range_p90': 0.11929076910018921, 'frac_range_lt_0p01': 0.09060827351562176, 'nu_std_mean': 0.014081736234072677, 'nu_std_median': 0.011969240874649786, 'nu_std_p90': 0.028262578116696465, 'nu_range_mean': 0.03401768849598832, 'nu_range_median': 0.02809486910700798, 'nu_range_p90': 0.0699000597000122, 'nu_cv_mean': 0.08870975973085413, 'nu_cv_median': 0.07684290842754468, 'nu_cv_p90': 0.1802914994781076, 'max_weight_mean': 0.38152412973994754, 'max_weight_median': 0.3625765278894084, 'max_weight_p90': 0.5441682457328363, 'max_weight_minus_uniform_mean': 0.032860766631125686, 'max_weight_minus_uniform_median': 0.026810398560982884, 'max_weight_minus_uniform_p90': 0.06693218337166608, 'gamma_star_vs_unweighted_absdiff_mean': 0.001625055415691289, 'gamma_star_vs_unweighted_absdiff_median': 0.0007832188964790653, 'gamma_star_vs_unweighted_absdiff_p90': 0.00407690268892361}

>>> [34/40] nig_product seed 3042 -> runs/chapter5_v2/s5_6_homog_fon/wide  (elapsed 244.2 min)
[het] node variants: {'narrow': 0, 'baseline': 0, 'wide': 36}
[heterogeneous_homog_wide_nig_product_seed3042] nodes=36 coverage max=9 mode=nig_product steps=390
[heterogeneous_homog_wide_nig_product_seed3042] step 000/390 trained 36/36 | hop0: 0.2100 | hop1: 0.1829 | hop2: 0.1428
[heterogeneous_homog_wide_nig_product_seed3042] step 010/390 trained 36/36 | hop0: 0.1330 | hop1: 0.1618
[heterogeneous_homog_wide_nig_product_seed3042] step 020/390 trained 36/36 | hop0: 0.1109 | hop1: 0.1147
[heterogeneous_homog_wide_nig_product_seed3042] step 030/390 trained 36/36 | hop0: 0.0948 | hop1: 0.1171
[heterogeneous_homog_wide_nig_product_seed3042] step 040/390 trained 36/36 | hop0: 0.0906 | hop1: 0.0794
[heterogeneous_homog_wide_nig_product_seed3042] step 050/390 trained 36/36 | hop0: 0.0548 | hop1: 0.0623 | hop2: 0.0952
[heterogeneous_homog_wide_nig_product_seed3042] step 060/390 trained 36/36 | hop0: 0.0345 | hop1: 0.0502 | hop2: 0.0898
[heterogeneous_homog_wide_nig_product_seed3042] step 070/390 trained 36/36 | hop0: 0.0188 | hop1: 0.0364 | hop2: 0.1085
[heterogeneous_homog_wide_nig_product_seed3042] step 080/390 trained 36/36 | hop0: 0.0167 | hop1: 0.0267 | hop2: 0.0994
[heterogeneous_homog_wide_nig_product_seed3042] step 090/390 trained 36/36 | hop0: 0.0195 | hop1: 0.0222 | hop2: 0.0332 | hop3: 0.0430
[heterogeneous_homog_wide_nig_product_seed3042] step 100/390 trained 36/36 | hop0: 0.0074 | hop1: 0.0161 | hop2: 0.0234
[heterogeneous_homog_wide_nig_product_seed3042] step 110/390 trained 36/36 | hop0: 0.0109 | hop1: 0.0231 | hop2: 0.0750
[heterogeneous_homog_wide_nig_product_seed3042] step 120/390 trained 36/36 | hop0: 0.0070 | hop1: 0.0135 | hop2: 0.0237
[heterogeneous_homog_wide_nig_product_seed3042] step 130/390 trained 36/36 | hop0: 0.0174 | hop1: 0.0198 | hop2: 0.0230
[heterogeneous_homog_wide_nig_product_seed3042] step 140/390 trained 36/36 | hop0: 0.0229 | hop1: 0.0111 | hop2: 0.0193
[heterogeneous_homog_wide_nig_product_seed3042] step 150/390 trained 36/36 | hop0: 0.0150 | hop1: 0.0096 | hop2: 0.0020
[heterogeneous_homog_wide_nig_product_seed3042] step 160/390 trained 36/36 | hop0: 0.0161 | hop1: 0.0158 | hop2: 0.0119
[heterogeneous_homog_wide_nig_product_seed3042] step 170/390 trained 36/36 | hop0: 0.0147 | hop1: 0.0187 | hop2: 0.0099
[heterogeneous_homog_wide_nig_product_seed3042] step 180/390 trained 36/36 | hop0: 0.0181 | hop1: 0.0108
[heterogeneous_homog_wide_nig_product_seed3042] step 190/390 trained 36/36 | hop0: 0.0142 | hop1: 0.0102
[heterogeneous_homog_wide_nig_product_seed3042] step 200/390 trained 36/36 | hop0: 0.0059 | hop1: 0.0137
[heterogeneous_homog_wide_nig_product_seed3042] step 210/390 trained 36/36 | hop0: 0.0089 | hop1: 0.0087 | hop2: 0.0029
[heterogeneous_homog_wide_nig_product_seed3042] step 220/390 trained 36/36 | hop0: 0.0082 | hop1: 0.0131 | hop2: 0.0021
[heterogeneous_homog_wide_nig_product_seed3042] step 230/390 trained 36/36 | hop0: 0.0061 | hop1: 0.0096 | hop2: 0.0134
[heterogeneous_homog_wide_nig_product_seed3042] step 240/390 trained 36/36 | hop0: 0.0106 | hop1: 0.0107 | hop2: 0.0188
[heterogeneous_homog_wide_nig_product_seed3042] step 250/390 trained 36/36 | hop0: 0.0128 | hop1: 0.0116 | hop2: 0.0446
[heterogeneous_homog_wide_nig_product_seed3042] step 260/390 trained 36/36 | hop0: 0.0131 | hop1: 0.0274 | hop2: 0.0622
[heterogeneous_homog_wide_nig_product_seed3042] step 270/390 trained 36/36 | hop0: 0.0128 | hop1: 0.0150 | hop2: 0.0384
[heterogeneous_homog_wide_nig_product_seed3042] step 280/390 trained 36/36 | hop0: 0.0076 | hop1: 0.0121 | hop2: 0.0229
[heterogeneous_homog_wide_nig_product_seed3042] step 290/390 trained 36/36 | hop0: 0.0084 | hop1: 0.0138
[heterogeneous_homog_wide_nig_product_seed3042] step 300/390 trained 36/36 | hop0: 0.0087 | hop1: 0.0142 | hop2: 0.0221
[heterogeneous_homog_wide_nig_product_seed3042] step 310/390 trained 36/36 | hop0: 0.0072 | hop1: 0.0136 | hop2: 0.0163
[heterogeneous_homog_wide_nig_product_seed3042] step 320/390 trained 36/36 | hop0: 0.0025 | hop1: 0.0067 | hop2: 0.0139
[heterogeneous_homog_wide_nig_product_seed3042] step 330/390 trained 36/36 | hop0: 0.0040 | hop1: 0.0091
[heterogeneous_homog_wide_nig_product_seed3042] step 340/390 trained 36/36 | hop0: 0.0061 | hop1: 0.0072
[heterogeneous_homog_wide_nig_product_seed3042] step 350/390 trained 36/36 | hop0: 0.0126 | hop1: 0.0080 | hop2: 0.0116
[heterogeneous_homog_wide_nig_product_seed3042] step 360/390 trained 36/36 | hop0: 0.0147 | hop1: 0.0190 | hop2: 0.0219
[heterogeneous_homog_wide_nig_product_seed3042] step 370/390 trained 36/36 | hop0: 0.0104 | hop1: 0.0261
[heterogeneous_homog_wide_nig_product_seed3042] step 380/390 trained 36/36 | hop0: 0.0147 | hop1: 0.0224 | hop2: 0.0322
[heterogeneous_homog_wide_nig_product_seed3042] mean MSE (last 50 steps): 0.0202 | cert-MSE r=-0.305
[heterogeneous_homog_wide_nig_product_seed3042] saved runs\chapter5_v2\s5_6_homog_fon\wide\homog_wide_nig_product_seed3042\figures\results.png

### heterogeneous/homog_wide_nig_product_seed3042: last50=0.0202 whole_run=0.0313 r(new)=-0.6739+/-0.1610
    variant_mse: {'wide': {'whole_run': 0.030258038228856723, 'last50': 0.02612894616708317}}
    disagreement_stats: {'n_events': 272913, 'n_contributors_mean': 3.3730822643113374, 'spread_std_mean': 0.026006356697124453, 'spread_std_median': 0.020636439323425293, 'spread_std_p90': 0.05328528084895205, 'spread_range_mean': 0.0632360780241464, 'spread_range_median': 0.048957228660583496, 'spread_range_p90': 0.13345277309417725, 'frac_range_lt_0p01': 0.08626558646894798, 'nu_std_mean': 0.013928566317487604, 'nu_std_median': 0.012482680380344391, 'nu_std_p90': 0.026883941812143073, 'nu_range_mean': 0.033889987815034585, 'nu_range_median': 0.029233098030090332, 'nu_range_p90': 0.06760273575782777, 'nu_cv_mean': 0.08172217580259801, 'nu_cv_median': 0.07251950144539954, 'nu_cv_p90': 0.16159165739135067, 'max_weight_mean': 0.3752019030833846, 'max_weight_median': 0.35876772487179504, 'max_weight_p90': 0.5375111986237898, 'max_weight_minus_uniform_mean': 0.029885084868335087, 'max_weight_minus_uniform_median': 0.025197014761940917, 'max_weight_minus_uniform_p90': 0.06086399110157799, 'gamma_star_vs_unweighted_absdiff_mean': 0.0016547224793797678, 'gamma_star_vs_unweighted_absdiff_median': 0.0007820373764973569, 'gamma_star_vs_unweighted_absdiff_p90': 0.004110973103685025}

>>> [35/40] nig_product seed 4042 -> runs/chapter5_v2/s5_6_homog_fon/wide  (elapsed 250.9 min)
[het] node variants: {'narrow': 0, 'baseline': 0, 'wide': 36}
[heterogeneous_homog_wide_nig_product_seed4042] nodes=36 coverage max=9 mode=nig_product steps=390
[heterogeneous_homog_wide_nig_product_seed4042] step 000/390 trained 36/36 | hop0: 0.2145 | hop1: 0.1845 | hop2: 0.1292
[heterogeneous_homog_wide_nig_product_seed4042] step 010/390 trained 36/36 | hop0: 0.1391 | hop1: 0.1642
[heterogeneous_homog_wide_nig_product_seed4042] step 020/390 trained 36/36 | hop0: 0.1024 | hop1: 0.1221 | hop2: 0.1274
[heterogeneous_homog_wide_nig_product_seed4042] step 030/390 trained 36/36 | hop0: 0.0972 | hop1: 0.1128 | hop2: 0.0796
[heterogeneous_homog_wide_nig_product_seed4042] step 040/390 trained 36/36 | hop0: 0.0833 | hop1: 0.0922 | hop2: 0.0625
[heterogeneous_homog_wide_nig_product_seed4042] step 050/390 trained 36/36 | hop0: 0.0617 | hop1: 0.0839 | hop2: 0.0822
[heterogeneous_homog_wide_nig_product_seed4042] step 060/390 trained 36/36 | hop0: 0.0472 | hop1: 0.0521 | hop2: 0.0613
[heterogeneous_homog_wide_nig_product_seed4042] step 070/390 trained 36/36 | hop0: 0.0432 | hop1: 0.0436 | hop2: 0.0458
[heterogeneous_homog_wide_nig_product_seed4042] step 080/390 trained 36/36 | hop0: 0.0195 | hop1: 0.0382 | hop2: 0.0459
[heterogeneous_homog_wide_nig_product_seed4042] step 090/390 trained 36/36 | hop0: 0.0150 | hop1: 0.0308 | hop2: 0.0323 | hop3: 0.0360
[heterogeneous_homog_wide_nig_product_seed4042] step 100/390 trained 36/36 | hop0: 0.0107 | hop1: 0.0141 | hop2: 0.0344 | hop3: 0.0565
[heterogeneous_homog_wide_nig_product_seed4042] step 110/390 trained 36/36 | hop0: 0.0157 | hop1: 0.0250 | hop2: 0.0518
[heterogeneous_homog_wide_nig_product_seed4042] step 120/390 trained 36/36 | hop0: 0.0271 | hop1: 0.0369 | hop2: 0.1397
[heterogeneous_homog_wide_nig_product_seed4042] step 130/390 trained 36/36 | hop0: 0.0271 | hop1: 0.0227
[heterogeneous_homog_wide_nig_product_seed4042] step 140/390 trained 36/36 | hop0: 0.0273 | hop1: 0.0172 | hop2: 0.0303
[heterogeneous_homog_wide_nig_product_seed4042] step 150/390 trained 36/36 | hop0: 0.0352 | hop1: 0.0099 | hop2: 0.0255
[heterogeneous_homog_wide_nig_product_seed4042] step 160/390 trained 36/36 | hop0: 0.0168 | hop1: 0.0199 | hop2: 0.0400
[heterogeneous_homog_wide_nig_product_seed4042] step 170/390 trained 36/36 | hop0: 0.0111 | hop1: 0.0231 | hop2: 0.0315
[heterogeneous_homog_wide_nig_product_seed4042] step 180/390 trained 36/36 | hop0: 0.0099 | hop1: 0.0205 | hop2: 0.0196
[heterogeneous_homog_wide_nig_product_seed4042] step 190/390 trained 36/36 | hop0: 0.0126 | hop1: 0.0168 | hop2: 0.0165
[heterogeneous_homog_wide_nig_product_seed4042] step 200/390 trained 36/36 | hop0: 0.0043 | hop1: 0.0130 | hop2: 0.0138
[heterogeneous_homog_wide_nig_product_seed4042] step 210/390 trained 36/36 | hop0: 0.0066 | hop1: 0.0122 | hop2: 0.0201
[heterogeneous_homog_wide_nig_product_seed4042] step 220/390 trained 36/36 | hop0: 0.0080 | hop1: 0.0139 | hop2: 0.0279
[heterogeneous_homog_wide_nig_product_seed4042] step 230/390 trained 36/36 | hop0: 0.0150 | hop1: 0.0214
[heterogeneous_homog_wide_nig_product_seed4042] step 240/390 trained 36/36 | hop0: 0.0087 | hop1: 0.0220
[heterogeneous_homog_wide_nig_product_seed4042] step 250/390 trained 36/36 | hop0: 0.0093 | hop1: 0.0179 | hop2: 0.0192
[heterogeneous_homog_wide_nig_product_seed4042] step 260/390 trained 36/36 | hop0: 0.0095 | hop1: 0.0165 | hop2: 0.0256
[heterogeneous_homog_wide_nig_product_seed4042] step 270/390 trained 36/36 | hop0: 0.0066 | hop1: 0.0223 | hop2: 0.0436
[heterogeneous_homog_wide_nig_product_seed4042] step 280/390 trained 36/36 | hop0: 0.0062 | hop1: 0.0218 | hop2: 0.0672
[heterogeneous_homog_wide_nig_product_seed4042] step 290/390 trained 36/36 | hop0: 0.0118 | hop1: 0.0164 | hop2: 0.0419
[heterogeneous_homog_wide_nig_product_seed4042] step 300/390 trained 36/36 | hop0: 0.0067 | hop1: 0.0130 | hop2: 0.0178
[heterogeneous_homog_wide_nig_product_seed4042] step 310/390 trained 36/36 | hop0: 0.0165 | hop1: 0.0170 | hop2: 0.0199
[heterogeneous_homog_wide_nig_product_seed4042] step 320/390 trained 36/36 | hop0: 0.0068 | hop1: 0.0280 | hop2: 0.0535
[heterogeneous_homog_wide_nig_product_seed4042] step 330/390 trained 36/36 | hop0: 0.0054 | hop1: 0.0179 | hop2: 0.0728
[heterogeneous_homog_wide_nig_product_seed4042] step 340/390 trained 36/36 | hop0: 0.0118 | hop1: 0.0196 | hop2: 0.0091
[heterogeneous_homog_wide_nig_product_seed4042] step 350/390 trained 36/36 | hop0: 0.0185 | hop1: 0.0178 | hop2: 0.0330
[heterogeneous_homog_wide_nig_product_seed4042] step 360/390 trained 36/36 | hop0: 0.0163 | hop1: 0.0213
[heterogeneous_homog_wide_nig_product_seed4042] step 370/390 trained 36/36 | hop0: 0.0085 | hop1: 0.0256 | hop2: 0.0508
[heterogeneous_homog_wide_nig_product_seed4042] step 380/390 trained 36/36 | hop0: 0.0103 | hop1: 0.0241 | hop2: 0.0919
[heterogeneous_homog_wide_nig_product_seed4042] mean MSE (last 50 steps): 0.0241 | cert-MSE r=-0.271
[heterogeneous_homog_wide_nig_product_seed4042] saved runs\chapter5_v2\s5_6_homog_fon\wide\homog_wide_nig_product_seed4042\figures\results.png

### heterogeneous/homog_wide_nig_product_seed4042: last50=0.0241 whole_run=0.0371 r(new)=-0.5784+/-0.1685
    variant_mse: {'wide': {'whole_run': 0.035207399015659196, 'last50': 0.02818970853123974}}
    disagreement_stats: {'n_events': 274255, 'n_contributors_mean': 3.3577801680917396, 'spread_std_mean': 0.02349159853760543, 'spread_std_median': 0.01848895835001521, 'spread_std_p90': 0.04728510039045652, 'spread_range_mean': 0.057115790394277326, 'spread_range_median': 0.043823421001434326, 'spread_range_p90': 0.11823930740356445, 'frac_range_lt_0p01': 0.09537838872582086, 'nu_std_mean': 0.016963919027645796, 'nu_std_median': 0.01465014603252851, 'nu_std_p90': 0.0341582941512128, 'nu_range_mean': 0.04117568808603801, 'nu_range_median': 0.03437553346157074, 'nu_range_p90': 0.08520309776067735, 'nu_cv_mean': 0.10203642725674152, 'nu_cv_median': 0.08541490573698536, 'nu_cv_p90': 0.20961910942095385, 'max_weight_mean': 0.3830125868831019, 'max_weight_median': 0.36495478733463615, 'max_weight_p90': 0.5457208974639667, 'max_weight_minus_uniform_mean': 0.03630320710012275, 'max_weight_minus_uniform_median': 0.029757821287022812, 'max_weight_minus_uniform_p90': 0.07496615973553233, 'gamma_star_vs_unweighted_absdiff_mean': 0.0017931329484380805, 'gamma_star_vs_unweighted_absdiff_median': 0.0008202642322238107, 'gamma_star_vs_unweighted_absdiff_p90': 0.004407765930592937}

>>> [36/40] nig_product seed 42 -> runs/chapter5_v2/s5_6_homog_fon/baseline_avgfusion  (elapsed 257.6 min)
[heterogeneous_het_nig_product] nodes=36 coverage max=9 mode=nig_product steps=390
[heterogeneous_het_nig_product] step 000/390 trained 36/36 | hop0: 0.1081 | hop1: 0.1020
[heterogeneous_het_nig_product] step 010/390 trained 36/36 | hop0: 0.0684 | hop1: 0.0982
[heterogeneous_het_nig_product] step 020/390 trained 36/36 | hop0: 0.0810 | hop1: 0.0830 | hop2: 0.0958
[heterogeneous_het_nig_product] step 030/390 trained 36/36 | hop0: 0.0584 | hop1: 0.0859 | hop2: 0.1605
[heterogeneous_het_nig_product] step 040/390 trained 36/36 | hop0: 0.0493 | hop1: 0.0771 | hop2: 0.0994
[heterogeneous_het_nig_product] step 050/390 trained 36/36 | hop0: 0.0595 | hop1: 0.0603 | hop2: 0.0791
[heterogeneous_het_nig_product] step 060/390 trained 36/36 | hop0: 0.0369 | hop1: 0.0665 | hop2: 0.0746
[heterogeneous_het_nig_product] step 070/390 trained 36/36 | hop0: 0.0313 | hop1: 0.0600 | hop2: 0.0796
[heterogeneous_het_nig_product] step 080/390 trained 36/36 | hop0: 0.0216 | hop1: 0.0592 | hop2: 0.1067
[heterogeneous_het_nig_product] step 090/390 trained 36/36 | hop0: 0.0271 | hop1: 0.0591
[heterogeneous_het_nig_product] step 100/390 trained 36/36 | hop0: 0.0330 | hop1: 0.0547 | hop2: 0.0481
[heterogeneous_het_nig_product] step 110/390 trained 36/36 | hop0: 0.0425 | hop1: 0.0325 | hop2: 0.0428
[heterogeneous_het_nig_product] step 120/390 trained 36/36 | hop0: 0.0465 | hop1: 0.0536 | hop2: 0.0520
[heterogeneous_het_nig_product] step 130/390 trained 36/36 | hop0: 0.0366 | hop1: 0.0530 | hop2: 0.0787
[heterogeneous_het_nig_product] step 140/390 trained 36/36 | hop0: 0.0188 | hop1: 0.0506 | hop2: 0.0567
[heterogeneous_het_nig_product] step 150/390 trained 36/36 | hop0: 0.0066 | hop1: 0.0361 | hop2: 0.0886
[heterogeneous_het_nig_product] step 160/390 trained 36/36 | hop0: 0.0088 | hop1: 0.0272 | hop2: 0.0706
[heterogeneous_het_nig_product] step 170/390 trained 36/36 | hop0: 0.0051 | hop1: 0.0257 | hop2: 0.0444
[heterogeneous_het_nig_product] step 180/390 trained 36/36 | hop0: 0.0040 | hop1: 0.0103 | hop2: 0.0462
[heterogeneous_het_nig_product] step 190/390 trained 36/36 | hop0: 0.0056 | hop1: 0.0183 | hop2: 0.0586
[heterogeneous_het_nig_product] step 200/390 trained 36/36 | hop0: 0.0054 | hop1: 0.0212 | hop2: 0.0454
[heterogeneous_het_nig_product] step 210/390 trained 36/36 | hop0: 0.0047 | hop1: 0.0079 | hop2: 0.0354
[heterogeneous_het_nig_product] step 220/390 trained 36/36 | hop0: 0.0045 | hop1: 0.0144
[heterogeneous_het_nig_product] step 230/390 trained 36/36 | hop0: 0.0043 | hop1: 0.0174 | hop2: 0.0137
[heterogeneous_het_nig_product] step 240/390 trained 36/36 | hop0: 0.0053 | hop1: 0.0160 | hop2: 0.0244
[heterogeneous_het_nig_product] step 250/390 trained 36/36 | hop0: 0.0046 | hop1: 0.0225 | hop2: 0.0245
[heterogeneous_het_nig_product] step 260/390 trained 36/36 | hop0: 0.0072 | hop1: 0.0181
[heterogeneous_het_nig_product] step 270/390 trained 36/36 | hop0: 0.0074 | hop1: 0.0123 | hop2: 0.0048
[heterogeneous_het_nig_product] step 280/390 trained 36/36 | hop0: 0.0041 | hop1: 0.0119
[heterogeneous_het_nig_product] step 290/390 trained 36/36 | hop0: 0.0177 | hop1: 0.0072 | hop2: 0.0159
[heterogeneous_het_nig_product] step 300/390 trained 36/36 | hop0: 0.0189 | hop1: 0.0063 | hop2: 0.0152
[heterogeneous_het_nig_product] step 310/390 trained 36/36 | hop0: 0.0192 | hop1: 0.0097 | hop2: 0.0082
[heterogeneous_het_nig_product] step 320/390 trained 36/36 | hop0: 0.0069 | hop1: 0.0092 | hop2: 0.0042
[heterogeneous_het_nig_product] step 330/390 trained 36/36 | hop0: 0.0062 | hop1: 0.0066 | hop2: 0.0040
[heterogeneous_het_nig_product] step 340/390 trained 36/36 | hop0: 0.0078 | hop1: 0.0058
[heterogeneous_het_nig_product] step 350/390 trained 36/36 | hop0: 0.0105 | hop1: 0.0085 | hop2: 0.0047
[heterogeneous_het_nig_product] step 360/390 trained 36/36 | hop0: 0.0073 | hop1: 0.0115 | hop2: 0.0110
[heterogeneous_het_nig_product] step 370/390 trained 36/36 | hop0: 0.0044 | hop1: 0.0108 | hop2: 0.0118
[heterogeneous_het_nig_product] step 380/390 trained 36/36 | hop0: 0.0079 | hop1: 0.0095 | hop2: 0.0156
[heterogeneous_het_nig_product] mean MSE (last 50 steps): 0.0107 | cert-MSE r=-0.420
[heterogeneous_het_nig_product] saved runs\chapter5_v2\s5_6_homog_fon\baseline_avgfusion\het_nig_product\figures\results.png

### heterogeneous/het_nig_product: last50=0.0107 whole_run=0.0280 r(new)=-0.3667+/-0.0936
    variant_mse: {'baseline': {'whole_run': 0.032139426010322825, 'last50': 0.012740584990326369}}
    disagreement_stats: {'n_events': 278483, 'n_contributors_mean': 3.359468980153187, 'spread_std_mean': 0.03301741225566112, 'spread_std_median': 0.027251468665326253, 'spread_std_p90': 0.06761374831648413, 'spread_range_mean': 0.08034347295723117, 'spread_range_median': 0.0641791820526123, 'spread_range_p90': 0.1699691519141198, 'frac_range_lt_0p01': 0.06928968734177669, 'nu_std_mean': 0.022873370281251252, 'nu_std_median': 0.0194007550130392, 'nu_std_p90': 0.04660841650888335, 'nu_range_mean': 0.05548180645803456, 'nu_range_median': 0.04559301398694515, 'nu_range_p90': 0.11742369830608368, 'nu_cv_mean': 0.243257303775313, 'nu_cv_median': 0.23726294919135046, 'nu_cv_p90': 0.466662784821616, 'max_weight_mean': 0.436422835024708, 'max_weight_median': 0.42305408188989224, 'max_weight_p90': 0.633630295030256, 'max_weight_minus_uniform_mean': 0.08991812831695475, 'max_weight_minus_uniform_median': 0.07846951382439965, 'max_weight_minus_uniform_p90': 0.1830464030109979, 'gamma_star_vs_unweighted_absdiff_mean': 0.006026319868904149, 'gamma_star_vs_unweighted_absdiff_median': 0.003142929933624042, 'gamma_star_vs_unweighted_absdiff_p90': 0.01552511982142822}

>>> [37/40] nig_product seed 1042 -> runs/chapter5_v2/s5_6_homog_fon/baseline_avgfusion  (elapsed 264.5 min)
[heterogeneous_het_nig_product_seed1042] nodes=36 coverage max=9 mode=nig_product steps=390
[heterogeneous_het_nig_product_seed1042] step 000/390 trained 36/36 | hop0: 0.0928 | hop1: 0.1063
[heterogeneous_het_nig_product_seed1042] step 010/390 trained 36/36 | hop0: 0.0798 | hop1: 0.0931 | hop2: 0.1631
[heterogeneous_het_nig_product_seed1042] step 020/390 trained 36/36 | hop0: 0.0672 | hop1: 0.0794
[heterogeneous_het_nig_product_seed1042] step 030/390 trained 36/36 | hop0: 0.0727 | hop1: 0.0943 | hop2: 0.1100
[heterogeneous_het_nig_product_seed1042] step 040/390 trained 36/36 | hop0: 0.0594 | hop1: 0.0781 | hop2: 0.1440
[heterogeneous_het_nig_product_seed1042] step 050/390 trained 36/36 | hop0: 0.0532 | hop1: 0.0630 | hop2: 0.1117
[heterogeneous_het_nig_product_seed1042] step 060/390 trained 36/36 | hop0: 0.0527 | hop1: 0.0546 | hop2: 0.0950
[heterogeneous_het_nig_product_seed1042] step 070/390 trained 36/36 | hop0: 0.0388 | hop1: 0.0489 | hop2: 0.0905
[heterogeneous_het_nig_product_seed1042] step 080/390 trained 36/36 | hop0: 0.0311 | hop1: 0.0524 | hop2: 0.1329
[heterogeneous_het_nig_product_seed1042] step 090/390 trained 36/36 | hop0: 0.0307 | hop1: 0.0475 | hop2: 0.1146
[heterogeneous_het_nig_product_seed1042] step 100/390 trained 36/36 | hop0: 0.0329 | hop1: 0.0437
[heterogeneous_het_nig_product_seed1042] step 110/390 trained 36/36 | hop0: 0.0240 | hop1: 0.0394 | hop2: 0.0703
[heterogeneous_het_nig_product_seed1042] step 120/390 trained 36/36 | hop0: 0.0325 | hop1: 0.0517 | hop2: 0.0390
[heterogeneous_het_nig_product_seed1042] step 130/390 trained 36/36 | hop0: 0.0432 | hop1: 0.0368 | hop2: 0.0428
[heterogeneous_het_nig_product_seed1042] step 140/390 trained 36/36 | hop0: 0.0482 | hop1: 0.0223 | hop2: 0.0461
[heterogeneous_het_nig_product_seed1042] step 150/390 trained 36/36 | hop0: 0.0314 | hop1: 0.0313 | hop2: 0.0315
[heterogeneous_het_nig_product_seed1042] step 160/390 trained 36/36 | hop0: 0.0117 | hop1: 0.0281 | hop2: 0.0364
[heterogeneous_het_nig_product_seed1042] step 170/390 trained 36/36 | hop0: 0.0100 | hop1: 0.0204 | hop2: 0.0658
[heterogeneous_het_nig_product_seed1042] step 180/390 trained 36/36 | hop0: 0.0075 | hop1: 0.0190 | hop2: 0.0537
[heterogeneous_het_nig_product_seed1042] step 190/390 trained 36/36 | hop0: 0.0150 | hop1: 0.0207
[heterogeneous_het_nig_product_seed1042] step 200/390 trained 36/36 | hop0: 0.0106 | hop1: 0.0164 | hop2: 0.0088
[heterogeneous_het_nig_product_seed1042] step 210/390 trained 36/36 | hop0: 0.0062 | hop1: 0.0159
[heterogeneous_het_nig_product_seed1042] step 220/390 trained 36/36 | hop0: 0.0066 | hop1: 0.0091 | hop2: 0.0324
[heterogeneous_het_nig_product_seed1042] step 230/390 trained 36/36 | hop0: 0.0091 | hop1: 0.0084 | hop2: 0.0139
[heterogeneous_het_nig_product_seed1042] step 240/390 trained 36/36 | hop0: 0.0072 | hop1: 0.0095 | hop2: 0.0205
[heterogeneous_het_nig_product_seed1042] step 250/390 trained 36/36 | hop0: 0.0058 | hop1: 0.0106 | hop2: 0.0310
[heterogeneous_het_nig_product_seed1042] step 260/390 trained 36/36 | hop0: 0.0070 | hop1: 0.0117 | hop2: 0.0318
[heterogeneous_het_nig_product_seed1042] step 270/390 trained 36/36 | hop0: 0.0065 | hop1: 0.0100
[heterogeneous_het_nig_product_seed1042] step 280/390 trained 36/36 | hop0: 0.0035 | hop1: 0.0109
[heterogeneous_het_nig_product_seed1042] step 290/390 trained 36/36 | hop0: 0.0025 | hop1: 0.0146
[heterogeneous_het_nig_product_seed1042] step 300/390 trained 36/36 | hop0: 0.0057 | hop1: 0.0148 | hop2: 0.0017
[heterogeneous_het_nig_product_seed1042] step 310/390 trained 36/36 | hop0: 0.0028 | hop1: 0.0093 | hop2: 0.0117
[heterogeneous_het_nig_product_seed1042] step 320/390 trained 36/36 | hop0: 0.0038 | hop1: 0.0061 | hop2: 0.0153
[heterogeneous_het_nig_product_seed1042] step 330/390 trained 36/36 | hop0: 0.0023 | hop1: 0.0035 | hop2: 0.0054
[heterogeneous_het_nig_product_seed1042] step 340/390 trained 36/36 | hop0: 0.0024 | hop1: 0.0064 | hop2: 0.0146
[heterogeneous_het_nig_product_seed1042] step 350/390 trained 36/36 | hop0: 0.0024 | hop1: 0.0115 | hop2: 0.0199
[heterogeneous_het_nig_product_seed1042] step 360/390 trained 36/36 | hop0: 0.0041 | hop1: 0.0101 | hop2: 0.0479
[heterogeneous_het_nig_product_seed1042] step 370/390 trained 36/36 | hop0: 0.0068 | hop1: 0.0222 | hop2: 0.0577
[heterogeneous_het_nig_product_seed1042] step 380/390 trained 36/36 | hop0: 0.0074 | hop1: 0.0267 | hop2: 0.0625
[heterogeneous_het_nig_product_seed1042] mean MSE (last 50 steps): 0.0199 | cert-MSE r=-0.654
[heterogeneous_het_nig_product_seed1042] saved runs\chapter5_v2\s5_6_homog_fon\baseline_avgfusion\het_nig_product_seed1042\figures\results.png

### heterogeneous/het_nig_product_seed1042: last50=0.0199 whole_run=0.0293 r(new)=-0.6007+/-0.1369
    variant_mse: {'baseline': {'whole_run': 0.030655853427627583, 'last50': 0.024976352288897597}}
    disagreement_stats: {'n_events': 273512, 'n_contributors_mean': 3.3666712977858375, 'spread_std_mean': 0.02611357597902158, 'spread_std_median': 0.021964458499859993, 'spread_std_p90': 0.05135766122854362, 'spread_range_mean': 0.06360078890064236, 'spread_range_median': 0.051956355571746826, 'spread_range_p90': 0.12889569103717802, 'frac_range_lt_0p01': 0.08162713153353418, 'nu_std_mean': 0.01731001733620447, 'nu_std_median': 0.014363017122648437, 'nu_std_p90': 0.036811871920533236, 'nu_range_mean': 0.041856516385976615, 'nu_range_median': 0.033844638615846634, 'nu_range_p90': 0.08968821167945862, 'nu_cv_mean': 0.21772152857511728, 'nu_cv_median': 0.14098907120233783, 'nu_cv_p90': 0.5442205517942299, 'max_weight_mean': 0.42548269116181225, 'max_weight_median': 0.40895275685601995, 'max_weight_p90': 0.6104394569458105, 'max_weight_minus_uniform_mean': 0.07961727514106481, 'max_weight_minus_uniform_median': 0.04909819460566203, 'max_weight_minus_uniform_p90': 0.20439379009151318, 'gamma_star_vs_unweighted_absdiff_mean': 0.004401375943430521, 'gamma_star_vs_unweighted_absdiff_median': 0.0017417547294405625, 'gamma_star_vs_unweighted_absdiff_p90': 0.011700471194439425}

>>> [38/40] nig_product seed 2042 -> runs/chapter5_v2/s5_6_homog_fon/baseline_avgfusion  (elapsed 271.6 min)
[heterogeneous_het_nig_product_seed2042] nodes=36 coverage max=9 mode=nig_product steps=390
[heterogeneous_het_nig_product_seed2042] step 000/390 trained 36/36 | hop0: 0.0980 | hop1: 0.0859 | hop2: 0.0995
[heterogeneous_het_nig_product_seed2042] step 010/390 trained 36/36 | hop0: 0.0878 | hop1: 0.1094 | hop2: 0.1060
[heterogeneous_het_nig_product_seed2042] step 020/390 trained 36/36 | hop0: 0.0703 | hop1: 0.0867 | hop2: 0.1094
[heterogeneous_het_nig_product_seed2042] step 030/390 trained 36/36 | hop0: 0.0678 | hop1: 0.0761 | hop2: 0.1083
[heterogeneous_het_nig_product_seed2042] step 040/390 trained 36/36 | hop0: 0.0444 | hop1: 0.0820 | hop2: 0.1344
[heterogeneous_het_nig_product_seed2042] step 050/390 trained 36/36 | hop0: 0.0485 | hop1: 0.0688 | hop2: 0.1111 | hop3: 0.1663
[heterogeneous_het_nig_product_seed2042] step 060/390 trained 36/36 | hop0: 0.0612 | hop1: 0.0582 | hop2: 0.1191
[heterogeneous_het_nig_product_seed2042] step 070/390 trained 36/36 | hop0: 0.0471 | hop1: 0.0627 | hop2: 0.1288
[heterogeneous_het_nig_product_seed2042] step 080/390 trained 36/36 | hop0: 0.0353 | hop1: 0.0536 | hop2: 0.0951
[heterogeneous_het_nig_product_seed2042] step 090/390 trained 36/36 | hop0: 0.0233 | hop1: 0.0455 | hop2: 0.1150
[heterogeneous_het_nig_product_seed2042] step 100/390 trained 36/36 | hop0: 0.0231 | hop1: 0.0387 | hop2: 0.0934
[heterogeneous_het_nig_product_seed2042] step 110/390 trained 36/36 | hop0: 0.0297 | hop1: 0.0416 | hop2: 0.1030
[heterogeneous_het_nig_product_seed2042] step 120/390 trained 36/36 | hop0: 0.0240 | hop1: 0.0511
[heterogeneous_het_nig_product_seed2042] step 130/390 trained 36/36 | hop0: 0.0189 | hop1: 0.0422 | hop2: 0.1438
[heterogeneous_het_nig_product_seed2042] step 140/390 trained 36/36 | hop0: 0.0210 | hop1: 0.0384 | hop2: 0.1376
[heterogeneous_het_nig_product_seed2042] step 150/390 trained 36/36 | hop0: 0.0121 | hop1: 0.0212 | hop2: 0.0734
[heterogeneous_het_nig_product_seed2042] step 160/390 trained 36/36 | hop0: 0.0084 | hop1: 0.0241 | hop2: 0.0774
[heterogeneous_het_nig_product_seed2042] step 170/390 trained 36/36 | hop0: 0.0057 | hop1: 0.0256 | hop2: 0.0959
[heterogeneous_het_nig_product_seed2042] step 180/390 trained 36/36 | hop0: 0.0094 | hop1: 0.0198 | hop2: 0.0655
[heterogeneous_het_nig_product_seed2042] step 190/390 trained 36/36 | hop0: 0.0226 | hop1: 0.0211 | hop2: 0.0737
[heterogeneous_het_nig_product_seed2042] step 200/390 trained 36/36 | hop0: 0.0108 | hop1: 0.0212
[heterogeneous_het_nig_product_seed2042] step 210/390 trained 36/36 | hop0: 0.0076 | hop1: 0.0095
[heterogeneous_het_nig_product_seed2042] step 220/390 trained 36/36 | hop0: 0.0055 | hop1: 0.0074 | hop2: 0.0230
[heterogeneous_het_nig_product_seed2042] step 230/390 trained 36/36 | hop0: 0.0040 | hop1: 0.0120 | hop2: 0.0309
[heterogeneous_het_nig_product_seed2042] step 240/390 trained 36/36 | hop0: 0.0066 | hop1: 0.0162 | hop2: 0.0400
[heterogeneous_het_nig_product_seed2042] step 250/390 trained 36/36 | hop0: 0.0066 | hop1: 0.0139 | hop2: 0.0214
[heterogeneous_het_nig_product_seed2042] step 260/390 trained 36/36 | hop0: 0.0078 | hop1: 0.0115 | hop2: 0.0188
[heterogeneous_het_nig_product_seed2042] step 270/390 trained 36/36 | hop0: 0.0080 | hop1: 0.0093 | hop2: 0.0294 | hop3: 0.0518
[heterogeneous_het_nig_product_seed2042] step 280/390 trained 36/36 | hop0: 0.0085 | hop1: 0.0155 | hop2: 0.0177
[heterogeneous_het_nig_product_seed2042] step 290/390 trained 36/36 | hop0: 0.0040 | hop1: 0.0182 | hop2: 0.0104
[heterogeneous_het_nig_product_seed2042] step 300/390 trained 36/36 | hop0: 0.0023 | hop1: 0.0053 | hop2: 0.0335 | hop3: 0.0205
[heterogeneous_het_nig_product_seed2042] step 310/390 trained 36/36 | hop0: 0.0029 | hop1: 0.0047 | hop2: 0.0217 | hop3: 0.0195
[heterogeneous_het_nig_product_seed2042] step 320/390 trained 36/36 | hop0: 0.0025 | hop1: 0.0038 | hop2: 0.0150
[heterogeneous_het_nig_product_seed2042] step 330/390 trained 36/36 | hop0: 0.0025 | hop1: 0.0037 | hop2: 0.0086 | hop3: 0.0090
[heterogeneous_het_nig_product_seed2042] step 340/390 trained 36/36 | hop0: 0.0017 | hop1: 0.0039 | hop2: 0.0094 | hop3: 0.0095
[heterogeneous_het_nig_product_seed2042] step 350/390 trained 36/36 | hop0: 0.0029 | hop1: 0.0061 | hop2: 0.0268 | hop3: 0.0438
[heterogeneous_het_nig_product_seed2042] step 360/390 trained 36/36 | hop0: 0.0038 | hop1: 0.0108 | hop2: 0.0583
[heterogeneous_het_nig_product_seed2042] step 370/390 trained 36/36 | hop0: 0.0042 | hop1: 0.0145 | hop2: 0.0677
[heterogeneous_het_nig_product_seed2042] step 380/390 trained 36/36 | hop0: 0.0048 | hop1: 0.0104 | hop2: 0.0384
[heterogeneous_het_nig_product_seed2042] mean MSE (last 50 steps): 0.0158 | cert-MSE r=-0.686
[heterogeneous_het_nig_product_seed2042] saved runs\chapter5_v2\s5_6_homog_fon\baseline_avgfusion\het_nig_product_seed2042\figures\results.png

### heterogeneous/het_nig_product_seed2042: last50=0.0158 whole_run=0.0313 r(new)=-0.5806+/-0.0939
    variant_mse: {'baseline': {'whole_run': 0.03370653056882586, 'last50': 0.010637244211195187}}
    disagreement_stats: {'n_events': 289212, 'n_contributors_mean': 3.3331189577195968, 'spread_std_mean': 0.026995463063646325, 'spread_std_median': 0.022542506121366976, 'spread_std_p90': 0.054543154633565176, 'spread_range_mean': 0.0656553106762216, 'spread_range_median': 0.053010180592536926, 'spread_range_p90': 0.13684621453285217, 'frac_range_lt_0p01': 0.08161141308106164, 'nu_std_mean': 0.0156342027474392, 'nu_std_median': 0.011655135874937678, 'nu_std_p90': 0.035708013741289714, 'nu_range_mean': 0.03751047924464969, 'nu_range_median': 0.026851996779441833, 'nu_range_p90': 0.08814334683120251, 'nu_cv_mean': 0.2216834049350688, 'nu_cv_median': 0.15610103779518159, 'nu_cv_p90': 0.5221588871742466, 'max_weight_mean': 0.43234269073181625, 'max_weight_median': 0.4141903326781273, 'max_weight_p90': 0.6189389348042726, 'max_weight_minus_uniform_mean': 0.08367932762299445, 'max_weight_minus_uniform_median': 0.056272820849651586, 'max_weight_minus_uniform_p90': 0.19689169594918488, 'gamma_star_vs_unweighted_absdiff_mean': 0.004091790477995794, 'gamma_star_vs_unweighted_absdiff_median': 0.0019109566754417938, 'gamma_star_vs_unweighted_absdiff_p90': 0.010763849350990755}

>>> [39/40] nig_product seed 3042 -> runs/chapter5_v2/s5_6_homog_fon/baseline_avgfusion  (elapsed 278.9 min)
[heterogeneous_het_nig_product_seed3042] nodes=36 coverage max=9 mode=nig_product steps=390
[heterogeneous_het_nig_product_seed3042] step 000/390 trained 36/36 | hop0: 0.0953 | hop1: 0.0940 | hop2: 0.1608
[heterogeneous_het_nig_product_seed3042] step 010/390 trained 36/36 | hop0: 0.0762 | hop1: 0.1126
[heterogeneous_het_nig_product_seed3042] step 020/390 trained 36/36 | hop0: 0.0810 | hop1: 0.1046
[heterogeneous_het_nig_product_seed3042] step 030/390 trained 36/36 | hop0: 0.0795 | hop1: 0.1030
[heterogeneous_het_nig_product_seed3042] step 040/390 trained 36/36 | hop0: 0.0785 | hop1: 0.0803
[heterogeneous_het_nig_product_seed3042] step 050/390 trained 36/36 | hop0: 0.0650 | hop1: 0.0619 | hop2: 0.0546
[heterogeneous_het_nig_product_seed3042] step 060/390 trained 36/36 | hop0: 0.0815 | hop1: 0.0551 | hop2: 0.0572
[heterogeneous_het_nig_product_seed3042] step 070/390 trained 36/36 | hop0: 0.0530 | hop1: 0.0569 | hop2: 0.0795
[heterogeneous_het_nig_product_seed3042] step 080/390 trained 36/36 | hop0: 0.0351 | hop1: 0.0522 | hop2: 0.0908
[heterogeneous_het_nig_product_seed3042] step 090/390 trained 36/36 | hop0: 0.0353 | hop1: 0.0512 | hop2: 0.0828 | hop3: 0.0696
[heterogeneous_het_nig_product_seed3042] step 100/390 trained 36/36 | hop0: 0.0401 | hop1: 0.0484 | hop2: 0.0706
[heterogeneous_het_nig_product_seed3042] step 110/390 trained 36/36 | hop0: 0.0411 | hop1: 0.0513 | hop2: 0.0647
[heterogeneous_het_nig_product_seed3042] step 120/390 trained 36/36 | hop0: 0.0359 | hop1: 0.0636 | hop2: 0.0392
[heterogeneous_het_nig_product_seed3042] step 130/390 trained 36/36 | hop0: 0.0369 | hop1: 0.0584 | hop2: 0.0709
[heterogeneous_het_nig_product_seed3042] step 140/390 trained 36/36 | hop0: 0.0454 | hop1: 0.0480 | hop2: 0.0224
[heterogeneous_het_nig_product_seed3042] step 150/390 trained 36/36 | hop0: 0.0471 | hop1: 0.0311 | hop2: 0.0149
[heterogeneous_het_nig_product_seed3042] step 160/390 trained 36/36 | hop0: 0.0352 | hop1: 0.0347 | hop2: 0.0140
[heterogeneous_het_nig_product_seed3042] step 170/390 trained 36/36 | hop0: 0.0306 | hop1: 0.0335 | hop2: 0.0116
[heterogeneous_het_nig_product_seed3042] step 180/390 trained 36/36 | hop0: 0.0367 | hop1: 0.0243
[heterogeneous_het_nig_product_seed3042] step 190/390 trained 36/36 | hop0: 0.0353 | hop1: 0.0249
[heterogeneous_het_nig_product_seed3042] step 200/390 trained 36/36 | hop0: 0.0335 | hop1: 0.0228
[heterogeneous_het_nig_product_seed3042] step 210/390 trained 36/36 | hop0: 0.0197 | hop1: 0.0162 | hop2: 0.0060
[heterogeneous_het_nig_product_seed3042] step 220/390 trained 36/36 | hop0: 0.0181 | hop1: 0.0169 | hop2: 0.0070
[heterogeneous_het_nig_product_seed3042] step 230/390 trained 36/36 | hop0: 0.0193 | hop1: 0.0146 | hop2: 0.0066
[heterogeneous_het_nig_product_seed3042] step 240/390 trained 36/36 | hop0: 0.0175 | hop1: 0.0142 | hop2: 0.0310
[heterogeneous_het_nig_product_seed3042] step 250/390 trained 36/36 | hop0: 0.0135 | hop1: 0.0151 | hop2: 0.0395
[heterogeneous_het_nig_product_seed3042] step 260/390 trained 36/36 | hop0: 0.0132 | hop1: 0.0192 | hop2: 0.0451
[heterogeneous_het_nig_product_seed3042] step 270/390 trained 36/36 | hop0: 0.0104 | hop1: 0.0160 | hop2: 0.0250
[heterogeneous_het_nig_product_seed3042] step 280/390 trained 36/36 | hop0: 0.0042 | hop1: 0.0137 | hop2: 0.0225
[heterogeneous_het_nig_product_seed3042] step 290/390 trained 36/36 | hop0: 0.0058 | hop1: 0.0162
[heterogeneous_het_nig_product_seed3042] step 300/390 trained 36/36 | hop0: 0.0070 | hop1: 0.0122 | hop2: 0.0129
[heterogeneous_het_nig_product_seed3042] step 310/390 trained 36/36 | hop0: 0.0046 | hop1: 0.0088 | hop2: 0.0144
[heterogeneous_het_nig_product_seed3042] step 320/390 trained 36/36 | hop0: 0.0019 | hop1: 0.0044 | hop2: 0.0062
[heterogeneous_het_nig_product_seed3042] step 330/390 trained 36/36 | hop0: 0.0022 | hop1: 0.0024
[heterogeneous_het_nig_product_seed3042] step 340/390 trained 36/36 | hop0: 0.0032 | hop1: 0.0051
[heterogeneous_het_nig_product_seed3042] step 350/390 trained 36/36 | hop0: 0.0112 | hop1: 0.0068 | hop2: 0.0093
[heterogeneous_het_nig_product_seed3042] step 360/390 trained 36/36 | hop0: 0.0105 | hop1: 0.0113 | hop2: 0.0114
[heterogeneous_het_nig_product_seed3042] step 370/390 trained 36/36 | hop0: 0.0073 | hop1: 0.0141
[heterogeneous_het_nig_product_seed3042] step 380/390 trained 36/36 | hop0: 0.0063 | hop1: 0.0144 | hop2: 0.0198
[heterogeneous_het_nig_product_seed3042] mean MSE (last 50 steps): 0.0131 | cert-MSE r=0.023
[heterogeneous_het_nig_product_seed3042] saved runs\chapter5_v2\s5_6_homog_fon\baseline_avgfusion\het_nig_product_seed3042\figures\results.png

### heterogeneous/het_nig_product_seed3042: last50=0.0131 whole_run=0.0314 r(new)=-0.1141+/-0.0979
    variant_mse: {'baseline': {'whole_run': 0.03467680929664507, 'last50': 0.017290879521330852}}
    disagreement_stats: {'n_events': 272913, 'n_contributors_mean': 3.3730822643113374, 'spread_std_mean': 0.029244717620072046, 'spread_std_median': 0.023399100792652013, 'spread_std_p90': 0.05869729525081904, 'spread_range_mean': 0.07122652057862845, 'spread_range_median': 0.05558411777019501, 'spread_range_p90': 0.1466592490673066, 'frac_range_lt_0p01': 0.07369015034095115, 'nu_std_mean': 0.011671871850266535, 'nu_std_median': 0.008900368397769653, 'nu_std_p90': 0.02547294048974486, 'nu_range_mean': 0.028091277171166423, 'nu_range_median': 0.02115991711616516, 'nu_range_p90': 0.0633130744099617, 'nu_cv_mean': 0.12470660380431568, 'nu_cv_median': 0.11291051644257047, 'nu_cv_p90': 0.2430933764609548, 'max_weight_mean': 0.39128530692838664, 'max_weight_median': 0.3729412629094399, 'max_weight_p90': 0.558968616600274, 'max_weight_minus_uniform_mean': 0.04596848871333714, 'max_weight_minus_uniform_median': 0.039198613727362774, 'max_weight_minus_uniform_p90': 0.09244239929958203, 'gamma_star_vs_unweighted_absdiff_mean': 0.0025322886344873803, 'gamma_star_vs_unweighted_absdiff_median': 0.0013877616508707691, 'gamma_star_vs_unweighted_absdiff_p90': 0.006296650671112171}

>>> [40/40] nig_product seed 4042 -> runs/chapter5_v2/s5_6_homog_fon/baseline_avgfusion  (elapsed 286.0 min)
[heterogeneous_het_nig_product_seed4042] nodes=36 coverage max=9 mode=nig_product steps=390
[heterogeneous_het_nig_product_seed4042] step 000/390 trained 36/36 | hop0: 0.0888 | hop1: 0.0993 | hop2: 0.1200
[heterogeneous_het_nig_product_seed4042] step 010/390 trained 36/36 | hop0: 0.0717 | hop1: 0.0942
[heterogeneous_het_nig_product_seed4042] step 020/390 trained 36/36 | hop0: 0.0647 | hop1: 0.0966 | hop2: 0.1788
[heterogeneous_het_nig_product_seed4042] step 030/390 trained 36/36 | hop0: 0.0677 | hop1: 0.0890 | hop2: 0.1032
[heterogeneous_het_nig_product_seed4042] step 040/390 trained 36/36 | hop0: 0.0629 | hop1: 0.0781 | hop2: 0.1220
[heterogeneous_het_nig_product_seed4042] step 050/390 trained 36/36 | hop0: 0.0545 | hop1: 0.0783 | hop2: 0.1537
[heterogeneous_het_nig_product_seed4042] step 060/390 trained 36/36 | hop0: 0.0439 | hop1: 0.0610 | hop2: 0.1328
[heterogeneous_het_nig_product_seed4042] step 070/390 trained 36/36 | hop0: 0.0386 | hop1: 0.0649 | hop2: 0.1461
[heterogeneous_het_nig_product_seed4042] step 080/390 trained 36/36 | hop0: 0.0385 | hop1: 0.0510 | hop2: 0.1023
[heterogeneous_het_nig_product_seed4042] step 090/390 trained 36/36 | hop0: 0.0216 | hop1: 0.0511 | hop2: 0.1282 | hop3: 0.1816
[heterogeneous_het_nig_product_seed4042] step 100/390 trained 36/36 | hop0: 0.0263 | hop1: 0.0473 | hop2: 0.0995 | hop3: 0.1370
[heterogeneous_het_nig_product_seed4042] step 110/390 trained 36/36 | hop0: 0.0365 | hop1: 0.0651 | hop2: 0.1636
[heterogeneous_het_nig_product_seed4042] step 120/390 trained 36/36 | hop0: 0.0600 | hop1: 0.0530 | hop2: 0.0916
[heterogeneous_het_nig_product_seed4042] step 130/390 trained 36/36 | hop0: 0.0824 | hop1: 0.0509
[heterogeneous_het_nig_product_seed4042] step 140/390 trained 36/36 | hop0: 0.0801 | hop1: 0.0403 | hop2: 0.0352
[heterogeneous_het_nig_product_seed4042] step 150/390 trained 36/36 | hop0: 0.0634 | hop1: 0.0445 | hop2: 0.0324
[heterogeneous_het_nig_product_seed4042] step 160/390 trained 36/36 | hop0: 0.0265 | hop1: 0.0341 | hop2: 0.0321
[heterogeneous_het_nig_product_seed4042] step 170/390 trained 36/36 | hop0: 0.0143 | hop1: 0.0335 | hop2: 0.0327
[heterogeneous_het_nig_product_seed4042] step 180/390 trained 36/36 | hop0: 0.0212 | hop1: 0.0258 | hop2: 0.0428
[heterogeneous_het_nig_product_seed4042] step 190/390 trained 36/36 | hop0: 0.0178 | hop1: 0.0263 | hop2: 0.0412
[heterogeneous_het_nig_product_seed4042] step 200/390 trained 36/36 | hop0: 0.0159 | hop1: 0.0229 | hop2: 0.0336
[heterogeneous_het_nig_product_seed4042] step 210/390 trained 36/36 | hop0: 0.0104 | hop1: 0.0242 | hop2: 0.0476
[heterogeneous_het_nig_product_seed4042] step 220/390 trained 36/36 | hop0: 0.0119 | hop1: 0.0260 | hop2: 0.0732
[heterogeneous_het_nig_product_seed4042] step 230/390 trained 36/36 | hop0: 0.0185 | hop1: 0.0227
[heterogeneous_het_nig_product_seed4042] step 240/390 trained 36/36 | hop0: 0.0201 | hop1: 0.0256
[heterogeneous_het_nig_product_seed4042] step 250/390 trained 36/36 | hop0: 0.0086 | hop1: 0.0277 | hop2: 0.0201
[heterogeneous_het_nig_product_seed4042] step 260/390 trained 36/36 | hop0: 0.0241 | hop1: 0.0201 | hop2: 0.0121
[heterogeneous_het_nig_product_seed4042] step 270/390 trained 36/36 | hop0: 0.0053 | hop1: 0.0195 | hop2: 0.0075
[heterogeneous_het_nig_product_seed4042] step 280/390 trained 36/36 | hop0: 0.0058 | hop1: 0.0219 | hop2: 0.0110
[heterogeneous_het_nig_product_seed4042] step 290/390 trained 36/36 | hop0: 0.0088 | hop1: 0.0138 | hop2: 0.0151
[heterogeneous_het_nig_product_seed4042] step 300/390 trained 36/36 | hop0: 0.0040 | hop1: 0.0105 | hop2: 0.0076
[heterogeneous_het_nig_product_seed4042] step 310/390 trained 36/36 | hop0: 0.0077 | hop1: 0.0066 | hop2: 0.0102
[heterogeneous_het_nig_product_seed4042] step 320/390 trained 36/36 | hop0: 0.0048 | hop1: 0.0066 | hop2: 0.0150
[heterogeneous_het_nig_product_seed4042] step 330/390 trained 36/36 | hop0: 0.0029 | hop1: 0.0045 | hop2: 0.0046
[heterogeneous_het_nig_product_seed4042] step 340/390 trained 36/36 | hop0: 0.0111 | hop1: 0.0048 | hop2: 0.0041
[heterogeneous_het_nig_product_seed4042] step 350/390 trained 36/36 | hop0: 0.0135 | hop1: 0.0072 | hop2: 0.0033
[heterogeneous_het_nig_product_seed4042] step 360/390 trained 36/36 | hop0: 0.0121 | hop1: 0.0104
[heterogeneous_het_nig_product_seed4042] step 370/390 trained 36/36 | hop0: 0.0094 | hop1: 0.0145 | hop2: 0.0212
[heterogeneous_het_nig_product_seed4042] step 380/390 trained 36/36 | hop0: 0.0050 | hop1: 0.0149 | hop2: 0.0381
[heterogeneous_het_nig_product_seed4042] mean MSE (last 50 steps): 0.0132 | cert-MSE r=-0.147
[heterogeneous_het_nig_product_seed4042] saved runs\chapter5_v2\s5_6_homog_fon\baseline_avgfusion\het_nig_product_seed4042\figures\results.png

### heterogeneous/het_nig_product_seed4042: last50=0.0132 whole_run=0.0349 r(new)=-0.1977+/-0.1375
    variant_mse: {'baseline': {'whole_run': 0.038235653771925504, 'last50': 0.01365162197318769}}
    disagreement_stats: {'n_events': 274255, 'n_contributors_mean': 3.3577801680917396, 'spread_std_mean': 0.028905355580090317, 'spread_std_median': 0.024029478430747986, 'spread_std_p90': 0.057937163993986726, 'spread_range_mean': 0.07024165911081486, 'spread_range_median': 0.0567229688167572, 'spread_range_p90': 0.14515656232833865, 'frac_range_lt_0p01': 0.07517456381834424, 'nu_std_mean': 0.01909146676243429, 'nu_std_median': 0.01489870577954068, 'nu_std_p90': 0.04223390423695059, 'nu_range_mean': 0.046113703344334095, 'nu_range_median': 0.03414060175418854, 'nu_range_p90': 0.10522091016173363, 'nu_cv_mean': 0.2702991376871762, 'nu_cv_median': 0.2503905108352102, 'nu_cv_p90': 0.5419595989938039, 'max_weight_mean': 0.450059353261234, 'max_weight_median': 0.4428262197924609, 'max_weight_p90': 0.6487487491312754, 'max_weight_minus_uniform_mean': 0.10334997347825481, 'max_weight_minus_uniform_median': 0.08705671832816375, 'max_weight_minus_uniform_p90': 0.21842687815753742, 'gamma_star_vs_unweighted_absdiff_mean': 0.005747866693017353, 'gamma_star_vs_unweighted_absdiff_median': 0.002933435424423104, 'gamma_star_vs_unweighted_absdiff_p90': 0.014763513400816443}

=== HET FILTER-ON COMPLETE: 40 ok, 0 failed, 293.5 min ===
