AVERAGE FUSION: 55 runs -> regen

>>> [1/55] het:naive seed 42  (elapsed 0.0 min)
[het] node variants: {'narrow': 12, 'baseline': 12, 'wide': 12}
[heterogeneous_het_naive] nodes=36 coverage max=9 mode=naive steps=390
[heterogeneous_het_naive] step 000/390 trained 36/36 | hop0: 0.0185 | hop1: 0.0304
[heterogeneous_het_naive] step 010/390 trained 36/36 | hop0: 0.0064 | hop1: 0.0191
[heterogeneous_het_naive] step 020/390 trained 36/36 | hop0: 0.0147 | hop1: 0.0120 | hop2: 0.0253
[heterogeneous_het_naive] step 030/390 trained 36/36 | hop0: 0.0048 | hop1: 0.0128 | hop2: 0.0270
[heterogeneous_het_naive] step 040/390 trained 36/36 | hop0: 0.0076 | hop1: 0.0155 | hop2: 0.0239
[heterogeneous_het_naive] step 050/390 trained 36/36 | hop0: 0.0075 | hop1: 0.0093 | hop2: 0.0165
[heterogeneous_het_naive] step 060/390 trained 36/36 | hop0: 0.0078 | hop1: 0.0108 | hop2: 0.0356
[heterogeneous_het_naive] step 070/390 trained 36/36 | hop0: 0.0034 | hop1: 0.0160 | hop2: 0.0468
[heterogeneous_het_naive] step 080/390 trained 36/36 | hop0: 0.0024 | hop1: 0.0171 | hop2: 0.0576
[heterogeneous_het_naive] step 090/390 trained 36/36 | hop0: 0.0121 | hop1: 0.0155
[heterogeneous_het_naive] step 100/390 trained 36/36 | hop0: 0.0104 | hop1: 0.0128 | hop2: 0.0076
[heterogeneous_het_naive] step 110/390 trained 36/36 | hop0: 0.0072 | hop1: 0.0152 | hop2: 0.0095
[heterogeneous_het_naive] step 120/390 trained 36/36 | hop0: 0.0127 | hop1: 0.0218 | hop2: 0.0134
[heterogeneous_het_naive] step 130/390 trained 36/36 | hop0: 0.0128 | hop1: 0.0318 | hop2: 0.0150
[heterogeneous_het_naive] step 140/390 trained 36/36 | hop0: 0.0062 | hop1: 0.0293 | hop2: 0.0242
[heterogeneous_het_naive] step 150/390 trained 36/36 | hop0: 0.0144 | hop1: 0.0199 | hop2: 0.0347
[heterogeneous_het_naive] step 160/390 trained 36/36 | hop0: 0.0083 | hop1: 0.0202 | hop2: 0.0266
[heterogeneous_het_naive] step 170/390 trained 36/36 | hop0: 0.0156 | hop1: 0.0189 | hop2: 0.0142
[heterogeneous_het_naive] step 180/390 trained 36/36 | hop0: 0.0084 | hop1: 0.0215 | hop2: 0.0290
[heterogeneous_het_naive] step 190/390 trained 36/36 | hop0: 0.0081 | hop1: 0.0234 | hop2: 0.0196
[heterogeneous_het_naive] step 200/390 trained 36/36 | hop0: 0.0081 | hop1: 0.0287 | hop2: 0.0294
[heterogeneous_het_naive] step 210/390 trained 36/36 | hop0: 0.0069 | hop1: 0.0232 | hop2: 0.0308
[heterogeneous_het_naive] step 220/390 trained 36/36 | hop0: 0.0187 | hop1: 0.0239
[heterogeneous_het_naive] step 230/390 trained 36/36 | hop0: 0.0135 | hop1: 0.0263 | hop2: 0.0805
[heterogeneous_het_naive] step 240/390 trained 36/36 | hop0: 0.0213 | hop1: 0.0324 | hop2: 0.0442
[heterogeneous_het_naive] step 250/390 trained 36/36 | hop0: 0.0214 | hop1: 0.0373 | hop2: 0.0149
[heterogeneous_het_naive] step 260/390 trained 36/36 | hop0: 0.0265 | hop1: 0.0309
[heterogeneous_het_naive] step 270/390 trained 36/36 | hop0: 0.0216 | hop1: 0.0292 | hop2: 0.0032
[heterogeneous_het_naive] step 280/390 trained 36/36 | hop0: 0.0227 | hop1: 0.0365
[heterogeneous_het_naive] step 290/390 trained 36/36 | hop0: 0.0283 | hop1: 0.0424 | hop2: 0.0071
[heterogeneous_het_naive] step 300/390 trained 36/36 | hop0: 0.0340 | hop1: 0.0380 | hop2: 0.0077
[heterogeneous_het_naive] step 310/390 trained 36/36 | hop0: 0.0242 | hop1: 0.0280 | hop2: 0.0104
[heterogeneous_het_naive] step 320/390 trained 36/36 | hop0: 0.0215 | hop1: 0.0527 | hop2: 0.0041
[heterogeneous_het_naive] step 330/390 trained 36/36 | hop0: 0.0187 | hop1: 0.0590 | hop2: 0.0048
[heterogeneous_het_naive] step 340/390 trained 36/36 | hop0: 0.0208 | hop1: 0.0510
[heterogeneous_het_naive] step 350/390 trained 36/36 | hop0: 0.0260 | hop1: 0.0570 | hop2: 0.0098
[heterogeneous_het_naive] step 360/390 trained 36/36 | hop0: 0.0463 | hop1: 0.0367 | hop2: 0.0395
[heterogeneous_het_naive] step 370/390 trained 36/36 | hop0: 0.0060 | hop1: 0.0572 | hop2: 0.0362
[heterogeneous_het_naive] step 380/390 trained 36/36 | hop0: 0.0378 | hop1: 0.0480 | hop2: 0.0391
[heterogeneous_het_naive] mean MSE (last 50 steps): 0.0321 | cert-MSE r=-0.772
[heterogeneous_het_naive] per-variant whole-run MSE: wide=0.0210, baseline=0.0357, narrow=0.0178
[heterogeneous_het_naive] saved runs\chapter5_v2\s5_6_het_rg\naive\het_naive\figures\results.png

### heterogeneous/het_naive: last50=0.0321 whole_run=0.0163 r(new)=-0.6179+/-0.0647
    variant_mse: {'wide': {'whole_run': 0.021023370829018718, 'last50': 0.04175467965197278}, 'baseline': {'whole_run': 0.03571102983282395, 'last50': 0.052401913702739285}, 'narrow': {'whole_run': 0.017773110383084673, 'last50': 0.02220035110178189}}

>>> [2/55] het:naive seed 1042  (elapsed 6.7 min)
[het] node variants: {'narrow': 12, 'baseline': 12, 'wide': 12}
[heterogeneous_het_naive_seed1042] nodes=36 coverage max=9 mode=naive steps=390
[heterogeneous_het_naive_seed1042] step 000/390 trained 36/36 | hop0: 0.0153 | hop1: 0.0273
[heterogeneous_het_naive_seed1042] step 010/390 trained 36/36 | hop0: 0.0113 | hop1: 0.0142 | hop2: 0.0443
[heterogeneous_het_naive_seed1042] step 020/390 trained 36/36 | hop0: 0.0100 | hop1: 0.0160
[heterogeneous_het_naive_seed1042] step 030/390 trained 36/36 | hop0: 0.0062 | hop1: 0.0144 | hop2: 0.0281
[heterogeneous_het_naive_seed1042] step 040/390 trained 36/36 | hop0: 0.0077 | hop1: 0.0127 | hop2: 0.0378
[heterogeneous_het_naive_seed1042] step 050/390 trained 36/36 | hop0: 0.0047 | hop1: 0.0106 | hop2: 0.0125
[heterogeneous_het_naive_seed1042] step 060/390 trained 36/36 | hop0: 0.0049 | hop1: 0.0109 | hop2: 0.0160
[heterogeneous_het_naive_seed1042] step 070/390 trained 36/36 | hop0: 0.0046 | hop1: 0.0115 | hop2: 0.0340
[heterogeneous_het_naive_seed1042] step 080/390 trained 36/36 | hop0: 0.0102 | hop1: 0.0164 | hop2: 0.0653
[heterogeneous_het_naive_seed1042] step 090/390 trained 36/36 | hop0: 0.0078 | hop1: 0.0123 | hop2: 0.0438
[heterogeneous_het_naive_seed1042] step 100/390 trained 36/36 | hop0: 0.0063 | hop1: 0.0166
[heterogeneous_het_naive_seed1042] step 110/390 trained 36/36 | hop0: 0.0053 | hop1: 0.0128 | hop2: 0.0307
[heterogeneous_het_naive_seed1042] step 120/390 trained 36/36 | hop0: 0.0111 | hop1: 0.0274 | hop2: 0.0251
[heterogeneous_het_naive_seed1042] step 130/390 trained 36/36 | hop0: 0.0282 | hop1: 0.0219 | hop2: 0.0351
[heterogeneous_het_naive_seed1042] step 140/390 trained 36/36 | hop0: 0.0306 | hop1: 0.0143 | hop2: 0.0380
[heterogeneous_het_naive_seed1042] step 150/390 trained 36/36 | hop0: 0.0234 | hop1: 0.0168 | hop2: 0.0284
[heterogeneous_het_naive_seed1042] step 160/390 trained 36/36 | hop0: 0.0053 | hop1: 0.0179 | hop2: 0.0380
[heterogeneous_het_naive_seed1042] step 170/390 trained 36/36 | hop0: 0.0078 | hop1: 0.0187 | hop2: 0.0588
[heterogeneous_het_naive_seed1042] step 180/390 trained 36/36 | hop0: 0.0065 | hop1: 0.0235 | hop2: 0.0720
[heterogeneous_het_naive_seed1042] step 190/390 trained 36/36 | hop0: 0.0131 | hop1: 0.0305
[heterogeneous_het_naive_seed1042] step 200/390 trained 36/36 | hop0: 0.0083 | hop1: 0.0299 | hop2: 0.0089
[heterogeneous_het_naive_seed1042] step 210/390 trained 36/36 | hop0: 0.0160 | hop1: 0.0291
[heterogeneous_het_naive_seed1042] step 220/390 trained 36/36 | hop0: 0.0118 | hop1: 0.0258 | hop2: 0.0959
[heterogeneous_het_naive_seed1042] step 230/390 trained 36/36 | hop0: 0.0176 | hop1: 0.0284 | hop2: 0.0376
[heterogeneous_het_naive_seed1042] step 240/390 trained 36/36 | hop0: 0.0147 | hop1: 0.0247 | hop2: 0.0351
[heterogeneous_het_naive_seed1042] step 250/390 trained 36/36 | hop0: 0.0111 | hop1: 0.0191 | hop2: 0.0672
[heterogeneous_het_naive_seed1042] step 260/390 trained 36/36 | hop0: 0.0174 | hop1: 0.0226 | hop2: 0.0794
[heterogeneous_het_naive_seed1042] step 270/390 trained 36/36 | hop0: 0.0262 | hop1: 0.0232
[heterogeneous_het_naive_seed1042] step 280/390 trained 36/36 | hop0: 0.0114 | hop1: 0.0253
[heterogeneous_het_naive_seed1042] step 290/390 trained 36/36 | hop0: 0.0065 | hop1: 0.0293
[heterogeneous_het_naive_seed1042] step 300/390 trained 36/36 | hop0: 0.0099 | hop1: 0.0312 | hop2: 0.0062
[heterogeneous_het_naive_seed1042] step 310/390 trained 36/36 | hop0: 0.0068 | hop1: 0.0236 | hop2: 0.1259
[heterogeneous_het_naive_seed1042] step 320/390 trained 36/36 | hop0: 0.0082 | hop1: 0.0288 | hop2: 0.3368
[heterogeneous_het_naive_seed1042] step 330/390 trained 36/36 | hop0: 0.0089 | hop1: 0.0167 | hop2: 0.1555
[heterogeneous_het_naive_seed1042] step 340/390 trained 36/36 | hop0: 0.0096 | hop1: 0.0200 | hop2: 0.0599
[heterogeneous_het_naive_seed1042] step 350/390 trained 36/36 | hop0: 0.0045 | hop1: 0.0244 | hop2: 0.0927
[heterogeneous_het_naive_seed1042] step 360/390 trained 36/36 | hop0: 0.0040 | hop1: 0.0181 | hop2: 0.1251
[heterogeneous_het_naive_seed1042] step 370/390 trained 36/36 | hop0: 0.0082 | hop1: 0.0298 | hop2: 0.2122
[heterogeneous_het_naive_seed1042] step 380/390 trained 36/36 | hop0: 0.0145 | hop1: 0.0457 | hop2: 0.2087
[heterogeneous_het_naive_seed1042] mean MSE (last 50 steps): 0.0313 | cert-MSE r=-0.756
[heterogeneous_het_naive_seed1042] per-variant whole-run MSE: narrow=0.0227, baseline=0.0132, wide=0.0324
[heterogeneous_het_naive_seed1042] saved runs\chapter5_v2\s5_6_het_rg\naive\het_naive_seed1042\figures\results.png

### heterogeneous/het_naive_seed1042: last50=0.0313 whole_run=0.0172 r(new)=-0.5857+/-0.0652
    variant_mse: {'narrow': {'whole_run': 0.02269788206440339, 'last50': 0.04352639653374468}, 'baseline': {'whole_run': 0.013230184655954972, 'last50': 0.022143123247459054}, 'wide': {'whole_run': 0.03244118844407483, 'last50': 0.08687050095896988}}

>>> [3/55] het:naive seed 2042  (elapsed 13.5 min)
[het] node variants: {'narrow': 12, 'baseline': 12, 'wide': 12}
[heterogeneous_het_naive_seed2042] nodes=36 coverage max=9 mode=naive steps=390
[heterogeneous_het_naive_seed2042] step 000/390 trained 36/36 | hop0: 0.0385 | hop1: 0.0189 | hop2: 0.0179
[heterogeneous_het_naive_seed2042] step 010/390 trained 36/36 | hop0: 0.0134 | hop1: 0.0118 | hop2: 0.0146
[heterogeneous_het_naive_seed2042] step 020/390 trained 36/36 | hop0: 0.0074 | hop1: 0.0106 | hop2: 0.0196
[heterogeneous_het_naive_seed2042] step 030/390 trained 36/36 | hop0: 0.0102 | hop1: 0.0115 | hop2: 0.0221
[heterogeneous_het_naive_seed2042] step 040/390 trained 36/36 | hop0: 0.0035 | hop1: 0.0121 | hop2: 0.0241
[heterogeneous_het_naive_seed2042] step 050/390 trained 36/36 | hop0: 0.0020 | hop1: 0.0132 | hop2: 0.0250 | hop3: 0.0159
[heterogeneous_het_naive_seed2042] step 060/390 trained 36/36 | hop0: 0.0117 | hop1: 0.0157 | hop2: 0.0442
[heterogeneous_het_naive_seed2042] step 070/390 trained 36/36 | hop0: 0.0088 | hop1: 0.0192 | hop2: 0.0426
[heterogeneous_het_naive_seed2042] step 080/390 trained 36/36 | hop0: 0.0054 | hop1: 0.0219 | hop2: 0.0439
[heterogeneous_het_naive_seed2042] step 090/390 trained 36/36 | hop0: 0.0080 | hop1: 0.0143 | hop2: 0.0494
[heterogeneous_het_naive_seed2042] step 100/390 trained 36/36 | hop0: 0.0098 | hop1: 0.0117 | hop2: 0.0374
[heterogeneous_het_naive_seed2042] step 110/390 trained 36/36 | hop0: 0.0059 | hop1: 0.0232 | hop2: 0.0340
[heterogeneous_het_naive_seed2042] step 120/390 trained 36/36 | hop0: 0.0079 | hop1: 0.0376
[heterogeneous_het_naive_seed2042] step 130/390 trained 36/36 | hop0: 0.0047 | hop1: 0.0293 | hop2: 0.1635
[heterogeneous_het_naive_seed2042] step 140/390 trained 36/36 | hop0: 0.0117 | hop1: 0.0433 | hop2: 0.1941
[heterogeneous_het_naive_seed2042] step 150/390 trained 36/36 | hop0: 0.0120 | hop1: 0.0263 | hop2: 0.1148
[heterogeneous_het_naive_seed2042] step 160/390 trained 36/36 | hop0: 0.0147 | hop1: 0.0448 | hop2: 0.0819
[heterogeneous_het_naive_seed2042] step 170/390 trained 36/36 | hop0: 0.0076 | hop1: 0.0444 | hop2: 0.0870
[heterogeneous_het_naive_seed2042] step 180/390 trained 36/36 | hop0: 0.0185 | hop1: 0.0494 | hop2: 0.1060
[heterogeneous_het_naive_seed2042] step 190/390 trained 36/36 | hop0: 0.0164 | hop1: 0.0624 | hop2: 0.0753
[heterogeneous_het_naive_seed2042] step 200/390 trained 36/36 | hop0: 0.0143 | hop1: 0.0475
[heterogeneous_het_naive_seed2042] step 210/390 trained 36/36 | hop0: 0.0203 | hop1: 0.0359
[heterogeneous_het_naive_seed2042] step 220/390 trained 36/36 | hop0: 0.0079 | hop1: 0.0463 | hop2: 0.0395
[heterogeneous_het_naive_seed2042] step 230/390 trained 36/36 | hop0: 0.0083 | hop1: 0.0332 | hop2: 0.0424
[heterogeneous_het_naive_seed2042] step 240/390 trained 36/36 | hop0: 0.0091 | hop1: 0.0464 | hop2: 0.0800
[heterogeneous_het_naive_seed2042] step 250/390 trained 36/36 | hop0: 0.0102 | hop1: 0.0286 | hop2: 0.0803
[heterogeneous_het_naive_seed2042] step 260/390 trained 36/36 | hop0: 0.0156 | hop1: 0.0273 | hop2: 0.0879
[heterogeneous_het_naive_seed2042] step 270/390 trained 36/36 | hop0: 0.0053 | hop1: 0.0205 | hop2: 0.0882 | hop3: 0.0491
[heterogeneous_het_naive_seed2042] step 280/390 trained 36/36 | hop0: 0.0060 | hop1: 0.0369 | hop2: 0.1008
[heterogeneous_het_naive_seed2042] step 290/390 trained 36/36 | hop0: 0.0037 | hop1: 0.0455 | hop2: 0.0862
[heterogeneous_het_naive_seed2042] step 300/390 trained 36/36 | hop0: 0.0024 | hop1: 0.0185 | hop2: 0.0994 | hop3: 0.0564
[heterogeneous_het_naive_seed2042] step 310/390 trained 36/36 | hop0: 0.0119 | hop1: 0.0239 | hop2: 0.1070 | hop3: 0.0897
[heterogeneous_het_naive_seed2042] step 320/390 trained 36/36 | hop0: 0.0091 | hop1: 0.0252 | hop2: 0.0775
[heterogeneous_het_naive_seed2042] step 330/390 trained 36/36 | hop0: 0.0062 | hop1: 0.0188 | hop2: 0.1195 | hop3: 0.0906
[heterogeneous_het_naive_seed2042] step 340/390 trained 36/36 | hop0: 0.0040 | hop1: 0.0257 | hop2: 0.1225 | hop3: 0.0878
[heterogeneous_het_naive_seed2042] step 350/390 trained 36/36 | hop0: 0.0108 | hop1: 0.0221 | hop2: 0.1218 | hop3: 0.1061
[heterogeneous_het_naive_seed2042] step 360/390 trained 36/36 | hop0: 0.0063 | hop1: 0.0436 | hop2: 0.1636
[heterogeneous_het_naive_seed2042] step 370/390 trained 36/36 | hop0: 0.0217 | hop1: 0.0625 | hop2: 0.1973
[heterogeneous_het_naive_seed2042] step 380/390 trained 36/36 | hop0: 0.0181 | hop1: 0.0646 | hop2: 0.1170
[heterogeneous_het_naive_seed2042] mean MSE (last 50 steps): 0.0435 | cert-MSE r=-0.799
[heterogeneous_het_naive_seed2042] per-variant whole-run MSE: narrow=0.0245, baseline=0.0427, wide=0.0373
[heterogeneous_het_naive_seed2042] saved runs\chapter5_v2\s5_6_het_rg\naive\het_naive_seed2042\figures\results.png

### heterogeneous/het_naive_seed2042: last50=0.0435 whole_run=0.0253 r(new)=-0.7184+/-0.0411
    variant_mse: {'narrow': {'whole_run': 0.02448949637829123, 'last50': 0.04619861204234385}, 'baseline': {'whole_run': 0.04266623834477217, 'last50': 0.060423428639562855}, 'wide': {'whole_run': 0.03731455114163455, 'last50': 0.0547289687842943}}

>>> [4/55] het:naive seed 3042  (elapsed 20.1 min)
[het] node variants: {'narrow': 12, 'baseline': 12, 'wide': 12}
[heterogeneous_het_naive_seed3042] nodes=36 coverage max=9 mode=naive steps=390
[heterogeneous_het_naive_seed3042] step 000/390 trained 36/36 | hop0: 0.0164 | hop1: 0.0286 | hop2: 0.0753
[heterogeneous_het_naive_seed3042] step 010/390 trained 36/36 | hop0: 0.0113 | hop1: 0.0228
[heterogeneous_het_naive_seed3042] step 020/390 trained 36/36 | hop0: 0.0185 | hop1: 0.0142
[heterogeneous_het_naive_seed3042] step 030/390 trained 36/36 | hop0: 0.0175 | hop1: 0.0202
[heterogeneous_het_naive_seed3042] step 040/390 trained 36/36 | hop0: 0.0116 | hop1: 0.0156
[heterogeneous_het_naive_seed3042] step 050/390 trained 36/36 | hop0: 0.0089 | hop1: 0.0134 | hop2: 0.0066
[heterogeneous_het_naive_seed3042] step 060/390 trained 36/36 | hop0: 0.0143 | hop1: 0.0136 | hop2: 0.0190
[heterogeneous_het_naive_seed3042] step 070/390 trained 36/36 | hop0: 0.0067 | hop1: 0.0173 | hop2: 0.0565
[heterogeneous_het_naive_seed3042] step 080/390 trained 36/36 | hop0: 0.0030 | hop1: 0.0166 | hop2: 0.0660
[heterogeneous_het_naive_seed3042] step 090/390 trained 36/36 | hop0: 0.0106 | hop1: 0.0117 | hop2: 0.0533 | hop3: 0.0358
[heterogeneous_het_naive_seed3042] step 100/390 trained 36/36 | hop0: 0.0066 | hop1: 0.0122 | hop2: 0.0191
[heterogeneous_het_naive_seed3042] step 110/390 trained 36/36 | hop0: 0.0143 | hop1: 0.0166 | hop2: 0.0185
[heterogeneous_het_naive_seed3042] step 120/390 trained 36/36 | hop0: 0.0100 | hop1: 0.0240 | hop2: 0.0170
[heterogeneous_het_naive_seed3042] step 130/390 trained 36/36 | hop0: 0.0198 | hop1: 0.0266 | hop2: 0.0227
[heterogeneous_het_naive_seed3042] step 140/390 trained 36/36 | hop0: 0.0238 | hop1: 0.0168 | hop2: 0.0410
[heterogeneous_het_naive_seed3042] step 150/390 trained 36/36 | hop0: 0.0176 | hop1: 0.0129 | hop2: 0.0329
[heterogeneous_het_naive_seed3042] step 160/390 trained 36/36 | hop0: 0.0212 | hop1: 0.0108 | hop2: 0.0252
[heterogeneous_het_naive_seed3042] step 170/390 trained 36/36 | hop0: 0.0212 | hop1: 0.0090 | hop2: 0.0204
[heterogeneous_het_naive_seed3042] step 180/390 trained 36/36 | hop0: 0.0219 | hop1: 0.0133
[heterogeneous_het_naive_seed3042] step 190/390 trained 36/36 | hop0: 0.0229 | hop1: 0.0166
[heterogeneous_het_naive_seed3042] step 200/390 trained 36/36 | hop0: 0.0116 | hop1: 0.0169
[heterogeneous_het_naive_seed3042] step 210/390 trained 36/36 | hop0: 0.0184 | hop1: 0.0147 | hop2: 0.0015
[heterogeneous_het_naive_seed3042] step 220/390 trained 36/36 | hop0: 0.0185 | hop1: 0.0111 | hop2: 0.0022
[heterogeneous_het_naive_seed3042] step 230/390 trained 36/36 | hop0: 0.0118 | hop1: 0.0119 | hop2: 0.0033
[heterogeneous_het_naive_seed3042] step 240/390 trained 36/36 | hop0: 0.0185 | hop1: 0.0113 | hop2: 0.0202
[heterogeneous_het_naive_seed3042] step 250/390 trained 36/36 | hop0: 0.0142 | hop1: 0.0110 | hop2: 0.0243
[heterogeneous_het_naive_seed3042] step 260/390 trained 36/36 | hop0: 0.0139 | hop1: 0.0147 | hop2: 0.0420
[heterogeneous_het_naive_seed3042] step 270/390 trained 36/36 | hop0: 0.0149 | hop1: 0.0159 | hop2: 0.0269
[heterogeneous_het_naive_seed3042] step 280/390 trained 36/36 | hop0: 0.0045 | hop1: 0.0134 | hop2: 0.0167
[heterogeneous_het_naive_seed3042] step 290/390 trained 36/36 | hop0: 0.0067 | hop1: 0.0121
[heterogeneous_het_naive_seed3042] step 300/390 trained 36/36 | hop0: 0.0064 | hop1: 0.0121 | hop2: 0.0152
[heterogeneous_het_naive_seed3042] step 310/390 trained 36/36 | hop0: 0.0068 | hop1: 0.0095 | hop2: 0.0068
[heterogeneous_het_naive_seed3042] step 320/390 trained 36/36 | hop0: 0.0055 | hop1: 0.0071 | hop2: 0.0036
[heterogeneous_het_naive_seed3042] step 330/390 trained 36/36 | hop0: 0.0095 | hop1: 0.0103
[heterogeneous_het_naive_seed3042] step 340/390 trained 36/36 | hop0: 0.0061 | hop1: 0.0152
[heterogeneous_het_naive_seed3042] step 350/390 trained 36/36 | hop0: 0.0210 | hop1: 0.0137 | hop2: 0.0158
[heterogeneous_het_naive_seed3042] step 360/390 trained 36/36 | hop0: 0.0099 | hop1: 0.0209 | hop2: 0.0162
[heterogeneous_het_naive_seed3042] step 370/390 trained 36/36 | hop0: 0.0199 | hop1: 0.0202
[heterogeneous_het_naive_seed3042] step 380/390 trained 36/36 | hop0: 0.0159 | hop1: 0.0222 | hop2: 0.0202
[heterogeneous_het_naive_seed3042] mean MSE (last 50 steps): 0.0163 | cert-MSE r=-0.325
[heterogeneous_het_naive_seed3042] per-variant whole-run MSE: wide=0.0193, baseline=0.0116, narrow=0.0175
[heterogeneous_het_naive_seed3042] saved runs\chapter5_v2\s5_6_het_rg\naive\het_naive_seed3042\figures\results.png

### heterogeneous/het_naive_seed3042: last50=0.0163 whole_run=0.0115 r(new)=-0.2938+/-0.0913
    variant_mse: {'wide': {'whole_run': 0.019256673419153835, 'last50': 0.0232820772838883}, 'baseline': {'whole_run': 0.01157926267733343, 'last50': 0.014919193402112294}, 'narrow': {'whole_run': 0.017545573836039663, 'last50': 0.02626818243095601}}

>>> [5/55] het:naive seed 4042  (elapsed 26.5 min)
[het] node variants: {'narrow': 12, 'baseline': 12, 'wide': 12}
[heterogeneous_het_naive_seed4042] nodes=36 coverage max=9 mode=naive steps=390
[heterogeneous_het_naive_seed4042] step 000/390 trained 36/36 | hop0: 0.0097 | hop1: 0.0289 | hop2: 0.0780
[heterogeneous_het_naive_seed4042] step 010/390 trained 36/36 | hop0: 0.0086 | hop1: 0.0215
[heterogeneous_het_naive_seed4042] step 020/390 trained 36/36 | hop0: 0.0097 | hop1: 0.0142 | hop2: 0.0202
[heterogeneous_het_naive_seed4042] step 030/390 trained 36/36 | hop0: 0.0095 | hop1: 0.0110 | hop2: 0.0131
[heterogeneous_het_naive_seed4042] step 040/390 trained 36/36 | hop0: 0.0109 | hop1: 0.0143 | hop2: 0.0167
[heterogeneous_het_naive_seed4042] step 050/390 trained 36/36 | hop0: 0.0190 | hop1: 0.0149 | hop2: 0.0201
[heterogeneous_het_naive_seed4042] step 060/390 trained 36/36 | hop0: 0.0142 | hop1: 0.0094 | hop2: 0.0188
[heterogeneous_het_naive_seed4042] step 070/390 trained 36/36 | hop0: 0.0076 | hop1: 0.0152 | hop2: 0.0222
[heterogeneous_het_naive_seed4042] step 080/390 trained 36/36 | hop0: 0.0035 | hop1: 0.0172 | hop2: 0.0344
[heterogeneous_het_naive_seed4042] step 090/390 trained 36/36 | hop0: 0.0068 | hop1: 0.0138 | hop2: 0.0322 | hop3: 0.0250
[heterogeneous_het_naive_seed4042] step 100/390 trained 36/36 | hop0: 0.0063 | hop1: 0.0115 | hop2: 0.0329 | hop3: 0.0165
[heterogeneous_het_naive_seed4042] step 110/390 trained 36/36 | hop0: 0.0077 | hop1: 0.0181 | hop2: 0.0611
[heterogeneous_het_naive_seed4042] step 120/390 trained 36/36 | hop0: 0.0249 | hop1: 0.0257 | hop2: 0.0404
[heterogeneous_het_naive_seed4042] step 130/390 trained 36/36 | hop0: 0.0497 | hop1: 0.0244
[heterogeneous_het_naive_seed4042] step 140/390 trained 36/36 | hop0: 0.0371 | hop1: 0.0239 | hop2: 0.0162
[heterogeneous_het_naive_seed4042] step 150/390 trained 36/36 | hop0: 0.0283 | hop1: 0.0240 | hop2: 0.0116
[heterogeneous_het_naive_seed4042] step 160/390 trained 36/36 | hop0: 0.0105 | hop1: 0.0370 | hop2: 0.0111
[heterogeneous_het_naive_seed4042] step 170/390 trained 36/36 | hop0: 0.0126 | hop1: 0.0309 | hop2: 0.0097
[heterogeneous_het_naive_seed4042] step 180/390 trained 36/36 | hop0: 0.0155 | hop1: 0.0312 | hop2: 0.0111
[heterogeneous_het_naive_seed4042] step 190/390 trained 36/36 | hop0: 0.0124 | hop1: 0.0320 | hop2: 0.0149
[heterogeneous_het_naive_seed4042] step 200/390 trained 36/36 | hop0: 0.0224 | hop1: 0.0199 | hop2: 0.0103
[heterogeneous_het_naive_seed4042] step 210/390 trained 36/36 | hop0: 0.0283 | hop1: 0.0149 | hop2: 0.0160
[heterogeneous_het_naive_seed4042] step 220/390 trained 36/36 | hop0: 0.0225 | hop1: 0.0124 | hop2: 0.0104
[heterogeneous_het_naive_seed4042] step 230/390 trained 36/36 | hop0: 0.0197 | hop1: 0.0144
[heterogeneous_het_naive_seed4042] step 240/390 trained 36/36 | hop0: 0.0135 | hop1: 0.0218
[heterogeneous_het_naive_seed4042] step 250/390 trained 36/36 | hop0: 0.0074 | hop1: 0.0191 | hop2: 0.0240
[heterogeneous_het_naive_seed4042] step 260/390 trained 36/36 | hop0: 0.0173 | hop1: 0.0203 | hop2: 0.0248
[heterogeneous_het_naive_seed4042] step 270/390 trained 36/36 | hop0: 0.0058 | hop1: 0.0228 | hop2: 0.0172
[heterogeneous_het_naive_seed4042] step 280/390 trained 36/36 | hop0: 0.0052 | hop1: 0.0170 | hop2: 0.0501
[heterogeneous_het_naive_seed4042] step 290/390 trained 36/36 | hop0: 0.0068 | hop1: 0.0165 | hop2: 0.0444
[heterogeneous_het_naive_seed4042] step 300/390 trained 36/36 | hop0: 0.0080 | hop1: 0.0184 | hop2: 0.0477
[heterogeneous_het_naive_seed4042] step 310/390 trained 36/36 | hop0: 0.0118 | hop1: 0.0182 | hop2: 0.0378
[heterogeneous_het_naive_seed4042] step 320/390 trained 36/36 | hop0: 0.0047 | hop1: 0.0296 | hop2: 0.0245
[heterogeneous_het_naive_seed4042] step 330/390 trained 36/36 | hop0: 0.0105 | hop1: 0.0256 | hop2: 0.0337
[heterogeneous_het_naive_seed4042] step 340/390 trained 36/36 | hop0: 0.0327 | hop1: 0.0252 | hop2: 0.0052
[heterogeneous_het_naive_seed4042] step 350/390 trained 36/36 | hop0: 0.0438 | hop1: 0.0171 | hop2: 0.0234
[heterogeneous_het_naive_seed4042] step 360/390 trained 36/36 | hop0: 0.0399 | hop1: 0.0205
[heterogeneous_het_naive_seed4042] step 370/390 trained 36/36 | hop0: 0.0222 | hop1: 0.0193 | hop2: 0.0499
[heterogeneous_het_naive_seed4042] step 380/390 trained 36/36 | hop0: 0.0199 | hop1: 0.0226 | hop2: 0.0665
[heterogeneous_het_naive_seed4042] mean MSE (last 50 steps): 0.0180 | cert-MSE r=-0.306
[heterogeneous_het_naive_seed4042] per-variant whole-run MSE: narrow=0.0191, baseline=0.0139, wide=0.0260
[heterogeneous_het_naive_seed4042] saved runs\chapter5_v2\s5_6_het_rg\naive\het_naive_seed4042\figures\results.png

### heterogeneous/het_naive_seed4042: last50=0.0180 whole_run=0.0139 r(new)=-0.3911+/-0.1109
    variant_mse: {'narrow': {'whole_run': 0.019065065846340986, 'last50': 0.027336466184391516}, 'baseline': {'whole_run': 0.013857275033514712, 'last50': 0.020080825393379017}, 'wide': {'whole_run': 0.026046617846205846, 'last50': 0.021122822661253496}}

>>> [6/55] het:certainty seed 42  (elapsed 33.0 min)
[het] node variants: {'narrow': 12, 'baseline': 12, 'wide': 12}
[heterogeneous_het_certainty] nodes=36 coverage max=9 mode=certainty steps=390
[heterogeneous_het_certainty] step 000/390 trained 36/36 | hop0: 0.0185 | hop1: 0.0304
[heterogeneous_het_certainty] step 010/390 trained 36/36 | hop0: 0.0064 | hop1: 0.0191
[heterogeneous_het_certainty] step 020/390 trained 36/36 | hop0: 0.0147 | hop1: 0.0120 | hop2: 0.0254
[heterogeneous_het_certainty] step 030/390 trained 36/36 | hop0: 0.0048 | hop1: 0.0128 | hop2: 0.0270
[heterogeneous_het_certainty] step 040/390 trained 36/36 | hop0: 0.0076 | hop1: 0.0155 | hop2: 0.0239
[heterogeneous_het_certainty] step 050/390 trained 36/36 | hop0: 0.0075 | hop1: 0.0093 | hop2: 0.0165
[heterogeneous_het_certainty] step 060/390 trained 36/36 | hop0: 0.0077 | hop1: 0.0108 | hop2: 0.0359
[heterogeneous_het_certainty] step 070/390 trained 36/36 | hop0: 0.0034 | hop1: 0.0159 | hop2: 0.0470
[heterogeneous_het_certainty] step 080/390 trained 36/36 | hop0: 0.0024 | hop1: 0.0170 | hop2: 0.0581
[heterogeneous_het_certainty] step 090/390 trained 36/36 | hop0: 0.0122 | hop1: 0.0155
[heterogeneous_het_certainty] step 100/390 trained 36/36 | hop0: 0.0104 | hop1: 0.0129 | hop2: 0.0075
[heterogeneous_het_certainty] step 110/390 trained 36/36 | hop0: 0.0073 | hop1: 0.0150 | hop2: 0.0093
[heterogeneous_het_certainty] step 120/390 trained 36/36 | hop0: 0.0130 | hop1: 0.0219 | hop2: 0.0128
[heterogeneous_het_certainty] step 130/390 trained 36/36 | hop0: 0.0128 | hop1: 0.0315 | hop2: 0.0135
[heterogeneous_het_certainty] step 140/390 trained 36/36 | hop0: 0.0061 | hop1: 0.0293 | hop2: 0.0228
[heterogeneous_het_certainty] step 150/390 trained 36/36 | hop0: 0.0141 | hop1: 0.0202 | hop2: 0.0337
[heterogeneous_het_certainty] step 160/390 trained 36/36 | hop0: 0.0081 | hop1: 0.0206 | hop2: 0.0251
[heterogeneous_het_certainty] step 170/390 trained 36/36 | hop0: 0.0154 | hop1: 0.0182 | hop2: 0.0144
[heterogeneous_het_certainty] step 180/390 trained 36/36 | hop0: 0.0085 | hop1: 0.0210 | hop2: 0.0282
[heterogeneous_het_certainty] step 190/390 trained 36/36 | hop0: 0.0093 | hop1: 0.0224 | hop2: 0.0192
[heterogeneous_het_certainty] step 200/390 trained 36/36 | hop0: 0.0077 | hop1: 0.0279 | hop2: 0.0248
[heterogeneous_het_certainty] step 210/390 trained 36/36 | hop0: 0.0070 | hop1: 0.0242 | hop2: 0.0268
[heterogeneous_het_certainty] step 220/390 trained 36/36 | hop0: 0.0189 | hop1: 0.0232
[heterogeneous_het_certainty] step 230/390 trained 36/36 | hop0: 0.0129 | hop1: 0.0259 | hop2: 0.0547
[heterogeneous_het_certainty] step 240/390 trained 36/36 | hop0: 0.0228 | hop1: 0.0264 | hop2: 0.0351
[heterogeneous_het_certainty] step 250/390 trained 36/36 | hop0: 0.0232 | hop1: 0.0271 | hop2: 0.0163
[heterogeneous_het_certainty] step 260/390 trained 36/36 | hop0: 0.0251 | hop1: 0.0242
[heterogeneous_het_certainty] step 270/390 trained 36/36 | hop0: 0.0207 | hop1: 0.0224 | hop2: 0.0034
[heterogeneous_het_certainty] step 280/390 trained 36/36 | hop0: 0.0215 | hop1: 0.0285
[heterogeneous_het_certainty] step 290/390 trained 36/36 | hop0: 0.0270 | hop1: 0.0316 | hop2: 0.0070
[heterogeneous_het_certainty] step 300/390 trained 36/36 | hop0: 0.0346 | hop1: 0.0281 | hop2: 0.0080
[heterogeneous_het_certainty] step 310/390 trained 36/36 | hop0: 0.0249 | hop1: 0.0226 | hop2: 0.0088
[heterogeneous_het_certainty] step 320/390 trained 36/36 | hop0: 0.0214 | hop1: 0.0395 | hop2: 0.0041
[heterogeneous_het_certainty] step 330/390 trained 36/36 | hop0: 0.0180 | hop1: 0.0483 | hop2: 0.0043
[heterogeneous_het_certainty] step 340/390 trained 36/36 | hop0: 0.0213 | hop1: 0.0440
[heterogeneous_het_certainty] step 350/390 trained 36/36 | hop0: 0.0261 | hop1: 0.0478 | hop2: 0.0093
[heterogeneous_het_certainty] step 360/390 trained 36/36 | hop0: 0.0353 | hop1: 0.0323 | hop2: 0.0360
[heterogeneous_het_certainty] step 370/390 trained 36/36 | hop0: 0.0057 | hop1: 0.0446 | hop2: 0.0353
[heterogeneous_het_certainty] step 380/390 trained 36/36 | hop0: 0.0297 | hop1: 0.0364 | hop2: 0.0403
[heterogeneous_het_certainty] mean MSE (last 50 steps): 0.0258 | cert-MSE r=-0.737
[heterogeneous_het_certainty] per-variant whole-run MSE: wide=0.0193, baseline=0.0299, narrow=0.0181
[heterogeneous_het_certainty] saved runs\chapter5_v2\s5_6_het_rg\certainty\het_certainty\figures\results.png

### heterogeneous/het_certainty: last50=0.0258 whole_run=0.0146 r(new)=-0.6007+/-0.0660
    variant_mse: {'wide': {'whole_run': 0.019306962941103307, 'last50': 0.03709332017361102}, 'baseline': {'whole_run': 0.0298688680631367, 'last50': 0.040275725074239696}, 'narrow': {'whole_run': 0.0181199235412427, 'last50': 0.0218311326700006}}

>>> [7/55] het:certainty seed 1042  (elapsed 40.7 min)
[het] node variants: {'narrow': 12, 'baseline': 12, 'wide': 12}
[heterogeneous_het_certainty_seed1042] nodes=36 coverage max=9 mode=certainty steps=390
[heterogeneous_het_certainty_seed1042] step 000/390 trained 36/36 | hop0: 0.0153 | hop1: 0.0273
[heterogeneous_het_certainty_seed1042] step 010/390 trained 36/36 | hop0: 0.0113 | hop1: 0.0142 | hop2: 0.0445
[heterogeneous_het_certainty_seed1042] step 020/390 trained 36/36 | hop0: 0.0100 | hop1: 0.0160
[heterogeneous_het_certainty_seed1042] step 030/390 trained 36/36 | hop0: 0.0062 | hop1: 0.0144 | hop2: 0.0281
[heterogeneous_het_certainty_seed1042] step 040/390 trained 36/36 | hop0: 0.0077 | hop1: 0.0127 | hop2: 0.0380
[heterogeneous_het_certainty_seed1042] step 050/390 trained 36/36 | hop0: 0.0047 | hop1: 0.0106 | hop2: 0.0128
[heterogeneous_het_certainty_seed1042] step 060/390 trained 36/36 | hop0: 0.0048 | hop1: 0.0109 | hop2: 0.0164
[heterogeneous_het_certainty_seed1042] step 070/390 trained 36/36 | hop0: 0.0046 | hop1: 0.0115 | hop2: 0.0342
[heterogeneous_het_certainty_seed1042] step 080/390 trained 36/36 | hop0: 0.0102 | hop1: 0.0164 | hop2: 0.0659
[heterogeneous_het_certainty_seed1042] step 090/390 trained 36/36 | hop0: 0.0079 | hop1: 0.0123 | hop2: 0.0437
[heterogeneous_het_certainty_seed1042] step 100/390 trained 36/36 | hop0: 0.0064 | hop1: 0.0162
[heterogeneous_het_certainty_seed1042] step 110/390 trained 36/36 | hop0: 0.0054 | hop1: 0.0126 | hop2: 0.0300
[heterogeneous_het_certainty_seed1042] step 120/390 trained 36/36 | hop0: 0.0110 | hop1: 0.0269 | hop2: 0.0256
[heterogeneous_het_certainty_seed1042] step 130/390 trained 36/36 | hop0: 0.0279 | hop1: 0.0216 | hop2: 0.0357
[heterogeneous_het_certainty_seed1042] step 140/390 trained 36/36 | hop0: 0.0300 | hop1: 0.0149 | hop2: 0.0385
[heterogeneous_het_certainty_seed1042] step 150/390 trained 36/36 | hop0: 0.0229 | hop1: 0.0173 | hop2: 0.0292
[heterogeneous_het_certainty_seed1042] step 160/390 trained 36/36 | hop0: 0.0053 | hop1: 0.0185 | hop2: 0.0380
[heterogeneous_het_certainty_seed1042] step 170/390 trained 36/36 | hop0: 0.0077 | hop1: 0.0188 | hop2: 0.0594
[heterogeneous_het_certainty_seed1042] step 180/390 trained 36/36 | hop0: 0.0066 | hop1: 0.0237 | hop2: 0.0729
[heterogeneous_het_certainty_seed1042] step 190/390 trained 36/36 | hop0: 0.0131 | hop1: 0.0327
[heterogeneous_het_certainty_seed1042] step 200/390 trained 36/36 | hop0: 0.0086 | hop1: 0.0311 | hop2: 0.0089
[heterogeneous_het_certainty_seed1042] step 210/390 trained 36/36 | hop0: 0.0161 | hop1: 0.0296
[heterogeneous_het_certainty_seed1042] step 220/390 trained 36/36 | hop0: 0.0120 | hop1: 0.0292 | hop2: 0.0910
[heterogeneous_het_certainty_seed1042] step 230/390 trained 36/36 | hop0: 0.0176 | hop1: 0.0322 | hop2: 0.0370
[heterogeneous_het_certainty_seed1042] step 240/390 trained 36/36 | hop0: 0.0145 | hop1: 0.0265 | hop2: 0.0362
[heterogeneous_het_certainty_seed1042] step 250/390 trained 36/36 | hop0: 0.0114 | hop1: 0.0208 | hop2: 0.0672
[heterogeneous_het_certainty_seed1042] step 260/390 trained 36/36 | hop0: 0.0190 | hop1: 0.0240 | hop2: 0.0754
[heterogeneous_het_certainty_seed1042] step 270/390 trained 36/36 | hop0: 0.0289 | hop1: 0.0232
[heterogeneous_het_certainty_seed1042] step 280/390 trained 36/36 | hop0: 0.0132 | hop1: 0.0246
[heterogeneous_het_certainty_seed1042] step 290/390 trained 36/36 | hop0: 0.0073 | hop1: 0.0295
[heterogeneous_het_certainty_seed1042] step 300/390 trained 36/36 | hop0: 0.0114 | hop1: 0.0310 | hop2: 0.0062
[heterogeneous_het_certainty_seed1042] step 310/390 trained 36/36 | hop0: 0.0066 | hop1: 0.0244 | hop2: 0.1094
[heterogeneous_het_certainty_seed1042] step 320/390 trained 36/36 | hop0: 0.0097 | hop1: 0.0310 | hop2: 0.2765
[heterogeneous_het_certainty_seed1042] step 330/390 trained 36/36 | hop0: 0.0089 | hop1: 0.0172 | hop2: 0.1692
[heterogeneous_het_certainty_seed1042] step 340/390 trained 36/36 | hop0: 0.0092 | hop1: 0.0194 | hop2: 0.0590
[heterogeneous_het_certainty_seed1042] step 350/390 trained 36/36 | hop0: 0.0042 | hop1: 0.0233 | hop2: 0.0935
[heterogeneous_het_certainty_seed1042] step 360/390 trained 36/36 | hop0: 0.0036 | hop1: 0.0182 | hop2: 0.1264
[heterogeneous_het_certainty_seed1042] step 370/390 trained 36/36 | hop0: 0.0078 | hop1: 0.0288 | hop2: 0.2098
[heterogeneous_het_certainty_seed1042] step 380/390 trained 36/36 | hop0: 0.0144 | hop1: 0.0434 | hop2: 0.2029
[heterogeneous_het_certainty_seed1042] mean MSE (last 50 steps): 0.0302 | cert-MSE r=-0.771
[heterogeneous_het_certainty_seed1042] per-variant whole-run MSE: narrow=0.0233, baseline=0.0132, wide=0.0324
[heterogeneous_het_certainty_seed1042] saved runs\chapter5_v2\s5_6_het_rg\certainty\het_certainty_seed1042\figures\results.png

### heterogeneous/het_certainty_seed1042: last50=0.0302 whole_run=0.0170 r(new)=-0.5893+/-0.0644
    variant_mse: {'narrow': {'whole_run': 0.02333775651351621, 'last50': 0.04585994353263554}, 'baseline': {'whole_run': 0.013184850508613597, 'last50': 0.01955409356259052}, 'wide': {'whole_run': 0.03241075278712, 'last50': 0.08505014013202436}}

>>> [8/55] het:certainty seed 2042  (elapsed 48.3 min)
[het] node variants: {'narrow': 12, 'baseline': 12, 'wide': 12}
[heterogeneous_het_certainty_seed2042] nodes=36 coverage max=9 mode=certainty steps=390
[heterogeneous_het_certainty_seed2042] step 000/390 trained 36/36 | hop0: 0.0385 | hop1: 0.0189 | hop2: 0.0179
[heterogeneous_het_certainty_seed2042] step 010/390 trained 36/36 | hop0: 0.0134 | hop1: 0.0117 | hop2: 0.0145
[heterogeneous_het_certainty_seed2042] step 020/390 trained 36/36 | hop0: 0.0074 | hop1: 0.0106 | hop2: 0.0195
[heterogeneous_het_certainty_seed2042] step 030/390 trained 36/36 | hop0: 0.0102 | hop1: 0.0116 | hop2: 0.0220
[heterogeneous_het_certainty_seed2042] step 040/390 trained 36/36 | hop0: 0.0035 | hop1: 0.0121 | hop2: 0.0240
[heterogeneous_het_certainty_seed2042] step 050/390 trained 36/36 | hop0: 0.0020 | hop1: 0.0133 | hop2: 0.0251 | hop3: 0.0159
[heterogeneous_het_certainty_seed2042] step 060/390 trained 36/36 | hop0: 0.0117 | hop1: 0.0157 | hop2: 0.0441
[heterogeneous_het_certainty_seed2042] step 070/390 trained 36/36 | hop0: 0.0089 | hop1: 0.0193 | hop2: 0.0427
[heterogeneous_het_certainty_seed2042] step 080/390 trained 36/36 | hop0: 0.0054 | hop1: 0.0220 | hop2: 0.0439
[heterogeneous_het_certainty_seed2042] step 090/390 trained 36/36 | hop0: 0.0080 | hop1: 0.0143 | hop2: 0.0487
[heterogeneous_het_certainty_seed2042] step 100/390 trained 36/36 | hop0: 0.0098 | hop1: 0.0114 | hop2: 0.0374
[heterogeneous_het_certainty_seed2042] step 110/390 trained 36/36 | hop0: 0.0059 | hop1: 0.0227 | hop2: 0.0319
[heterogeneous_het_certainty_seed2042] step 120/390 trained 36/36 | hop0: 0.0079 | hop1: 0.0367
[heterogeneous_het_certainty_seed2042] step 130/390 trained 36/36 | hop0: 0.0046 | hop1: 0.0289 | hop2: 0.1572
[heterogeneous_het_certainty_seed2042] step 140/390 trained 36/36 | hop0: 0.0116 | hop1: 0.0414 | hop2: 0.1879
[heterogeneous_het_certainty_seed2042] step 150/390 trained 36/36 | hop0: 0.0116 | hop1: 0.0254 | hop2: 0.1102
[heterogeneous_het_certainty_seed2042] step 160/390 trained 36/36 | hop0: 0.0142 | hop1: 0.0432 | hop2: 0.0751
[heterogeneous_het_certainty_seed2042] step 170/390 trained 36/36 | hop0: 0.0076 | hop1: 0.0434 | hop2: 0.0809
[heterogeneous_het_certainty_seed2042] step 180/390 trained 36/36 | hop0: 0.0188 | hop1: 0.0486 | hop2: 0.0977
[heterogeneous_het_certainty_seed2042] step 190/390 trained 36/36 | hop0: 0.0166 | hop1: 0.0588 | hop2: 0.0670
[heterogeneous_het_certainty_seed2042] step 200/390 trained 36/36 | hop0: 0.0144 | hop1: 0.0426
[heterogeneous_het_certainty_seed2042] step 210/390 trained 36/36 | hop0: 0.0189 | hop1: 0.0324
[heterogeneous_het_certainty_seed2042] step 220/390 trained 36/36 | hop0: 0.0079 | hop1: 0.0438 | hop2: 0.0342
[heterogeneous_het_certainty_seed2042] step 230/390 trained 36/36 | hop0: 0.0086 | hop1: 0.0316 | hop2: 0.0339
[heterogeneous_het_certainty_seed2042] step 240/390 trained 36/36 | hop0: 0.0093 | hop1: 0.0441 | hop2: 0.0693
[heterogeneous_het_certainty_seed2042] step 250/390 trained 36/36 | hop0: 0.0102 | hop1: 0.0271 | hop2: 0.0765
[heterogeneous_het_certainty_seed2042] step 260/390 trained 36/36 | hop0: 0.0148 | hop1: 0.0277 | hop2: 0.0789
[heterogeneous_het_certainty_seed2042] step 270/390 trained 36/36 | hop0: 0.0057 | hop1: 0.0200 | hop2: 0.0818 | hop3: 0.0511
[heterogeneous_het_certainty_seed2042] step 280/390 trained 36/36 | hop0: 0.0063 | hop1: 0.0337 | hop2: 0.0922
[heterogeneous_het_certainty_seed2042] step 290/390 trained 36/36 | hop0: 0.0038 | hop1: 0.0443 | hop2: 0.0779
[heterogeneous_het_certainty_seed2042] step 300/390 trained 36/36 | hop0: 0.0023 | hop1: 0.0192 | hop2: 0.0885 | hop3: 0.0596
[heterogeneous_het_certainty_seed2042] step 310/390 trained 36/36 | hop0: 0.0122 | hop1: 0.0241 | hop2: 0.0974 | hop3: 0.0787
[heterogeneous_het_certainty_seed2042] step 320/390 trained 36/36 | hop0: 0.0090 | hop1: 0.0224 | hop2: 0.0675
[heterogeneous_het_certainty_seed2042] step 330/390 trained 36/36 | hop0: 0.0057 | hop1: 0.0191 | hop2: 0.0987 | hop3: 0.0788
[heterogeneous_het_certainty_seed2042] step 340/390 trained 36/36 | hop0: 0.0038 | hop1: 0.0260 | hop2: 0.1035 | hop3: 0.0698
[heterogeneous_het_certainty_seed2042] step 350/390 trained 36/36 | hop0: 0.0109 | hop1: 0.0220 | hop2: 0.1063 | hop3: 0.0803
[heterogeneous_het_certainty_seed2042] step 360/390 trained 36/36 | hop0: 0.0064 | hop1: 0.0423 | hop2: 0.1427
[heterogeneous_het_certainty_seed2042] step 370/390 trained 36/36 | hop0: 0.0194 | hop1: 0.0548 | hop2: 0.1716
[heterogeneous_het_certainty_seed2042] step 380/390 trained 36/36 | hop0: 0.0198 | hop1: 0.0511 | hop2: 0.0962
[heterogeneous_het_certainty_seed2042] mean MSE (last 50 steps): 0.0374 | cert-MSE r=-0.776
[heterogeneous_het_certainty_seed2042] per-variant whole-run MSE: narrow=0.0228, baseline=0.0397, wide=0.0351
[heterogeneous_het_certainty_seed2042] saved runs\chapter5_v2\s5_6_het_rg\certainty\het_certainty_seed2042\figures\results.png

### heterogeneous/het_certainty_seed2042: last50=0.0374 whole_run=0.0232 r(new)=-0.7189+/-0.0449
    variant_mse: {'narrow': {'whole_run': 0.022834809985421714, 'last50': 0.04016485100673368}, 'baseline': {'whole_run': 0.03969998901086358, 'last50': 0.052917257785832124}, 'wide': {'whole_run': 0.03508079893947614, 'last50': 0.04777076053589432}}

>>> [9/55] het:certainty seed 3042  (elapsed 56.2 min)
[het] node variants: {'narrow': 12, 'baseline': 12, 'wide': 12}
[heterogeneous_het_certainty_seed3042] nodes=36 coverage max=9 mode=certainty steps=390
[heterogeneous_het_certainty_seed3042] step 000/390 trained 36/36 | hop0: 0.0164 | hop1: 0.0286 | hop2: 0.0753
[heterogeneous_het_certainty_seed3042] step 010/390 trained 36/36 | hop0: 0.0113 | hop1: 0.0228
[heterogeneous_het_certainty_seed3042] step 020/390 trained 36/36 | hop0: 0.0185 | hop1: 0.0142
[heterogeneous_het_certainty_seed3042] step 030/390 trained 36/36 | hop0: 0.0175 | hop1: 0.0201
[heterogeneous_het_certainty_seed3042] step 040/390 trained 36/36 | hop0: 0.0116 | hop1: 0.0155
[heterogeneous_het_certainty_seed3042] step 050/390 trained 36/36 | hop0: 0.0089 | hop1: 0.0134 | hop2: 0.0066
[heterogeneous_het_certainty_seed3042] step 060/390 trained 36/36 | hop0: 0.0141 | hop1: 0.0136 | hop2: 0.0191
[heterogeneous_het_certainty_seed3042] step 070/390 trained 36/36 | hop0: 0.0067 | hop1: 0.0174 | hop2: 0.0569
[heterogeneous_het_certainty_seed3042] step 080/390 trained 36/36 | hop0: 0.0031 | hop1: 0.0167 | hop2: 0.0669
[heterogeneous_het_certainty_seed3042] step 090/390 trained 36/36 | hop0: 0.0106 | hop1: 0.0119 | hop2: 0.0538 | hop3: 0.0362
[heterogeneous_het_certainty_seed3042] step 100/390 trained 36/36 | hop0: 0.0067 | hop1: 0.0123 | hop2: 0.0197
[heterogeneous_het_certainty_seed3042] step 110/390 trained 36/36 | hop0: 0.0142 | hop1: 0.0167 | hop2: 0.0189
[heterogeneous_het_certainty_seed3042] step 120/390 trained 36/36 | hop0: 0.0101 | hop1: 0.0238 | hop2: 0.0166
[heterogeneous_het_certainty_seed3042] step 130/390 trained 36/36 | hop0: 0.0197 | hop1: 0.0264 | hop2: 0.0225
[heterogeneous_het_certainty_seed3042] step 140/390 trained 36/36 | hop0: 0.0235 | hop1: 0.0165 | hop2: 0.0402
[heterogeneous_het_certainty_seed3042] step 150/390 trained 36/36 | hop0: 0.0177 | hop1: 0.0130 | hop2: 0.0321
[heterogeneous_het_certainty_seed3042] step 160/390 trained 36/36 | hop0: 0.0218 | hop1: 0.0108 | hop2: 0.0250
[heterogeneous_het_certainty_seed3042] step 170/390 trained 36/36 | hop0: 0.0213 | hop1: 0.0091 | hop2: 0.0204
[heterogeneous_het_certainty_seed3042] step 180/390 trained 36/36 | hop0: 0.0226 | hop1: 0.0132
[heterogeneous_het_certainty_seed3042] step 190/390 trained 36/36 | hop0: 0.0231 | hop1: 0.0163
[heterogeneous_het_certainty_seed3042] step 200/390 trained 36/36 | hop0: 0.0116 | hop1: 0.0170
[heterogeneous_het_certainty_seed3042] step 210/390 trained 36/36 | hop0: 0.0185 | hop1: 0.0147 | hop2: 0.0014
[heterogeneous_het_certainty_seed3042] step 220/390 trained 36/36 | hop0: 0.0186 | hop1: 0.0113 | hop2: 0.0023
[heterogeneous_het_certainty_seed3042] step 230/390 trained 36/36 | hop0: 0.0117 | hop1: 0.0121 | hop2: 0.0030
[heterogeneous_het_certainty_seed3042] step 240/390 trained 36/36 | hop0: 0.0182 | hop1: 0.0112 | hop2: 0.0200
[heterogeneous_het_certainty_seed3042] step 250/390 trained 36/36 | hop0: 0.0147 | hop1: 0.0108 | hop2: 0.0234
[heterogeneous_het_certainty_seed3042] step 260/390 trained 36/36 | hop0: 0.0138 | hop1: 0.0145 | hop2: 0.0416
[heterogeneous_het_certainty_seed3042] step 270/390 trained 36/36 | hop0: 0.0146 | hop1: 0.0155 | hop2: 0.0255
[heterogeneous_het_certainty_seed3042] step 280/390 trained 36/36 | hop0: 0.0048 | hop1: 0.0134 | hop2: 0.0180
[heterogeneous_het_certainty_seed3042] step 290/390 trained 36/36 | hop0: 0.0063 | hop1: 0.0119
[heterogeneous_het_certainty_seed3042] step 300/390 trained 36/36 | hop0: 0.0064 | hop1: 0.0115 | hop2: 0.0126
[heterogeneous_het_certainty_seed3042] step 310/390 trained 36/36 | hop0: 0.0066 | hop1: 0.0098 | hop2: 0.0082
[heterogeneous_het_certainty_seed3042] step 320/390 trained 36/36 | hop0: 0.0056 | hop1: 0.0060 | hop2: 0.0051
[heterogeneous_het_certainty_seed3042] step 330/390 trained 36/36 | hop0: 0.0096 | hop1: 0.0086
[heterogeneous_het_certainty_seed3042] step 340/390 trained 36/36 | hop0: 0.0062 | hop1: 0.0133
[heterogeneous_het_certainty_seed3042] step 350/390 trained 36/36 | hop0: 0.0209 | hop1: 0.0118 | hop2: 0.0174
[heterogeneous_het_certainty_seed3042] step 360/390 trained 36/36 | hop0: 0.0100 | hop1: 0.0198 | hop2: 0.0170
[heterogeneous_het_certainty_seed3042] step 370/390 trained 36/36 | hop0: 0.0180 | hop1: 0.0201
[heterogeneous_het_certainty_seed3042] step 380/390 trained 36/36 | hop0: 0.0147 | hop1: 0.0229 | hop2: 0.0198
[heterogeneous_het_certainty_seed3042] mean MSE (last 50 steps): 0.0162 | cert-MSE r=-0.327
[heterogeneous_het_certainty_seed3042] per-variant whole-run MSE: wide=0.0191, baseline=0.0111, narrow=0.0176
[heterogeneous_het_certainty_seed3042] saved runs\chapter5_v2\s5_6_het_rg\certainty\het_certainty_seed3042\figures\results.png

### heterogeneous/het_certainty_seed3042: last50=0.0162 whole_run=0.0115 r(new)=-0.2919+/-0.0954
    variant_mse: {'wide': {'whole_run': 0.019050911221129466, 'last50': 0.02371046741346675}, 'baseline': {'whole_run': 0.011124766521009763, 'last50': 0.014315855056433464}, 'narrow': {'whole_run': 0.01759142987043379, 'last50': 0.026539255606337714}}

>>> [10/55] het:certainty seed 4042  (elapsed 63.9 min)
[het] node variants: {'narrow': 12, 'baseline': 12, 'wide': 12}
[heterogeneous_het_certainty_seed4042] nodes=36 coverage max=9 mode=certainty steps=390
[heterogeneous_het_certainty_seed4042] step 000/390 trained 36/36 | hop0: 0.0097 | hop1: 0.0289 | hop2: 0.0780
[heterogeneous_het_certainty_seed4042] step 010/390 trained 36/36 | hop0: 0.0086 | hop1: 0.0215
[heterogeneous_het_certainty_seed4042] step 020/390 trained 36/36 | hop0: 0.0097 | hop1: 0.0142 | hop2: 0.0202
[heterogeneous_het_certainty_seed4042] step 030/390 trained 36/36 | hop0: 0.0096 | hop1: 0.0110 | hop2: 0.0131
[heterogeneous_het_certainty_seed4042] step 040/390 trained 36/36 | hop0: 0.0109 | hop1: 0.0144 | hop2: 0.0167
[heterogeneous_het_certainty_seed4042] step 050/390 trained 36/36 | hop0: 0.0190 | hop1: 0.0149 | hop2: 0.0202
[heterogeneous_het_certainty_seed4042] step 060/390 trained 36/36 | hop0: 0.0142 | hop1: 0.0094 | hop2: 0.0189
[heterogeneous_het_certainty_seed4042] step 070/390 trained 36/36 | hop0: 0.0076 | hop1: 0.0153 | hop2: 0.0223
[heterogeneous_het_certainty_seed4042] step 080/390 trained 36/36 | hop0: 0.0036 | hop1: 0.0173 | hop2: 0.0345
[heterogeneous_het_certainty_seed4042] step 090/390 trained 36/36 | hop0: 0.0068 | hop1: 0.0139 | hop2: 0.0319 | hop3: 0.0251
[heterogeneous_het_certainty_seed4042] step 100/390 trained 36/36 | hop0: 0.0063 | hop1: 0.0112 | hop2: 0.0326 | hop3: 0.0166
[heterogeneous_het_certainty_seed4042] step 110/390 trained 36/36 | hop0: 0.0077 | hop1: 0.0179 | hop2: 0.0615
[heterogeneous_het_certainty_seed4042] step 120/390 trained 36/36 | hop0: 0.0248 | hop1: 0.0254 | hop2: 0.0407
[heterogeneous_het_certainty_seed4042] step 130/390 trained 36/36 | hop0: 0.0484 | hop1: 0.0243
[heterogeneous_het_certainty_seed4042] step 140/390 trained 36/36 | hop0: 0.0359 | hop1: 0.0238 | hop2: 0.0160
[heterogeneous_het_certainty_seed4042] step 150/390 trained 36/36 | hop0: 0.0277 | hop1: 0.0237 | hop2: 0.0119
[heterogeneous_het_certainty_seed4042] step 160/390 trained 36/36 | hop0: 0.0104 | hop1: 0.0368 | hop2: 0.0114
[heterogeneous_het_certainty_seed4042] step 170/390 trained 36/36 | hop0: 0.0122 | hop1: 0.0311 | hop2: 0.0102
[heterogeneous_het_certainty_seed4042] step 180/390 trained 36/36 | hop0: 0.0151 | hop1: 0.0311 | hop2: 0.0116
[heterogeneous_het_certainty_seed4042] step 190/390 trained 36/36 | hop0: 0.0123 | hop1: 0.0319 | hop2: 0.0155
[heterogeneous_het_certainty_seed4042] step 200/390 trained 36/36 | hop0: 0.0233 | hop1: 0.0207 | hop2: 0.0102
[heterogeneous_het_certainty_seed4042] step 210/390 trained 36/36 | hop0: 0.0315 | hop1: 0.0150 | hop2: 0.0157
[heterogeneous_het_certainty_seed4042] step 220/390 trained 36/36 | hop0: 0.0236 | hop1: 0.0126 | hop2: 0.0098
[heterogeneous_het_certainty_seed4042] step 230/390 trained 36/36 | hop0: 0.0185 | hop1: 0.0144
[heterogeneous_het_certainty_seed4042] step 240/390 trained 36/36 | hop0: 0.0130 | hop1: 0.0213
[heterogeneous_het_certainty_seed4042] step 250/390 trained 36/36 | hop0: 0.0073 | hop1: 0.0180 | hop2: 0.0236
[heterogeneous_het_certainty_seed4042] step 260/390 trained 36/36 | hop0: 0.0162 | hop1: 0.0193 | hop2: 0.0245
[heterogeneous_het_certainty_seed4042] step 270/390 trained 36/36 | hop0: 0.0059 | hop1: 0.0218 | hop2: 0.0168
[heterogeneous_het_certainty_seed4042] step 280/390 trained 36/36 | hop0: 0.0050 | hop1: 0.0163 | hop2: 0.0401
[heterogeneous_het_certainty_seed4042] step 290/390 trained 36/36 | hop0: 0.0064 | hop1: 0.0159 | hop2: 0.0408
[heterogeneous_het_certainty_seed4042] step 300/390 trained 36/36 | hop0: 0.0079 | hop1: 0.0182 | hop2: 0.0402
[heterogeneous_het_certainty_seed4042] step 310/390 trained 36/36 | hop0: 0.0114 | hop1: 0.0185 | hop2: 0.0330
[heterogeneous_het_certainty_seed4042] step 320/390 trained 36/36 | hop0: 0.0052 | hop1: 0.0251 | hop2: 0.0193
[heterogeneous_het_certainty_seed4042] step 330/390 trained 36/36 | hop0: 0.0105 | hop1: 0.0210 | hop2: 0.0243
[heterogeneous_het_certainty_seed4042] step 340/390 trained 36/36 | hop0: 0.0325 | hop1: 0.0207 | hop2: 0.0039
[heterogeneous_het_certainty_seed4042] step 350/390 trained 36/36 | hop0: 0.0366 | hop1: 0.0129 | hop2: 0.0197
[heterogeneous_het_certainty_seed4042] step 360/390 trained 36/36 | hop0: 0.0331 | hop1: 0.0195
[heterogeneous_het_certainty_seed4042] step 370/390 trained 36/36 | hop0: 0.0178 | hop1: 0.0182 | hop2: 0.0425
[heterogeneous_het_certainty_seed4042] step 380/390 trained 36/36 | hop0: 0.0142 | hop1: 0.0208 | hop2: 0.0578
[heterogeneous_het_certainty_seed4042] mean MSE (last 50 steps): 0.0163 | cert-MSE r=-0.303
[heterogeneous_het_certainty_seed4042] per-variant whole-run MSE: narrow=0.0188, baseline=0.0135, wide=0.0239
[heterogeneous_het_certainty_seed4042] saved runs\chapter5_v2\s5_6_het_rg\certainty\het_certainty_seed4042\figures\results.png

### heterogeneous/het_certainty_seed4042: last50=0.0163 whole_run=0.0135 r(new)=-0.3719+/-0.1232
    variant_mse: {'narrow': {'whole_run': 0.018762975349305412, 'last50': 0.02370363064441241}, 'baseline': {'whole_run': 0.013470177020399295, 'last50': 0.01935760912781935}, 'wide': {'whole_run': 0.023925849476053834, 'last50': 0.017284150035530483}}

>>> [11/55] het:nig_product seed 42  (elapsed 71.5 min)
[het] node variants: {'narrow': 12, 'baseline': 12, 'wide': 12}
[heterogeneous_het_nig_product] nodes=36 coverage max=9 mode=nig_product steps=390
[heterogeneous_het_nig_product] step 000/390 trained 36/36 | hop0: 0.0185 | hop1: 0.0302
[heterogeneous_het_nig_product] step 010/390 trained 36/36 | hop0: 0.0062 | hop1: 0.0163
[heterogeneous_het_nig_product] step 020/390 trained 36/36 | hop0: 0.0094 | hop1: 0.0101 | hop2: 0.0265
[heterogeneous_het_nig_product] step 030/390 trained 36/36 | hop0: 0.0043 | hop1: 0.0091 | hop2: 0.0287
[heterogeneous_het_nig_product] step 040/390 trained 36/36 | hop0: 0.0064 | hop1: 0.0102 | hop2: 0.0248
[heterogeneous_het_nig_product] step 050/390 trained 36/36 | hop0: 0.0036 | hop1: 0.0064 | hop2: 0.0179
[heterogeneous_het_nig_product] step 060/390 trained 36/36 | hop0: 0.0062 | hop1: 0.0067 | hop2: 0.0385
[heterogeneous_het_nig_product] step 070/390 trained 36/36 | hop0: 0.0026 | hop1: 0.0105 | hop2: 0.0475
[heterogeneous_het_nig_product] step 080/390 trained 36/36 | hop0: 0.0019 | hop1: 0.0127 | hop2: 0.0393
[heterogeneous_het_nig_product] step 090/390 trained 36/36 | hop0: 0.0114 | hop1: 0.0084
[heterogeneous_het_nig_product] step 100/390 trained 36/36 | hop0: 0.0055 | hop1: 0.0082 | hop2: 0.0038
[heterogeneous_het_nig_product] step 110/390 trained 36/36 | hop0: 0.0057 | hop1: 0.0124 | hop2: 0.0111
[heterogeneous_het_nig_product] step 120/390 trained 36/36 | hop0: 0.0120 | hop1: 0.0203 | hop2: 0.0109
[heterogeneous_het_nig_product] step 130/390 trained 36/36 | hop0: 0.0108 | hop1: 0.0347 | hop2: 0.0192
[heterogeneous_het_nig_product] step 140/390 trained 36/36 | hop0: 0.0051 | hop1: 0.0310 | hop2: 0.0272
[heterogeneous_het_nig_product] step 150/390 trained 36/36 | hop0: 0.0115 | hop1: 0.0114 | hop2: 0.0476
[heterogeneous_het_nig_product] step 160/390 trained 36/36 | hop0: 0.0097 | hop1: 0.0093 | hop2: 0.0336
[heterogeneous_het_nig_product] step 170/390 trained 36/36 | hop0: 0.0055 | hop1: 0.0068 | hop2: 0.0193
[heterogeneous_het_nig_product] step 180/390 trained 36/36 | hop0: 0.0077 | hop1: 0.0087 | hop2: 0.0127
[heterogeneous_het_nig_product] step 190/390 trained 36/36 | hop0: 0.0030 | hop1: 0.0094 | hop2: 0.0147
[heterogeneous_het_nig_product] step 200/390 trained 36/36 | hop0: 0.0063 | hop1: 0.0032 | hop2: 0.0109
[heterogeneous_het_nig_product] step 210/390 trained 36/36 | hop0: 0.0059 | hop1: 0.0040 | hop2: 0.0060
[heterogeneous_het_nig_product] step 220/390 trained 36/36 | hop0: 0.0085 | hop1: 0.0052
[heterogeneous_het_nig_product] step 230/390 trained 36/36 | hop0: 0.0070 | hop1: 0.0059 | hop2: 0.0020
[heterogeneous_het_nig_product] step 240/390 trained 36/36 | hop0: 0.0071 | hop1: 0.0071 | hop2: 0.0141
[heterogeneous_het_nig_product] step 250/390 trained 36/36 | hop0: 0.0055 | hop1: 0.0099 | hop2: 0.0177
[heterogeneous_het_nig_product] step 260/390 trained 36/36 | hop0: 0.0133 | hop1: 0.0095
[heterogeneous_het_nig_product] step 270/390 trained 36/36 | hop0: 0.0088 | hop1: 0.0090 | hop2: 0.0058
[heterogeneous_het_nig_product] step 280/390 trained 36/36 | hop0: 0.0103 | hop1: 0.0121
[heterogeneous_het_nig_product] step 290/390 trained 36/36 | hop0: 0.0153 | hop1: 0.0098 | hop2: 0.0141
[heterogeneous_het_nig_product] step 300/390 trained 36/36 | hop0: 0.0179 | hop1: 0.0089 | hop2: 0.0133
[heterogeneous_het_nig_product] step 310/390 trained 36/36 | hop0: 0.0119 | hop1: 0.0089 | hop2: 0.0043
[heterogeneous_het_nig_product] step 320/390 trained 36/36 | hop0: 0.0119 | hop1: 0.0077 | hop2: 0.0038
[heterogeneous_het_nig_product] step 330/390 trained 36/36 | hop0: 0.0094 | hop1: 0.0112 | hop2: 0.0050
[heterogeneous_het_nig_product] step 340/390 trained 36/36 | hop0: 0.0116 | hop1: 0.0066
[heterogeneous_het_nig_product] step 350/390 trained 36/36 | hop0: 0.0189 | hop1: 0.0099 | hop2: 0.0008
[heterogeneous_het_nig_product] step 360/390 trained 36/36 | hop0: 0.0078 | hop1: 0.0133 | hop2: 0.0152
[heterogeneous_het_nig_product] step 370/390 trained 36/36 | hop0: 0.0036 | hop1: 0.0089 | hop2: 0.0188
[heterogeneous_het_nig_product] step 380/390 trained 36/36 | hop0: 0.0077 | hop1: 0.0092 | hop2: 0.0162
[heterogeneous_het_nig_product] mean MSE (last 50 steps): 0.0104 | cert-MSE r=-0.514
[heterogeneous_het_nig_product] per-variant whole-run MSE: wide=0.0092, baseline=0.0086, narrow=0.0158
[heterogeneous_het_nig_product] saved runs\chapter5_v2\s5_6_het_rg\nig_product\het_nig_product\figures\results.png

### heterogeneous/het_nig_product: last50=0.0104 whole_run=0.0096 r(new)=-0.4526+/-0.2980
    variant_mse: {'wide': {'whole_run': 0.009228506852587467, 'last50': 0.010780656633616078}, 'baseline': {'whole_run': 0.00863670099533031, 'last50': 0.008171945446940651}, 'narrow': {'whole_run': 0.015842027474754824, 'last50': 0.019321180609963233}}
    disagreement_stats: {'n_events': 278483, 'n_contributors_mean': 3.359468980153187, 'spread_std_mean': 0.03054414459107649, 'spread_std_median': 0.021496348083019257, 'spread_std_p90': 0.056306730019180795, 'spread_range_mean': 0.07317198280563694, 'spread_range_median': 0.050916820764541626, 'spread_range_p90': 0.1411416232585907, 'frac_range_lt_0p01': 0.08310022514839326, 'nu_std_mean': 0.03605648747196338, 'nu_std_median': 0.03286225139554843, 'nu_std_p90': 0.06856386516305431, 'nu_range_mean': 0.08530105819461127, 'nu_range_median': 0.07819749414920807, 'nu_range_p90': 0.16376887261867523, 'nu_cv_mean': 0.1511334827315558, 'nu_cv_median': 0.13345681411514787, 'nu_cv_p90': 0.28913380772243186, 'max_weight_mean': 0.4016952427889962, 'max_weight_median': 0.3837341719393699, 'max_weight_p90': 0.5747071726358086, 'max_weight_minus_uniform_mean': 0.055190536081243, 'max_weight_minus_uniform_median': 0.04452921974518431, 'max_weight_minus_uniform_p90': 0.10615446458661945, 'gamma_star_vs_unweighted_absdiff_mean': 0.005316156901944801, 'gamma_star_vs_unweighted_absdiff_median': 0.0014198425529137887, 'gamma_star_vs_unweighted_absdiff_p90': 0.007390528507411984}

>>> [12/55] het:nig_product seed 1042  (elapsed 79.1 min)
[het] node variants: {'narrow': 12, 'baseline': 12, 'wide': 12}
[heterogeneous_het_nig_product_seed1042] nodes=36 coverage max=9 mode=nig_product steps=390
[heterogeneous_het_nig_product_seed1042] step 000/390 trained 36/36 | hop0: 0.0153 | hop1: 0.0269
[heterogeneous_het_nig_product_seed1042] step 010/390 trained 36/36 | hop0: 0.0090 | hop1: 0.0112 | hop2: 0.0440
[heterogeneous_het_nig_product_seed1042] step 020/390 trained 36/36 | hop0: 0.0073 | hop1: 0.0126
[heterogeneous_het_nig_product_seed1042] step 030/390 trained 36/36 | hop0: 0.0040 | hop1: 0.0100 | hop2: 0.0348
[heterogeneous_het_nig_product_seed1042] step 040/390 trained 36/36 | hop0: 0.0059 | hop1: 0.0094 | hop2: 0.0363
[heterogeneous_het_nig_product_seed1042] step 050/390 trained 36/36 | hop0: 0.0036 | hop1: 0.0093 | hop2: 0.0149
[heterogeneous_het_nig_product_seed1042] step 060/390 trained 36/36 | hop0: 0.0033 | hop1: 0.0102 | hop2: 0.0309
[heterogeneous_het_nig_product_seed1042] step 070/390 trained 36/36 | hop0: 0.0027 | hop1: 0.0106 | hop2: 0.0524
[heterogeneous_het_nig_product_seed1042] step 080/390 trained 36/36 | hop0: 0.0093 | hop1: 0.0138 | hop2: 0.0685
[heterogeneous_het_nig_product_seed1042] step 090/390 trained 36/36 | hop0: 0.0074 | hop1: 0.0094 | hop2: 0.0265
[heterogeneous_het_nig_product_seed1042] step 100/390 trained 36/36 | hop0: 0.0054 | hop1: 0.0112
[heterogeneous_het_nig_product_seed1042] step 110/390 trained 36/36 | hop0: 0.0047 | hop1: 0.0083 | hop2: 0.0137
[heterogeneous_het_nig_product_seed1042] step 120/390 trained 36/36 | hop0: 0.0091 | hop1: 0.0116 | hop2: 0.0285
[heterogeneous_het_nig_product_seed1042] step 130/390 trained 36/36 | hop0: 0.0170 | hop1: 0.0115 | hop2: 0.0287
[heterogeneous_het_nig_product_seed1042] step 140/390 trained 36/36 | hop0: 0.0186 | hop1: 0.0106 | hop2: 0.0238
[heterogeneous_het_nig_product_seed1042] step 150/390 trained 36/36 | hop0: 0.0139 | hop1: 0.0123 | hop2: 0.0199
[heterogeneous_het_nig_product_seed1042] step 160/390 trained 36/36 | hop0: 0.0039 | hop1: 0.0119 | hop2: 0.0336
[heterogeneous_het_nig_product_seed1042] step 170/390 trained 36/36 | hop0: 0.0052 | hop1: 0.0145 | hop2: 0.0400
[heterogeneous_het_nig_product_seed1042] step 180/390 trained 36/36 | hop0: 0.0050 | hop1: 0.0198 | hop2: 0.0384
[heterogeneous_het_nig_product_seed1042] step 190/390 trained 36/36 | hop0: 0.0097 | hop1: 0.0156
[heterogeneous_het_nig_product_seed1042] step 200/390 trained 36/36 | hop0: 0.0078 | hop1: 0.0137 | hop2: 0.0105
[heterogeneous_het_nig_product_seed1042] step 210/390 trained 36/36 | hop0: 0.0084 | hop1: 0.0147
[heterogeneous_het_nig_product_seed1042] step 220/390 trained 36/36 | hop0: 0.0063 | hop1: 0.0084 | hop2: 0.0087
[heterogeneous_het_nig_product_seed1042] step 230/390 trained 36/36 | hop0: 0.0092 | hop1: 0.0084 | hop2: 0.0079
[heterogeneous_het_nig_product_seed1042] step 240/390 trained 36/36 | hop0: 0.0075 | hop1: 0.0099 | hop2: 0.0138
[heterogeneous_het_nig_product_seed1042] step 250/390 trained 36/36 | hop0: 0.0055 | hop1: 0.0117 | hop2: 0.0258
[heterogeneous_het_nig_product_seed1042] step 260/390 trained 36/36 | hop0: 0.0077 | hop1: 0.0144 | hop2: 0.0290
[heterogeneous_het_nig_product_seed1042] step 270/390 trained 36/36 | hop0: 0.0080 | hop1: 0.0133
[heterogeneous_het_nig_product_seed1042] step 280/390 trained 36/36 | hop0: 0.0076 | hop1: 0.0156
[heterogeneous_het_nig_product_seed1042] step 290/390 trained 36/36 | hop0: 0.0067 | hop1: 0.0171
[heterogeneous_het_nig_product_seed1042] step 300/390 trained 36/36 | hop0: 0.0047 | hop1: 0.0158 | hop2: 0.0041
[heterogeneous_het_nig_product_seed1042] step 310/390 trained 36/36 | hop0: 0.0023 | hop1: 0.0087 | hop2: 0.0130
[heterogeneous_het_nig_product_seed1042] step 320/390 trained 36/36 | hop0: 0.0054 | hop1: 0.0055 | hop2: 0.0032
[heterogeneous_het_nig_product_seed1042] step 330/390 trained 36/36 | hop0: 0.0055 | hop1: 0.0024 | hop2: 0.0162
[heterogeneous_het_nig_product_seed1042] step 340/390 trained 36/36 | hop0: 0.0062 | hop1: 0.0083 | hop2: 0.0035
[heterogeneous_het_nig_product_seed1042] step 350/390 trained 36/36 | hop0: 0.0028 | hop1: 0.0130 | hop2: 0.0154
[heterogeneous_het_nig_product_seed1042] step 360/390 trained 36/36 | hop0: 0.0029 | hop1: 0.0094 | hop2: 0.0383
[heterogeneous_het_nig_product_seed1042] step 370/390 trained 36/36 | hop0: 0.0054 | hop1: 0.0180 | hop2: 0.0356
[heterogeneous_het_nig_product_seed1042] step 380/390 trained 36/36 | hop0: 0.0104 | hop1: 0.0221 | hop2: 0.0493
[heterogeneous_het_nig_product_seed1042] mean MSE (last 50 steps): 0.0150 | cert-MSE r=-0.234
[heterogeneous_het_nig_product_seed1042] per-variant whole-run MSE: narrow=0.0147, baseline=0.0093, wide=0.0126
[heterogeneous_het_nig_product_seed1042] saved runs\chapter5_v2\s5_6_het_rg\nig_product\het_nig_product_seed1042\figures\results.png

### heterogeneous/het_nig_product_seed1042: last50=0.0150 whole_run=0.0107 r(new)=-0.2790+/-0.2749
    variant_mse: {'narrow': {'whole_run': 0.014681630652797635, 'last50': 0.025336503664881303}, 'baseline': {'whole_run': 0.00932325160025294, 'last50': 0.010496754521817373}, 'wide': {'whole_run': 0.012639967514393136, 'last50': 0.026357908355326125}}
    disagreement_stats: {'n_events': 273512, 'n_contributors_mean': 3.3666712977858375, 'spread_std_mean': 0.02773256552753665, 'spread_std_median': 0.018829676676342534, 'spread_std_p90': 0.05025192754601167, 'spread_range_mean': 0.06622514736235822, 'spread_range_median': 0.04454180598258972, 'spread_range_p90': 0.12599754333496094, 'frac_range_lt_0p01': 0.0978238614759133, 'nu_std_mean': 0.04147077735390738, 'nu_std_median': 0.039951301441049844, 'nu_std_p90': 0.07456447205507842, 'nu_range_mean': 0.09647815294480333, 'nu_range_median': 0.09423050284385681, 'nu_range_p90': 0.17397892475128174, 'nu_cv_mean': 0.16910990516775032, 'nu_cv_median': 0.15571818567004647, 'nu_cv_p90': 0.3030873445811043, 'max_weight_mean': 0.4078507617810331, 'max_weight_median': 0.3885682230765111, 'max_weight_p90': 0.5905974582623583, 'max_weight_minus_uniform_mean': 0.06198534576028572, 'max_weight_minus_uniform_median': 0.05061516045296546, 'max_weight_minus_uniform_p90': 0.11724314982604023, 'gamma_star_vs_unweighted_absdiff_mean': 0.005551372094707116, 'gamma_star_vs_unweighted_absdiff_median': 0.0014502946846848168, 'gamma_star_vs_unweighted_absdiff_p90': 0.0075261083724659774}

>>> [13/55] het:nig_product seed 2042  (elapsed 86.3 min)
[het] node variants: {'narrow': 12, 'baseline': 12, 'wide': 12}
[heterogeneous_het_nig_product_seed2042] nodes=36 coverage max=9 mode=nig_product steps=390
[heterogeneous_het_nig_product_seed2042] step 000/390 trained 36/36 | hop0: 0.0385 | hop1: 0.0188 | hop2: 0.0185
[heterogeneous_het_nig_product_seed2042] step 010/390 trained 36/36 | hop0: 0.0130 | hop1: 0.0097 | hop2: 0.0126
[heterogeneous_het_nig_product_seed2042] step 020/390 trained 36/36 | hop0: 0.0070 | hop1: 0.0082 | hop2: 0.0165
[heterogeneous_het_nig_product_seed2042] step 030/390 trained 36/36 | hop0: 0.0082 | hop1: 0.0086 | hop2: 0.0232
[heterogeneous_het_nig_product_seed2042] step 040/390 trained 36/36 | hop0: 0.0029 | hop1: 0.0054 | hop2: 0.0215
[heterogeneous_het_nig_product_seed2042] step 050/390 trained 36/36 | hop0: 0.0021 | hop1: 0.0091 | hop2: 0.0116 | hop3: 0.0161
[heterogeneous_het_nig_product_seed2042] step 060/390 trained 36/36 | hop0: 0.0092 | hop1: 0.0067 | hop2: 0.0319
[heterogeneous_het_nig_product_seed2042] step 070/390 trained 36/36 | hop0: 0.0083 | hop1: 0.0059 | hop2: 0.0248
[heterogeneous_het_nig_product_seed2042] step 080/390 trained 36/36 | hop0: 0.0050 | hop1: 0.0130 | hop2: 0.0319
[heterogeneous_het_nig_product_seed2042] step 090/390 trained 36/36 | hop0: 0.0077 | hop1: 0.0096 | hop2: 0.0341
[heterogeneous_het_nig_product_seed2042] step 100/390 trained 36/36 | hop0: 0.0090 | hop1: 0.0039 | hop2: 0.0117
[heterogeneous_het_nig_product_seed2042] step 110/390 trained 36/36 | hop0: 0.0051 | hop1: 0.0053 | hop2: 0.0070
[heterogeneous_het_nig_product_seed2042] step 120/390 trained 36/36 | hop0: 0.0055 | hop1: 0.0163
[heterogeneous_het_nig_product_seed2042] step 130/390 trained 36/36 | hop0: 0.0040 | hop1: 0.0166 | hop2: 0.0976
[heterogeneous_het_nig_product_seed2042] step 140/390 trained 36/36 | hop0: 0.0055 | hop1: 0.0187 | hop2: 0.0879
[heterogeneous_het_nig_product_seed2042] step 150/390 trained 36/36 | hop0: 0.0072 | hop1: 0.0143 | hop2: 0.0412
[heterogeneous_het_nig_product_seed2042] step 160/390 trained 36/36 | hop0: 0.0118 | hop1: 0.0219 | hop2: 0.0284
[heterogeneous_het_nig_product_seed2042] step 170/390 trained 36/36 | hop0: 0.0055 | hop1: 0.0252 | hop2: 0.0325
[heterogeneous_het_nig_product_seed2042] step 180/390 trained 36/36 | hop0: 0.0216 | hop1: 0.0197 | hop2: 0.0279
[heterogeneous_het_nig_product_seed2042] step 190/390 trained 36/36 | hop0: 0.0156 | hop1: 0.0117 | hop2: 0.0183
[heterogeneous_het_nig_product_seed2042] step 200/390 trained 36/36 | hop0: 0.0117 | hop1: 0.0105
[heterogeneous_het_nig_product_seed2042] step 210/390 trained 36/36 | hop0: 0.0073 | hop1: 0.0084
[heterogeneous_het_nig_product_seed2042] step 220/390 trained 36/36 | hop0: 0.0064 | hop1: 0.0096 | hop2: 0.0127
[heterogeneous_het_nig_product_seed2042] step 230/390 trained 36/36 | hop0: 0.0073 | hop1: 0.0090 | hop2: 0.0150
[heterogeneous_het_nig_product_seed2042] step 240/390 trained 36/36 | hop0: 0.0058 | hop1: 0.0169 | hop2: 0.0412
[heterogeneous_het_nig_product_seed2042] step 250/390 trained 36/36 | hop0: 0.0104 | hop1: 0.0157 | hop2: 0.0268
[heterogeneous_het_nig_product_seed2042] step 260/390 trained 36/36 | hop0: 0.0137 | hop1: 0.0137 | hop2: 0.0225
[heterogeneous_het_nig_product_seed2042] step 270/390 trained 36/36 | hop0: 0.0042 | hop1: 0.0134 | hop2: 0.0275 | hop3: 0.0285
[heterogeneous_het_nig_product_seed2042] step 280/390 trained 36/36 | hop0: 0.0052 | hop1: 0.0127 | hop2: 0.0262
[heterogeneous_het_nig_product_seed2042] step 290/390 trained 36/36 | hop0: 0.0036 | hop1: 0.0189 | hop2: 0.0172
[heterogeneous_het_nig_product_seed2042] step 300/390 trained 36/36 | hop0: 0.0023 | hop1: 0.0091 | hop2: 0.0324 | hop3: 0.0088
[heterogeneous_het_nig_product_seed2042] step 310/390 trained 36/36 | hop0: 0.0105 | hop1: 0.0111 | hop2: 0.0294 | hop3: 0.0257
[heterogeneous_het_nig_product_seed2042] step 320/390 trained 36/36 | hop0: 0.0095 | hop1: 0.0083 | hop2: 0.0132
[heterogeneous_het_nig_product_seed2042] step 330/390 trained 36/36 | hop0: 0.0048 | hop1: 0.0061 | hop2: 0.0093 | hop3: 0.0038
[heterogeneous_het_nig_product_seed2042] step 340/390 trained 36/36 | hop0: 0.0038 | hop1: 0.0093 | hop2: 0.0063 | hop3: 0.0298
[heterogeneous_het_nig_product_seed2042] step 350/390 trained 36/36 | hop0: 0.0110 | hop1: 0.0094 | hop2: 0.0167 | hop3: 0.0113
[heterogeneous_het_nig_product_seed2042] step 360/390 trained 36/36 | hop0: 0.0052 | hop1: 0.0097 | hop2: 0.0338
[heterogeneous_het_nig_product_seed2042] step 370/390 trained 36/36 | hop0: 0.0107 | hop1: 0.0154 | hop2: 0.0633
[heterogeneous_het_nig_product_seed2042] step 380/390 trained 36/36 | hop0: 0.0054 | hop1: 0.0113 | hop2: 0.0296
[heterogeneous_het_nig_product_seed2042] mean MSE (last 50 steps): 0.0124 | cert-MSE r=-0.225
[heterogeneous_het_nig_product_seed2042] per-variant whole-run MSE: narrow=0.0165, baseline=0.0103, wide=0.0128
[heterogeneous_het_nig_product_seed2042] saved runs\chapter5_v2\s5_6_het_rg\nig_product\het_nig_product_seed2042\figures\results.png

### heterogeneous/het_nig_product_seed2042: last50=0.0124 whole_run=0.0124 r(new)=-0.4693+/-0.3407
    variant_mse: {'narrow': {'whole_run': 0.01649966254929428, 'last50': 0.01902371305787446}, 'baseline': {'whole_run': 0.010316235510977434, 'last50': 0.007258290360551378}, 'wide': {'whole_run': 0.012784676739402253, 'last50': 0.0057285889559666415}}
    disagreement_stats: {'n_events': 289212, 'n_contributors_mean': 3.3331189577195968, 'spread_std_mean': 0.025499217526455436, 'spread_std_median': 0.01779581031207409, 'spread_std_p90': 0.04625817441494627, 'spread_range_mean': 0.06123018088563666, 'spread_range_median': 0.04203405976295471, 'spread_range_p90': 0.11639702320098877, 'frac_range_lt_0p01': 0.10695268522744561, 'nu_std_mean': 0.03307818434768713, 'nu_std_median': 0.029311186301707013, 'nu_std_p90': 0.06490974254054882, 'nu_range_mean': 0.07690289571693801, 'nu_range_median': 0.06868711858987808, 'nu_range_p90': 0.14984303414821623, 'nu_cv_mean': 0.1399654215746473, 'nu_cv_median': 0.12258195742089326, 'nu_cv_p90': 0.2710415104350798, 'max_weight_mean': 0.3994802122498462, 'max_weight_median': 0.3786778634859842, 'max_weight_p90': 0.578843398000539, 'max_weight_minus_uniform_mean': 0.05081684914102444, 'max_weight_minus_uniform_median': 0.03816306468090751, 'max_weight_minus_uniform_p90': 0.10573881797617114, 'gamma_star_vs_unweighted_absdiff_mean': 0.0043120729262567, 'gamma_star_vs_unweighted_absdiff_median': 0.0010491087997636917, 'gamma_star_vs_unweighted_absdiff_p90': 0.005625352167448863}

>>> [14/55] het:nig_product seed 3042  (elapsed 93.4 min)
[het] node variants: {'narrow': 12, 'baseline': 12, 'wide': 12}
[heterogeneous_het_nig_product_seed3042] nodes=36 coverage max=9 mode=nig_product steps=390
[heterogeneous_het_nig_product_seed3042] step 000/390 trained 36/36 | hop0: 0.0164 | hop1: 0.0283 | hop2: 0.0742
[heterogeneous_het_nig_product_seed3042] step 010/390 trained 36/36 | hop0: 0.0104 | hop1: 0.0173
[heterogeneous_het_nig_product_seed3042] step 020/390 trained 36/36 | hop0: 0.0138 | hop1: 0.0092
[heterogeneous_het_nig_product_seed3042] step 030/390 trained 36/36 | hop0: 0.0149 | hop1: 0.0123
[heterogeneous_het_nig_product_seed3042] step 040/390 trained 36/36 | hop0: 0.0073 | hop1: 0.0088
[heterogeneous_het_nig_product_seed3042] step 050/390 trained 36/36 | hop0: 0.0040 | hop1: 0.0123 | hop2: 0.0077
[heterogeneous_het_nig_product_seed3042] step 060/390 trained 36/36 | hop0: 0.0041 | hop1: 0.0128 | hop2: 0.0251
[heterogeneous_het_nig_product_seed3042] step 070/390 trained 36/36 | hop0: 0.0033 | hop1: 0.0127 | hop2: 0.0598
[heterogeneous_het_nig_product_seed3042] step 080/390 trained 36/36 | hop0: 0.0027 | hop1: 0.0094 | hop2: 0.0712
[heterogeneous_het_nig_product_seed3042] step 090/390 trained 36/36 | hop0: 0.0072 | hop1: 0.0089 | hop2: 0.0299 | hop3: 0.0471
[heterogeneous_het_nig_product_seed3042] step 100/390 trained 36/36 | hop0: 0.0039 | hop1: 0.0060 | hop2: 0.0106
[heterogeneous_het_nig_product_seed3042] step 110/390 trained 36/36 | hop0: 0.0081 | hop1: 0.0116 | hop2: 0.0097
[heterogeneous_het_nig_product_seed3042] step 120/390 trained 36/36 | hop0: 0.0065 | hop1: 0.0189 | hop2: 0.0145
[heterogeneous_het_nig_product_seed3042] step 130/390 trained 36/36 | hop0: 0.0144 | hop1: 0.0231 | hop2: 0.0276
[heterogeneous_het_nig_product_seed3042] step 140/390 trained 36/36 | hop0: 0.0277 | hop1: 0.0093 | hop2: 0.0186
[heterogeneous_het_nig_product_seed3042] step 150/390 trained 36/36 | hop0: 0.0131 | hop1: 0.0061 | hop2: 0.0024
[heterogeneous_het_nig_product_seed3042] step 160/390 trained 36/36 | hop0: 0.0112 | hop1: 0.0061 | hop2: 0.0077
[heterogeneous_het_nig_product_seed3042] step 170/390 trained 36/36 | hop0: 0.0106 | hop1: 0.0042 | hop2: 0.0115
[heterogeneous_het_nig_product_seed3042] step 180/390 trained 36/36 | hop0: 0.0159 | hop1: 0.0058
[heterogeneous_het_nig_product_seed3042] step 190/390 trained 36/36 | hop0: 0.0177 | hop1: 0.0086
[heterogeneous_het_nig_product_seed3042] step 200/390 trained 36/36 | hop0: 0.0069 | hop1: 0.0131
[heterogeneous_het_nig_product_seed3042] step 210/390 trained 36/36 | hop0: 0.0086 | hop1: 0.0107 | hop2: 0.0014
[heterogeneous_het_nig_product_seed3042] step 220/390 trained 36/36 | hop0: 0.0043 | hop1: 0.0073 | hop2: 0.0018
[heterogeneous_het_nig_product_seed3042] step 230/390 trained 36/36 | hop0: 0.0055 | hop1: 0.0080 | hop2: 0.0034
[heterogeneous_het_nig_product_seed3042] step 240/390 trained 36/36 | hop0: 0.0113 | hop1: 0.0093 | hop2: 0.0219
[heterogeneous_het_nig_product_seed3042] step 250/390 trained 36/36 | hop0: 0.0116 | hop1: 0.0089 | hop2: 0.0304
[heterogeneous_het_nig_product_seed3042] step 260/390 trained 36/36 | hop0: 0.0113 | hop1: 0.0137 | hop2: 0.0507
[heterogeneous_het_nig_product_seed3042] step 270/390 trained 36/36 | hop0: 0.0114 | hop1: 0.0157 | hop2: 0.0286
[heterogeneous_het_nig_product_seed3042] step 280/390 trained 36/36 | hop0: 0.0027 | hop1: 0.0137 | hop2: 0.0206
[heterogeneous_het_nig_product_seed3042] step 290/390 trained 36/36 | hop0: 0.0061 | hop1: 0.0116
[heterogeneous_het_nig_product_seed3042] step 300/390 trained 36/36 | hop0: 0.0059 | hop1: 0.0099 | hop2: 0.0107
[heterogeneous_het_nig_product_seed3042] step 310/390 trained 36/36 | hop0: 0.0041 | hop1: 0.0071 | hop2: 0.0044
[heterogeneous_het_nig_product_seed3042] step 320/390 trained 36/36 | hop0: 0.0030 | hop1: 0.0031 | hop2: 0.0020
[heterogeneous_het_nig_product_seed3042] step 330/390 trained 36/36 | hop0: 0.0080 | hop1: 0.0041
[heterogeneous_het_nig_product_seed3042] step 340/390 trained 36/36 | hop0: 0.0044 | hop1: 0.0057
[heterogeneous_het_nig_product_seed3042] step 350/390 trained 36/36 | hop0: 0.0133 | hop1: 0.0060 | hop2: 0.0100
[heterogeneous_het_nig_product_seed3042] step 360/390 trained 36/36 | hop0: 0.0081 | hop1: 0.0134 | hop2: 0.0108
[heterogeneous_het_nig_product_seed3042] step 370/390 trained 36/36 | hop0: 0.0089 | hop1: 0.0158
[heterogeneous_het_nig_product_seed3042] step 380/390 trained 36/36 | hop0: 0.0068 | hop1: 0.0181 | hop2: 0.0266
[heterogeneous_het_nig_product_seed3042] mean MSE (last 50 steps): 0.0127 | cert-MSE r=-0.522
[heterogeneous_het_nig_product_seed3042] per-variant whole-run MSE: wide=0.0131, baseline=0.0073, narrow=0.0148
[heterogeneous_het_nig_product_seed3042] saved runs\chapter5_v2\s5_6_het_rg\nig_product\het_nig_product_seed3042\figures\results.png

### heterogeneous/het_nig_product_seed3042: last50=0.0127 whole_run=0.0098 r(new)=-0.4421+/-0.2111
    variant_mse: {'wide': {'whole_run': 0.013066646030061949, 'last50': 0.018378323101270758}, 'baseline': {'whole_run': 0.007309226529028009, 'last50': 0.011280767792963336}, 'narrow': {'whole_run': 0.014794660330754722, 'last50': 0.02308723688900212}}
    disagreement_stats: {'n_events': 272913, 'n_contributors_mean': 3.3730822643113374, 'spread_std_mean': 0.028847284895326734, 'spread_std_median': 0.019964772270176054, 'spread_std_p90': 0.05307169043985326, 'spread_range_mean': 0.06932748266465062, 'spread_range_median': 0.04727260768413544, 'spread_range_p90': 0.1346469521522522, 'frac_range_lt_0p01': 0.09050136856800518, 'nu_std_mean': 0.039358660055032586, 'nu_std_median': 0.03818099117602277, 'nu_std_p90': 0.07168801277875901, 'nu_range_mean': 0.09154993842771106, 'nu_range_median': 0.08969283103942871, 'nu_range_p90': 0.1658228039741516, 'nu_cv_mean': 0.16407807960351342, 'nu_cv_median': 0.15234656208301994, 'nu_cv_p90': 0.30050323148265823, 'max_weight_mean': 0.40563765789971545, 'max_weight_median': 0.3856272531762101, 'max_weight_p90': 0.5912019375052842, 'max_weight_minus_uniform_mean': 0.06032083968466593, 'max_weight_minus_uniform_median': 0.0492008466496876, 'max_weight_minus_uniform_p90': 0.11787398936376338, 'gamma_star_vs_unweighted_absdiff_mean': 0.005263720634646257, 'gamma_star_vs_unweighted_absdiff_median': 0.0014279528001133954, 'gamma_star_vs_unweighted_absdiff_p90': 0.007316468434960514}

>>> [15/55] het:nig_product seed 4042  (elapsed 100.6 min)
[het] node variants: {'narrow': 12, 'baseline': 12, 'wide': 12}
[heterogeneous_het_nig_product_seed4042] nodes=36 coverage max=9 mode=nig_product steps=390
[heterogeneous_het_nig_product_seed4042] step 000/390 trained 36/36 | hop0: 0.0097 | hop1: 0.0288 | hop2: 0.0795
[heterogeneous_het_nig_product_seed4042] step 010/390 trained 36/36 | hop0: 0.0080 | hop1: 0.0199
[heterogeneous_het_nig_product_seed4042] step 020/390 trained 36/36 | hop0: 0.0095 | hop1: 0.0125 | hop2: 0.0257
[heterogeneous_het_nig_product_seed4042] step 030/390 trained 36/36 | hop0: 0.0097 | hop1: 0.0086 | hop2: 0.0109
[heterogeneous_het_nig_product_seed4042] step 040/390 trained 36/36 | hop0: 0.0110 | hop1: 0.0124 | hop2: 0.0298
[heterogeneous_het_nig_product_seed4042] step 050/390 trained 36/36 | hop0: 0.0175 | hop1: 0.0107 | hop2: 0.0366
[heterogeneous_het_nig_product_seed4042] step 060/390 trained 36/36 | hop0: 0.0148 | hop1: 0.0056 | hop2: 0.0114
[heterogeneous_het_nig_product_seed4042] step 070/390 trained 36/36 | hop0: 0.0087 | hop1: 0.0133 | hop2: 0.0102
[heterogeneous_het_nig_product_seed4042] step 080/390 trained 36/36 | hop0: 0.0023 | hop1: 0.0161 | hop2: 0.0228
[heterogeneous_het_nig_product_seed4042] step 090/390 trained 36/36 | hop0: 0.0062 | hop1: 0.0114 | hop2: 0.0166 | hop3: 0.0510
[heterogeneous_het_nig_product_seed4042] step 100/390 trained 36/36 | hop0: 0.0047 | hop1: 0.0072 | hop2: 0.0173 | hop3: 0.0575
[heterogeneous_het_nig_product_seed4042] step 110/390 trained 36/36 | hop0: 0.0044 | hop1: 0.0122 | hop2: 0.0410
[heterogeneous_het_nig_product_seed4042] step 120/390 trained 36/36 | hop0: 0.0181 | hop1: 0.0228 | hop2: 0.0624
[heterogeneous_het_nig_product_seed4042] step 130/390 trained 36/36 | hop0: 0.0255 | hop1: 0.0207
[heterogeneous_het_nig_product_seed4042] step 140/390 trained 36/36 | hop0: 0.0202 | hop1: 0.0122 | hop2: 0.0190
[heterogeneous_het_nig_product_seed4042] step 150/390 trained 36/36 | hop0: 0.0144 | hop1: 0.0054 | hop2: 0.0128
[heterogeneous_het_nig_product_seed4042] step 160/390 trained 36/36 | hop0: 0.0066 | hop1: 0.0132 | hop2: 0.0173
[heterogeneous_het_nig_product_seed4042] step 170/390 trained 36/36 | hop0: 0.0085 | hop1: 0.0147 | hop2: 0.0191
[heterogeneous_het_nig_product_seed4042] step 180/390 trained 36/36 | hop0: 0.0116 | hop1: 0.0167 | hop2: 0.0177
[heterogeneous_het_nig_product_seed4042] step 190/390 trained 36/36 | hop0: 0.0077 | hop1: 0.0141 | hop2: 0.0243
[heterogeneous_het_nig_product_seed4042] step 200/390 trained 36/36 | hop0: 0.0087 | hop1: 0.0159 | hop2: 0.0184
[heterogeneous_het_nig_product_seed4042] step 210/390 trained 36/36 | hop0: 0.0093 | hop1: 0.0119 | hop2: 0.0109
[heterogeneous_het_nig_product_seed4042] step 220/390 trained 36/36 | hop0: 0.0078 | hop1: 0.0077 | hop2: 0.0066
[heterogeneous_het_nig_product_seed4042] step 230/390 trained 36/36 | hop0: 0.0083 | hop1: 0.0087
[heterogeneous_het_nig_product_seed4042] step 240/390 trained 36/36 | hop0: 0.0067 | hop1: 0.0141
[heterogeneous_het_nig_product_seed4042] step 250/390 trained 36/36 | hop0: 0.0037 | hop1: 0.0137 | hop2: 0.0178
[heterogeneous_het_nig_product_seed4042] step 260/390 trained 36/36 | hop0: 0.0102 | hop1: 0.0132 | hop2: 0.0101
[heterogeneous_het_nig_product_seed4042] step 270/390 trained 36/36 | hop0: 0.0043 | hop1: 0.0141 | hop2: 0.0023
[heterogeneous_het_nig_product_seed4042] step 280/390 trained 36/36 | hop0: 0.0042 | hop1: 0.0104 | hop2: 0.0157
[heterogeneous_het_nig_product_seed4042] step 290/390 trained 36/36 | hop0: 0.0045 | hop1: 0.0113 | hop2: 0.0121
[heterogeneous_het_nig_product_seed4042] step 300/390 trained 36/36 | hop0: 0.0062 | hop1: 0.0103 | hop2: 0.0066
[heterogeneous_het_nig_product_seed4042] step 310/390 trained 36/36 | hop0: 0.0098 | hop1: 0.0082 | hop2: 0.0072
[heterogeneous_het_nig_product_seed4042] step 320/390 trained 36/36 | hop0: 0.0049 | hop1: 0.0091 | hop2: 0.0028
[heterogeneous_het_nig_product_seed4042] step 330/390 trained 36/36 | hop0: 0.0038 | hop1: 0.0035 | hop2: 0.0039
[heterogeneous_het_nig_product_seed4042] step 340/390 trained 36/36 | hop0: 0.0087 | hop1: 0.0087 | hop2: 0.0012
[heterogeneous_het_nig_product_seed4042] step 350/390 trained 36/36 | hop0: 0.0156 | hop1: 0.0056 | hop2: 0.0102
[heterogeneous_het_nig_product_seed4042] step 360/390 trained 36/36 | hop0: 0.0133 | hop1: 0.0142
[heterogeneous_het_nig_product_seed4042] step 370/390 trained 36/36 | hop0: 0.0044 | hop1: 0.0155 | hop2: 0.0306
[heterogeneous_het_nig_product_seed4042] step 380/390 trained 36/36 | hop0: 0.0088 | hop1: 0.0142 | hop2: 0.0469
[heterogeneous_het_nig_product_seed4042] mean MSE (last 50 steps): 0.0117 | cert-MSE r=-0.461
[heterogeneous_het_nig_product_seed4042] per-variant whole-run MSE: narrow=0.0167, baseline=0.0087, wide=0.0111
[heterogeneous_het_nig_product_seed4042] saved runs\chapter5_v2\s5_6_het_rg\nig_product\het_nig_product_seed4042\figures\results.png

### heterogeneous/het_nig_product_seed4042: last50=0.0117 whole_run=0.0119 r(new)=-0.5625+/-0.3061
    variant_mse: {'narrow': {'whole_run': 0.0167144834813721, 'last50': 0.019774176562775483}, 'baseline': {'whole_run': 0.008687721618038224, 'last50': 0.010864101290534061}, 'wide': {'whole_run': 0.011066999900305652, 'last50': 0.018265231503220722}}
    disagreement_stats: {'n_events': 274255, 'n_contributors_mean': 3.3577801680917396, 'spread_std_mean': 0.024348965183801773, 'spread_std_median': 0.016940951347351074, 'spread_std_p90': 0.04243043483895348, 'spread_range_mean': 0.05842433490870857, 'spread_range_median': 0.0401344895362854, 'spread_range_p90': 0.1065542995929718, 'frac_range_lt_0p01': 0.10876738801480373, 'nu_std_mean': 0.03764724744393904, 'nu_std_median': 0.03506487475853785, 'nu_std_p90': 0.07109231065287165, 'nu_range_mean': 0.0878139189499206, 'nu_range_median': 0.08300790190696716, 'nu_range_p90': 0.16514751315116882, 'nu_cv_mean': 0.1523494019300068, 'nu_cv_median': 0.13731750873434753, 'nu_cv_p90': 0.2847913139354607, 'max_weight_mean': 0.4015275220668003, 'max_weight_median': 0.38195986097165124, 'max_weight_p90': 0.5791502393153218, 'max_weight_minus_uniform_mean': 0.054818142283821134, 'max_weight_minus_uniform_median': 0.04362341898720329, 'max_weight_minus_uniform_p90': 0.10901802940705954, 'gamma_star_vs_unweighted_absdiff_mean': 0.004492892766658417, 'gamma_star_vs_unweighted_absdiff_median': 0.0011112365852648147, 'gamma_star_vs_unweighted_absdiff_p90': 0.005701298898042356}

>>> [16/55] het:avg seed 42  (elapsed 107.7 min)
[het] node variants: {'narrow': 12, 'baseline': 12, 'wide': 12}
[heterogeneous_het_nig_product] nodes=36 coverage max=9 mode=nig_product steps=390
[heterogeneous_het_nig_product] step 000/390 trained 36/36 | hop0: 0.0185 | hop1: 0.0299
[heterogeneous_het_nig_product] step 010/390 trained 36/36 | hop0: 0.0063 | hop1: 0.0165
[heterogeneous_het_nig_product] step 020/390 trained 36/36 | hop0: 0.0101 | hop1: 0.0105 | hop2: 0.0261
[heterogeneous_het_nig_product] step 030/390 trained 36/36 | hop0: 0.0041 | hop1: 0.0094 | hop2: 0.0287
[heterogeneous_het_nig_product] step 040/390 trained 36/36 | hop0: 0.0063 | hop1: 0.0111 | hop2: 0.0229
[heterogeneous_het_nig_product] step 050/390 trained 36/36 | hop0: 0.0038 | hop1: 0.0064 | hop2: 0.0166
[heterogeneous_het_nig_product] step 060/390 trained 36/36 | hop0: 0.0058 | hop1: 0.0071 | hop2: 0.0372
[heterogeneous_het_nig_product] step 070/390 trained 36/36 | hop0: 0.0028 | hop1: 0.0107 | hop2: 0.0532
[heterogeneous_het_nig_product] step 080/390 trained 36/36 | hop0: 0.0021 | hop1: 0.0124 | hop2: 0.0521
[heterogeneous_het_nig_product] step 090/390 trained 36/36 | hop0: 0.0126 | hop1: 0.0090
[heterogeneous_het_nig_product] step 100/390 trained 36/36 | hop0: 0.0067 | hop1: 0.0078 | hop2: 0.0040
[heterogeneous_het_nig_product] step 110/390 trained 36/36 | hop0: 0.0052 | hop1: 0.0118 | hop2: 0.0090
[heterogeneous_het_nig_product] step 120/390 trained 36/36 | hop0: 0.0126 | hop1: 0.0177 | hop2: 0.0076
[heterogeneous_het_nig_product] step 130/390 trained 36/36 | hop0: 0.0104 | hop1: 0.0306 | hop2: 0.0148
[heterogeneous_het_nig_product] step 140/390 trained 36/36 | hop0: 0.0046 | hop1: 0.0293 | hop2: 0.0188
[heterogeneous_het_nig_product] step 150/390 trained 36/36 | hop0: 0.0113 | hop1: 0.0128 | hop2: 0.0380
[heterogeneous_het_nig_product] step 160/390 trained 36/36 | hop0: 0.0083 | hop1: 0.0115 | hop2: 0.0272
[heterogeneous_het_nig_product] step 170/390 trained 36/36 | hop0: 0.0054 | hop1: 0.0084 | hop2: 0.0154
[heterogeneous_het_nig_product] step 180/390 trained 36/36 | hop0: 0.0082 | hop1: 0.0089 | hop2: 0.0144
[heterogeneous_het_nig_product] step 190/390 trained 36/36 | hop0: 0.0031 | hop1: 0.0107 | hop2: 0.0160
[heterogeneous_het_nig_product] step 200/390 trained 36/36 | hop0: 0.0059 | hop1: 0.0041 | hop2: 0.0126
[heterogeneous_het_nig_product] step 210/390 trained 36/36 | hop0: 0.0060 | hop1: 0.0041 | hop2: 0.0064
[heterogeneous_het_nig_product] step 220/390 trained 36/36 | hop0: 0.0086 | hop1: 0.0055
[heterogeneous_het_nig_product] step 230/390 trained 36/36 | hop0: 0.0066 | hop1: 0.0063 | hop2: 0.0027
[heterogeneous_het_nig_product] step 240/390 trained 36/36 | hop0: 0.0068 | hop1: 0.0067 | hop2: 0.0160
[heterogeneous_het_nig_product] step 250/390 trained 36/36 | hop0: 0.0050 | hop1: 0.0096 | hop2: 0.0100
[heterogeneous_het_nig_product] step 260/390 trained 36/36 | hop0: 0.0129 | hop1: 0.0083
[heterogeneous_het_nig_product] step 270/390 trained 36/36 | hop0: 0.0089 | hop1: 0.0072 | hop2: 0.0051
[heterogeneous_het_nig_product] step 280/390 trained 36/36 | hop0: 0.0096 | hop1: 0.0102
[heterogeneous_het_nig_product] step 290/390 trained 36/36 | hop0: 0.0145 | hop1: 0.0091 | hop2: 0.0097
[heterogeneous_het_nig_product] step 300/390 trained 36/36 | hop0: 0.0173 | hop1: 0.0089 | hop2: 0.0095
[heterogeneous_het_nig_product] step 310/390 trained 36/36 | hop0: 0.0125 | hop1: 0.0093 | hop2: 0.0022
[heterogeneous_het_nig_product] step 320/390 trained 36/36 | hop0: 0.0108 | hop1: 0.0092 | hop2: 0.0018
[heterogeneous_het_nig_product] step 330/390 trained 36/36 | hop0: 0.0085 | hop1: 0.0118 | hop2: 0.0059
[heterogeneous_het_nig_product] step 340/390 trained 36/36 | hop0: 0.0113 | hop1: 0.0076
[heterogeneous_het_nig_product] step 350/390 trained 36/36 | hop0: 0.0168 | hop1: 0.0107 | hop2: 0.0010
[heterogeneous_het_nig_product] step 360/390 trained 36/36 | hop0: 0.0074 | hop1: 0.0132 | hop2: 0.0146
[heterogeneous_het_nig_product] step 370/390 trained 36/36 | hop0: 0.0032 | hop1: 0.0087 | hop2: 0.0148
[heterogeneous_het_nig_product] step 380/390 trained 36/36 | hop0: 0.0075 | hop1: 0.0077 | hop2: 0.0090
[heterogeneous_het_nig_product] mean MSE (last 50 steps): 0.0090 | cert-MSE r=-0.502
[heterogeneous_het_nig_product] per-variant whole-run MSE: wide=0.0091, baseline=0.0084, narrow=0.0154
[heterogeneous_het_nig_product] saved runs\chapter5_v2\s5_6_het_rg\avgfusion\het_nig_product\figures\results.png

### heterogeneous/het_nig_product: last50=0.0090 whole_run=0.0092 r(new)=-0.4830+/-0.2389
    variant_mse: {'wide': {'whole_run': 0.00906379144114527, 'last50': 0.008039519570863686}, 'baseline': {'whole_run': 0.008357286069343545, 'last50': 0.0047419634549834685}, 'narrow': {'whole_run': 0.01537060146957497, 'last50': 0.015045162861482752}}
    disagreement_stats: {'n_events': 278483, 'n_contributors_mean': 3.359468980153187, 'spread_std_mean': 0.031459859949231644, 'spread_std_median': 0.023216453197801686, 'spread_std_p90': 0.055573408427841156, 'spread_range_mean': 0.07553037366080438, 'spread_range_median': 0.054982542991638184, 'spread_range_p90': 0.14020189642906192, 'frac_range_lt_0p01': 0.07369211046993891, 'nu_std_mean': 0.03784868629951471, 'nu_std_median': 0.03522778893238205, 'nu_std_p90': 0.07014810765422798, 'nu_range_mean': 0.0898909679127192, 'nu_range_median': 0.08400565385818481, 'nu_range_p90': 0.1705921292304993, 'nu_cv_mean': 0.182636357596466, 'nu_cv_median': 0.16405635467252616, 'nu_cv_p90': 0.3491476823562282, 'max_weight_mean': 0.413378115704236, 'max_weight_median': 0.3968075920447705, 'max_weight_p90': 0.5897936031172437, 'max_weight_minus_uniform_mean': 0.06687340899648282, 'max_weight_minus_uniform_median': 0.055122092028176806, 'max_weight_minus_uniform_p90': 0.12926800748360898, 'gamma_star_vs_unweighted_absdiff_mean': 0.00597901502990694, 'gamma_star_vs_unweighted_absdiff_median': 0.0018903479445913259, 'gamma_star_vs_unweighted_absdiff_p90': 0.009192234071653226}

>>> [17/55] het:avg seed 1042  (elapsed 114.9 min)
[het] node variants: {'narrow': 12, 'baseline': 12, 'wide': 12}
[heterogeneous_het_nig_product_seed1042] nodes=36 coverage max=9 mode=nig_product steps=390
[heterogeneous_het_nig_product_seed1042] step 000/390 trained 36/36 | hop0: 0.0153 | hop1: 0.0267
[heterogeneous_het_nig_product_seed1042] step 010/390 trained 36/36 | hop0: 0.0096 | hop1: 0.0115 | hop2: 0.0394
[heterogeneous_het_nig_product_seed1042] step 020/390 trained 36/36 | hop0: 0.0079 | hop1: 0.0130
[heterogeneous_het_nig_product_seed1042] step 030/390 trained 36/36 | hop0: 0.0044 | hop1: 0.0105 | hop2: 0.0309
[heterogeneous_het_nig_product_seed1042] step 040/390 trained 36/36 | hop0: 0.0063 | hop1: 0.0096 | hop2: 0.0412
[heterogeneous_het_nig_product_seed1042] step 050/390 trained 36/36 | hop0: 0.0039 | hop1: 0.0091 | hop2: 0.0114
[heterogeneous_het_nig_product_seed1042] step 060/390 trained 36/36 | hop0: 0.0032 | hop1: 0.0104 | hop2: 0.0261
[heterogeneous_het_nig_product_seed1042] step 070/390 trained 36/36 | hop0: 0.0032 | hop1: 0.0114 | hop2: 0.0546
[heterogeneous_het_nig_product_seed1042] step 080/390 trained 36/36 | hop0: 0.0097 | hop1: 0.0162 | hop2: 0.0784
[heterogeneous_het_nig_product_seed1042] step 090/390 trained 36/36 | hop0: 0.0073 | hop1: 0.0108 | hop2: 0.0461
[heterogeneous_het_nig_product_seed1042] step 100/390 trained 36/36 | hop0: 0.0055 | hop1: 0.0115
[heterogeneous_het_nig_product_seed1042] step 110/390 trained 36/36 | hop0: 0.0050 | hop1: 0.0080 | hop2: 0.0131
[heterogeneous_het_nig_product_seed1042] step 120/390 trained 36/36 | hop0: 0.0085 | hop1: 0.0119 | hop2: 0.0263
[heterogeneous_het_nig_product_seed1042] step 130/390 trained 36/36 | hop0: 0.0182 | hop1: 0.0116 | hop2: 0.0255
[heterogeneous_het_nig_product_seed1042] step 140/390 trained 36/36 | hop0: 0.0166 | hop1: 0.0110 | hop2: 0.0256
[heterogeneous_het_nig_product_seed1042] step 150/390 trained 36/36 | hop0: 0.0121 | hop1: 0.0114 | hop2: 0.0200
[heterogeneous_het_nig_product_seed1042] step 160/390 trained 36/36 | hop0: 0.0040 | hop1: 0.0106 | hop2: 0.0292
[heterogeneous_het_nig_product_seed1042] step 170/390 trained 36/36 | hop0: 0.0051 | hop1: 0.0140 | hop2: 0.0392
[heterogeneous_het_nig_product_seed1042] step 180/390 trained 36/36 | hop0: 0.0048 | hop1: 0.0196 | hop2: 0.0399
[heterogeneous_het_nig_product_seed1042] step 190/390 trained 36/36 | hop0: 0.0103 | hop1: 0.0159
[heterogeneous_het_nig_product_seed1042] step 200/390 trained 36/36 | hop0: 0.0081 | hop1: 0.0133 | hop2: 0.0074
[heterogeneous_het_nig_product_seed1042] step 210/390 trained 36/36 | hop0: 0.0084 | hop1: 0.0157
[heterogeneous_het_nig_product_seed1042] step 220/390 trained 36/36 | hop0: 0.0061 | hop1: 0.0085 | hop2: 0.0129
[heterogeneous_het_nig_product_seed1042] step 230/390 trained 36/36 | hop0: 0.0083 | hop1: 0.0084 | hop2: 0.0101
[heterogeneous_het_nig_product_seed1042] step 240/390 trained 36/36 | hop0: 0.0069 | hop1: 0.0100 | hop2: 0.0164
[heterogeneous_het_nig_product_seed1042] step 250/390 trained 36/36 | hop0: 0.0047 | hop1: 0.0112 | hop2: 0.0267
[heterogeneous_het_nig_product_seed1042] step 260/390 trained 36/36 | hop0: 0.0059 | hop1: 0.0130 | hop2: 0.0272
[heterogeneous_het_nig_product_seed1042] step 270/390 trained 36/36 | hop0: 0.0057 | hop1: 0.0104
[heterogeneous_het_nig_product_seed1042] step 280/390 trained 36/36 | hop0: 0.0070 | hop1: 0.0126
[heterogeneous_het_nig_product_seed1042] step 290/390 trained 36/36 | hop0: 0.0066 | hop1: 0.0162
[heterogeneous_het_nig_product_seed1042] step 300/390 trained 36/36 | hop0: 0.0070 | hop1: 0.0170 | hop2: 0.0041
[heterogeneous_het_nig_product_seed1042] step 310/390 trained 36/36 | hop0: 0.0032 | hop1: 0.0113 | hop2: 0.0151
[heterogeneous_het_nig_product_seed1042] step 320/390 trained 36/36 | hop0: 0.0060 | hop1: 0.0071 | hop2: 0.0030
[heterogeneous_het_nig_product_seed1042] step 330/390 trained 36/36 | hop0: 0.0064 | hop1: 0.0032 | hop2: 0.0106
[heterogeneous_het_nig_product_seed1042] step 340/390 trained 36/36 | hop0: 0.0078 | hop1: 0.0084 | hop2: 0.0029
[heterogeneous_het_nig_product_seed1042] step 350/390 trained 36/36 | hop0: 0.0036 | hop1: 0.0132 | hop2: 0.0139
[heterogeneous_het_nig_product_seed1042] step 360/390 trained 36/36 | hop0: 0.0030 | hop1: 0.0083 | hop2: 0.0346
[heterogeneous_het_nig_product_seed1042] step 370/390 trained 36/36 | hop0: 0.0068 | hop1: 0.0148 | hop2: 0.0292
[heterogeneous_het_nig_product_seed1042] step 380/390 trained 36/36 | hop0: 0.0115 | hop1: 0.0156 | hop2: 0.0325
[heterogeneous_het_nig_product_seed1042] mean MSE (last 50 steps): 0.0128 | cert-MSE r=-0.418
[heterogeneous_het_nig_product_seed1042] per-variant whole-run MSE: narrow=0.0145, baseline=0.0091, wide=0.0124
[heterogeneous_het_nig_product_seed1042] saved runs\chapter5_v2\s5_6_het_rg\avgfusion\het_nig_product_seed1042\figures\results.png

### heterogeneous/het_nig_product_seed1042: last50=0.0128 whole_run=0.0106 r(new)=-0.4034+/-0.2570
    variant_mse: {'narrow': {'whole_run': 0.014451580849729048, 'last50': 0.01975432142469495}, 'baseline': {'whole_run': 0.009117175261729152, 'last50': 0.007121598239645143}, 'wide': {'whole_run': 0.012427138337403151, 'last50': 0.01845277444870644}}
    disagreement_stats: {'n_events': 273512, 'n_contributors_mean': 3.3666712977858375, 'spread_std_mean': 0.028674935476368818, 'spread_std_median': 0.020516743664764067, 'spread_std_p90': 0.050319496234744215, 'spread_range_mean': 0.06844671925537274, 'spread_range_median': 0.04855246841907501, 'spread_range_p90': 0.1265400469303131, 'frac_range_lt_0p01': 0.08776580186609728, 'nu_std_mean': 0.04447472985005213, 'nu_std_median': 0.04372643443726194, 'nu_std_p90': 0.0771043473594192, 'nu_range_mean': 0.10408340091728549, 'nu_range_median': 0.10282941162586212, 'nu_range_p90': 0.18444661051034927, 'nu_cv_mean': 0.21247621182838933, 'nu_cv_median': 0.19815551603086776, 'nu_cv_p90': 0.3833883545941633, 'max_weight_mean': 0.424324486245455, 'max_weight_median': 0.4060686554108924, 'max_weight_p90': 0.6150003850859492, 'max_weight_minus_uniform_mean': 0.07845907022470756, 'max_weight_minus_uniform_median': 0.06531408106416714, 'max_weight_minus_uniform_p90': 0.15146040695240803, 'gamma_star_vs_unweighted_absdiff_mean': 0.0063403203665318925, 'gamma_star_vs_unweighted_absdiff_median': 0.0020089418099181046, 'gamma_star_vs_unweighted_absdiff_p90': 0.00973729082501334}

>>> [18/55] het:avg seed 2042  (elapsed 122.1 min)
[het] node variants: {'narrow': 12, 'baseline': 12, 'wide': 12}
[heterogeneous_het_nig_product_seed2042] nodes=36 coverage max=9 mode=nig_product steps=390
[heterogeneous_het_nig_product_seed2042] step 000/390 trained 36/36 | hop0: 0.0385 | hop1: 0.0191 | hop2: 0.0182
[heterogeneous_het_nig_product_seed2042] step 010/390 trained 36/36 | hop0: 0.0132 | hop1: 0.0106 | hop2: 0.0129
[heterogeneous_het_nig_product_seed2042] step 020/390 trained 36/36 | hop0: 0.0071 | hop1: 0.0084 | hop2: 0.0151
[heterogeneous_het_nig_product_seed2042] step 030/390 trained 36/36 | hop0: 0.0085 | hop1: 0.0085 | hop2: 0.0201
[heterogeneous_het_nig_product_seed2042] step 040/390 trained 36/36 | hop0: 0.0030 | hop1: 0.0074 | hop2: 0.0241
[heterogeneous_het_nig_product_seed2042] step 050/390 trained 36/36 | hop0: 0.0020 | hop1: 0.0103 | hop2: 0.0187 | hop3: 0.0275
[heterogeneous_het_nig_product_seed2042] step 060/390 trained 36/36 | hop0: 0.0088 | hop1: 0.0098 | hop2: 0.0440
[heterogeneous_het_nig_product_seed2042] step 070/390 trained 36/36 | hop0: 0.0079 | hop1: 0.0072 | hop2: 0.0428
[heterogeneous_het_nig_product_seed2042] step 080/390 trained 36/36 | hop0: 0.0050 | hop1: 0.0126 | hop2: 0.0371
[heterogeneous_het_nig_product_seed2042] step 090/390 trained 36/36 | hop0: 0.0073 | hop1: 0.0097 | hop2: 0.0277
[heterogeneous_het_nig_product_seed2042] step 100/390 trained 36/36 | hop0: 0.0094 | hop1: 0.0041 | hop2: 0.0109
[heterogeneous_het_nig_product_seed2042] step 110/390 trained 36/36 | hop0: 0.0042 | hop1: 0.0048 | hop2: 0.0056
[heterogeneous_het_nig_product_seed2042] step 120/390 trained 36/36 | hop0: 0.0045 | hop1: 0.0107
[heterogeneous_het_nig_product_seed2042] step 130/390 trained 36/36 | hop0: 0.0039 | hop1: 0.0140 | hop2: 0.0595
[heterogeneous_het_nig_product_seed2042] step 140/390 trained 36/36 | hop0: 0.0059 | hop1: 0.0176 | hop2: 0.0645
[heterogeneous_het_nig_product_seed2042] step 150/390 trained 36/36 | hop0: 0.0070 | hop1: 0.0113 | hop2: 0.0386
[heterogeneous_het_nig_product_seed2042] step 160/390 trained 36/36 | hop0: 0.0115 | hop1: 0.0156 | hop2: 0.0228
[heterogeneous_het_nig_product_seed2042] step 170/390 trained 36/36 | hop0: 0.0058 | hop1: 0.0191 | hop2: 0.0167
[heterogeneous_het_nig_product_seed2042] step 180/390 trained 36/36 | hop0: 0.0185 | hop1: 0.0207 | hop2: 0.0212
[heterogeneous_het_nig_product_seed2042] step 190/390 trained 36/36 | hop0: 0.0164 | hop1: 0.0124 | hop2: 0.0183
[heterogeneous_het_nig_product_seed2042] step 200/390 trained 36/36 | hop0: 0.0124 | hop1: 0.0110
[heterogeneous_het_nig_product_seed2042] step 210/390 trained 36/36 | hop0: 0.0065 | hop1: 0.0089
[heterogeneous_het_nig_product_seed2042] step 220/390 trained 36/36 | hop0: 0.0074 | hop1: 0.0083 | hop2: 0.0085
[heterogeneous_het_nig_product_seed2042] step 230/390 trained 36/36 | hop0: 0.0071 | hop1: 0.0078 | hop2: 0.0054
[heterogeneous_het_nig_product_seed2042] step 240/390 trained 36/36 | hop0: 0.0054 | hop1: 0.0144 | hop2: 0.0235
[heterogeneous_het_nig_product_seed2042] step 250/390 trained 36/36 | hop0: 0.0107 | hop1: 0.0143 | hop2: 0.0199
[heterogeneous_het_nig_product_seed2042] step 260/390 trained 36/36 | hop0: 0.0125 | hop1: 0.0126 | hop2: 0.0238
[heterogeneous_het_nig_product_seed2042] step 270/390 trained 36/36 | hop0: 0.0049 | hop1: 0.0125 | hop2: 0.0176 | hop3: 0.0282
[heterogeneous_het_nig_product_seed2042] step 280/390 trained 36/36 | hop0: 0.0055 | hop1: 0.0112 | hop2: 0.0157
[heterogeneous_het_nig_product_seed2042] step 290/390 trained 36/36 | hop0: 0.0036 | hop1: 0.0181 | hop2: 0.0150
[heterogeneous_het_nig_product_seed2042] step 300/390 trained 36/36 | hop0: 0.0022 | hop1: 0.0088 | hop2: 0.0299 | hop3: 0.0128
[heterogeneous_het_nig_product_seed2042] step 310/390 trained 36/36 | hop0: 0.0102 | hop1: 0.0106 | hop2: 0.0295 | hop3: 0.0208
[heterogeneous_het_nig_product_seed2042] step 320/390 trained 36/36 | hop0: 0.0095 | hop1: 0.0073 | hop2: 0.0137
[heterogeneous_het_nig_product_seed2042] step 330/390 trained 36/36 | hop0: 0.0040 | hop1: 0.0056 | hop2: 0.0082 | hop3: 0.0079
[heterogeneous_het_nig_product_seed2042] step 340/390 trained 36/36 | hop0: 0.0035 | hop1: 0.0097 | hop2: 0.0066 | hop3: 0.0314
[heterogeneous_het_nig_product_seed2042] step 350/390 trained 36/36 | hop0: 0.0115 | hop1: 0.0108 | hop2: 0.0128 | hop3: 0.0112
[heterogeneous_het_nig_product_seed2042] step 360/390 trained 36/36 | hop0: 0.0066 | hop1: 0.0105 | hop2: 0.0251
[heterogeneous_het_nig_product_seed2042] step 370/390 trained 36/36 | hop0: 0.0097 | hop1: 0.0142 | hop2: 0.0457
[heterogeneous_het_nig_product_seed2042] step 380/390 trained 36/36 | hop0: 0.0045 | hop1: 0.0125 | hop2: 0.0320
[heterogeneous_het_nig_product_seed2042] mean MSE (last 50 steps): 0.0115 | cert-MSE r=-0.441
[heterogeneous_het_nig_product_seed2042] per-variant whole-run MSE: narrow=0.0157, baseline=0.0096, wide=0.0117
[heterogeneous_het_nig_product_seed2042] saved runs\chapter5_v2\s5_6_het_rg\avgfusion\het_nig_product_seed2042\figures\results.png

### heterogeneous/het_nig_product_seed2042: last50=0.0115 whole_run=0.0113 r(new)=-0.5065+/-0.2216
    variant_mse: {'narrow': {'whole_run': 0.015664097602402425, 'last50': 0.022677839518295516}, 'baseline': {'whole_run': 0.009551984856662792, 'last50': 0.00862812776615406}, 'wide': {'whole_run': 0.011687732708598703, 'last50': 0.007994603301724308}}
    disagreement_stats: {'n_events': 289212, 'n_contributors_mean': 3.3331189577195968, 'spread_std_mean': 0.02710817653730975, 'spread_std_median': 0.020274583210220964, 'spread_std_p90': 0.04734172203660254, 'spread_range_mean': 0.06516485611479, 'spread_range_median': 0.04761505126953125, 'spread_range_p90': 0.11999223232269288, 'frac_range_lt_0p01': 0.09090563323790161, 'nu_std_mean': 0.03501068767414986, 'nu_std_median': 0.03176061623726343, 'nu_std_p90': 0.06696112710039258, 'nu_range_mean': 0.08159940556051185, 'nu_range_median': 0.07472860813140869, 'nu_range_p90': 0.15457146018743514, 'nu_cv_mean': 0.18133435118230176, 'nu_cv_median': 0.16715322371468272, 'nu_cv_p90': 0.3500182572064227, 'max_weight_mean': 0.4155213292640781, 'max_weight_median': 0.3963156840329012, 'max_weight_p90': 0.6047428466327457, 'max_weight_minus_uniform_mean': 0.06685796615525624, 'max_weight_minus_uniform_median': 0.05272565856668626, 'max_weight_minus_uniform_p90': 0.13779414275839602, 'gamma_star_vs_unweighted_absdiff_mean': 0.004946199038939951, 'gamma_star_vs_unweighted_absdiff_median': 0.0015755166562248706, 'gamma_star_vs_unweighted_absdiff_p90': 0.007263145443287364}

>>> [19/55] het:avg seed 3042  (elapsed 129.2 min)
[het] node variants: {'narrow': 12, 'baseline': 12, 'wide': 12}
[heterogeneous_het_nig_product_seed3042] nodes=36 coverage max=9 mode=nig_product steps=390
[heterogeneous_het_nig_product_seed3042] step 000/390 trained 36/36 | hop0: 0.0164 | hop1: 0.0282 | hop2: 0.0735
[heterogeneous_het_nig_product_seed3042] step 010/390 trained 36/36 | hop0: 0.0108 | hop1: 0.0181
[heterogeneous_het_nig_product_seed3042] step 020/390 trained 36/36 | hop0: 0.0148 | hop1: 0.0103
[heterogeneous_het_nig_product_seed3042] step 030/390 trained 36/36 | hop0: 0.0151 | hop1: 0.0124
[heterogeneous_het_nig_product_seed3042] step 040/390 trained 36/36 | hop0: 0.0067 | hop1: 0.0084
[heterogeneous_het_nig_product_seed3042] step 050/390 trained 36/36 | hop0: 0.0036 | hop1: 0.0108 | hop2: 0.0064
[heterogeneous_het_nig_product_seed3042] step 060/390 trained 36/36 | hop0: 0.0046 | hop1: 0.0121 | hop2: 0.0203
[heterogeneous_het_nig_product_seed3042] step 070/390 trained 36/36 | hop0: 0.0033 | hop1: 0.0138 | hop2: 0.0541
[heterogeneous_het_nig_product_seed3042] step 080/390 trained 36/36 | hop0: 0.0024 | hop1: 0.0096 | hop2: 0.0695
[heterogeneous_het_nig_product_seed3042] step 090/390 trained 36/36 | hop0: 0.0072 | hop1: 0.0085 | hop2: 0.0323 | hop3: 0.0431
[heterogeneous_het_nig_product_seed3042] step 100/390 trained 36/36 | hop0: 0.0037 | hop1: 0.0052 | hop2: 0.0134
[heterogeneous_het_nig_product_seed3042] step 110/390 trained 36/36 | hop0: 0.0073 | hop1: 0.0105 | hop2: 0.0104
[heterogeneous_het_nig_product_seed3042] step 120/390 trained 36/36 | hop0: 0.0057 | hop1: 0.0158 | hop2: 0.0121
[heterogeneous_het_nig_product_seed3042] step 130/390 trained 36/36 | hop0: 0.0139 | hop1: 0.0200 | hop2: 0.0182
[heterogeneous_het_nig_product_seed3042] step 140/390 trained 36/36 | hop0: 0.0244 | hop1: 0.0081 | hop2: 0.0204
[heterogeneous_het_nig_product_seed3042] step 150/390 trained 36/36 | hop0: 0.0117 | hop1: 0.0053 | hop2: 0.0041
[heterogeneous_het_nig_product_seed3042] step 160/390 trained 36/36 | hop0: 0.0107 | hop1: 0.0056 | hop2: 0.0078
[heterogeneous_het_nig_product_seed3042] step 170/390 trained 36/36 | hop0: 0.0092 | hop1: 0.0044 | hop2: 0.0108
[heterogeneous_het_nig_product_seed3042] step 180/390 trained 36/36 | hop0: 0.0158 | hop1: 0.0055
[heterogeneous_het_nig_product_seed3042] step 190/390 trained 36/36 | hop0: 0.0176 | hop1: 0.0078
[heterogeneous_het_nig_product_seed3042] step 200/390 trained 36/36 | hop0: 0.0075 | hop1: 0.0112
[heterogeneous_het_nig_product_seed3042] step 210/390 trained 36/36 | hop0: 0.0093 | hop1: 0.0095 | hop2: 0.0011
[heterogeneous_het_nig_product_seed3042] step 220/390 trained 36/36 | hop0: 0.0043 | hop1: 0.0070 | hop2: 0.0018
[heterogeneous_het_nig_product_seed3042] step 230/390 trained 36/36 | hop0: 0.0056 | hop1: 0.0081 | hop2: 0.0027
[heterogeneous_het_nig_product_seed3042] step 240/390 trained 36/36 | hop0: 0.0112 | hop1: 0.0089 | hop2: 0.0211
[heterogeneous_het_nig_product_seed3042] step 250/390 trained 36/36 | hop0: 0.0122 | hop1: 0.0089 | hop2: 0.0257
[heterogeneous_het_nig_product_seed3042] step 260/390 trained 36/36 | hop0: 0.0113 | hop1: 0.0129 | hop2: 0.0432
[heterogeneous_het_nig_product_seed3042] step 270/390 trained 36/36 | hop0: 0.0119 | hop1: 0.0142 | hop2: 0.0240
[heterogeneous_het_nig_product_seed3042] step 280/390 trained 36/36 | hop0: 0.0030 | hop1: 0.0124 | hop2: 0.0169
[heterogeneous_het_nig_product_seed3042] step 290/390 trained 36/36 | hop0: 0.0053 | hop1: 0.0113
[heterogeneous_het_nig_product_seed3042] step 300/390 trained 36/36 | hop0: 0.0060 | hop1: 0.0102 | hop2: 0.0129
[heterogeneous_het_nig_product_seed3042] step 310/390 trained 36/36 | hop0: 0.0041 | hop1: 0.0077 | hop2: 0.0073
[heterogeneous_het_nig_product_seed3042] step 320/390 trained 36/36 | hop0: 0.0031 | hop1: 0.0031 | hop2: 0.0038
[heterogeneous_het_nig_product_seed3042] step 330/390 trained 36/36 | hop0: 0.0081 | hop1: 0.0045
[heterogeneous_het_nig_product_seed3042] step 340/390 trained 36/36 | hop0: 0.0052 | hop1: 0.0068
[heterogeneous_het_nig_product_seed3042] step 350/390 trained 36/36 | hop0: 0.0150 | hop1: 0.0063 | hop2: 0.0127
[heterogeneous_het_nig_product_seed3042] step 360/390 trained 36/36 | hop0: 0.0080 | hop1: 0.0131 | hop2: 0.0113
[heterogeneous_het_nig_product_seed3042] step 370/390 trained 36/36 | hop0: 0.0085 | hop1: 0.0149
[heterogeneous_het_nig_product_seed3042] step 380/390 trained 36/36 | hop0: 0.0074 | hop1: 0.0184 | hop2: 0.0196
[heterogeneous_het_nig_product_seed3042] mean MSE (last 50 steps): 0.0122 | cert-MSE r=-0.320
[heterogeneous_het_nig_product_seed3042] per-variant whole-run MSE: wide=0.0127, baseline=0.0068, narrow=0.0144
[heterogeneous_het_nig_product_seed3042] saved runs\chapter5_v2\s5_6_het_rg\avgfusion\het_nig_product_seed3042\figures\results.png

### heterogeneous/het_nig_product_seed3042: last50=0.0122 whole_run=0.0091 r(new)=-0.3510+/-0.2406
    variant_mse: {'wide': {'whole_run': 0.012726001516605964, 'last50': 0.01930837737976397}, 'baseline': {'whole_run': 0.006838764206647288, 'last50': 0.009692234404350328}, 'narrow': {'whole_run': 0.014387707250706276, 'last50': 0.021163743901031765}}
    disagreement_stats: {'n_events': 272913, 'n_contributors_mean': 3.3730822643113374, 'spread_std_mean': 0.029717382153401136, 'spread_std_median': 0.021360324853344846, 'spread_std_p90': 0.05353905857749879, 'spread_range_mean': 0.07146172789403683, 'spread_range_median': 0.05050213634967804, 'spread_range_p90': 0.1355162084102631, 'frac_range_lt_0p01': 0.08248782579063657, 'nu_std_mean': 0.04106592139940579, 'nu_std_median': 0.040309466421604156, 'nu_std_p90': 0.07291909914760725, 'nu_range_mean': 0.095882611386756, 'nu_range_median': 0.09587362408638, 'nu_range_p90': 0.1698981523513794, 'nu_cv_mean': 0.1910347441216514, 'nu_cv_median': 0.18356844794650456, 'nu_cv_p90': 0.34125443015050166, 'max_weight_mean': 0.4157836315882669, 'max_weight_median': 0.39575538634762636, 'max_weight_p90': 0.6080342257253423, 'max_weight_minus_uniform_mean': 0.07046681337321745, 'max_weight_minus_uniform_median': 0.05864833736638875, 'max_weight_minus_uniform_p90': 0.13610734315105338, 'gamma_star_vs_unweighted_absdiff_mean': 0.005774377505985751, 'gamma_star_vs_unweighted_absdiff_median': 0.0018419570478195174, 'gamma_star_vs_unweighted_absdiff_p90': 0.008682638100398312}

>>> [20/55] het:avg seed 4042  (elapsed 136.4 min)
[het] node variants: {'narrow': 12, 'baseline': 12, 'wide': 12}
[heterogeneous_het_nig_product_seed4042] nodes=36 coverage max=9 mode=nig_product steps=390
[heterogeneous_het_nig_product_seed4042] step 000/390 trained 36/36 | hop0: 0.0097 | hop1: 0.0283 | hop2: 0.0809
[heterogeneous_het_nig_product_seed4042] step 010/390 trained 36/36 | hop0: 0.0082 | hop1: 0.0209
[heterogeneous_het_nig_product_seed4042] step 020/390 trained 36/36 | hop0: 0.0097 | hop1: 0.0135 | hop2: 0.0325
[heterogeneous_het_nig_product_seed4042] step 030/390 trained 36/36 | hop0: 0.0095 | hop1: 0.0089 | hop2: 0.0145
[heterogeneous_het_nig_product_seed4042] step 040/390 trained 36/36 | hop0: 0.0113 | hop1: 0.0116 | hop2: 0.0241
[heterogeneous_het_nig_product_seed4042] step 050/390 trained 36/36 | hop0: 0.0177 | hop1: 0.0118 | hop2: 0.0281
[heterogeneous_het_nig_product_seed4042] step 060/390 trained 36/36 | hop0: 0.0142 | hop1: 0.0061 | hop2: 0.0146
[heterogeneous_het_nig_product_seed4042] step 070/390 trained 36/36 | hop0: 0.0079 | hop1: 0.0128 | hop2: 0.0102
[heterogeneous_het_nig_product_seed4042] step 080/390 trained 36/36 | hop0: 0.0024 | hop1: 0.0161 | hop2: 0.0217
[heterogeneous_het_nig_product_seed4042] step 090/390 trained 36/36 | hop0: 0.0061 | hop1: 0.0121 | hop2: 0.0155 | hop3: 0.0371
[heterogeneous_het_nig_product_seed4042] step 100/390 trained 36/36 | hop0: 0.0044 | hop1: 0.0074 | hop2: 0.0148 | hop3: 0.0489
[heterogeneous_het_nig_product_seed4042] step 110/390 trained 36/36 | hop0: 0.0044 | hop1: 0.0083 | hop2: 0.0328
[heterogeneous_het_nig_product_seed4042] step 120/390 trained 36/36 | hop0: 0.0148 | hop1: 0.0181 | hop2: 0.0455
[heterogeneous_het_nig_product_seed4042] step 130/390 trained 36/36 | hop0: 0.0210 | hop1: 0.0190
[heterogeneous_het_nig_product_seed4042] step 140/390 trained 36/36 | hop0: 0.0194 | hop1: 0.0129 | hop2: 0.0184
[heterogeneous_het_nig_product_seed4042] step 150/390 trained 36/36 | hop0: 0.0134 | hop1: 0.0060 | hop2: 0.0119
[heterogeneous_het_nig_product_seed4042] step 160/390 trained 36/36 | hop0: 0.0068 | hop1: 0.0110 | hop2: 0.0136
[heterogeneous_het_nig_product_seed4042] step 170/390 trained 36/36 | hop0: 0.0088 | hop1: 0.0121 | hop2: 0.0134
[heterogeneous_het_nig_product_seed4042] step 180/390 trained 36/36 | hop0: 0.0108 | hop1: 0.0127 | hop2: 0.0120
[heterogeneous_het_nig_product_seed4042] step 190/390 trained 36/36 | hop0: 0.0085 | hop1: 0.0131 | hop2: 0.0164
[heterogeneous_het_nig_product_seed4042] step 200/390 trained 36/36 | hop0: 0.0085 | hop1: 0.0151 | hop2: 0.0123
[heterogeneous_het_nig_product_seed4042] step 210/390 trained 36/36 | hop0: 0.0100 | hop1: 0.0106 | hop2: 0.0113
[heterogeneous_het_nig_product_seed4042] step 220/390 trained 36/36 | hop0: 0.0081 | hop1: 0.0076 | hop2: 0.0061
[heterogeneous_het_nig_product_seed4042] step 230/390 trained 36/36 | hop0: 0.0091 | hop1: 0.0091
[heterogeneous_het_nig_product_seed4042] step 240/390 trained 36/36 | hop0: 0.0072 | hop1: 0.0134
[heterogeneous_het_nig_product_seed4042] step 250/390 trained 36/36 | hop0: 0.0037 | hop1: 0.0129 | hop2: 0.0193
[heterogeneous_het_nig_product_seed4042] step 260/390 trained 36/36 | hop0: 0.0100 | hop1: 0.0123 | hop2: 0.0111
[heterogeneous_het_nig_product_seed4042] step 270/390 trained 36/36 | hop0: 0.0040 | hop1: 0.0137 | hop2: 0.0023
[heterogeneous_het_nig_product_seed4042] step 280/390 trained 36/36 | hop0: 0.0042 | hop1: 0.0094 | hop2: 0.0105
[heterogeneous_het_nig_product_seed4042] step 290/390 trained 36/36 | hop0: 0.0047 | hop1: 0.0104 | hop2: 0.0085
[heterogeneous_het_nig_product_seed4042] step 300/390 trained 36/36 | hop0: 0.0064 | hop1: 0.0103 | hop2: 0.0075
[heterogeneous_het_nig_product_seed4042] step 310/390 trained 36/36 | hop0: 0.0103 | hop1: 0.0085 | hop2: 0.0084
[heterogeneous_het_nig_product_seed4042] step 320/390 trained 36/36 | hop0: 0.0049 | hop1: 0.0086 | hop2: 0.0037
[heterogeneous_het_nig_product_seed4042] step 330/390 trained 36/36 | hop0: 0.0041 | hop1: 0.0038 | hop2: 0.0015
[heterogeneous_het_nig_product_seed4042] step 340/390 trained 36/36 | hop0: 0.0103 | hop1: 0.0101 | hop2: 0.0015
[heterogeneous_het_nig_product_seed4042] step 350/390 trained 36/36 | hop0: 0.0148 | hop1: 0.0073 | hop2: 0.0118
[heterogeneous_het_nig_product_seed4042] step 360/390 trained 36/36 | hop0: 0.0131 | hop1: 0.0154
[heterogeneous_het_nig_product_seed4042] step 370/390 trained 36/36 | hop0: 0.0042 | hop1: 0.0151 | hop2: 0.0330
[heterogeneous_het_nig_product_seed4042] step 380/390 trained 36/36 | hop0: 0.0088 | hop1: 0.0149 | hop2: 0.0477
[heterogeneous_het_nig_product_seed4042] mean MSE (last 50 steps): 0.0120 | cert-MSE r=-0.310
[heterogeneous_het_nig_product_seed4042] per-variant whole-run MSE: narrow=0.0160, baseline=0.0077, wide=0.0108
[heterogeneous_het_nig_product_seed4042] saved runs\chapter5_v2\s5_6_het_rg\avgfusion\het_nig_product_seed4042\figures\results.png

### heterogeneous/het_nig_product_seed4042: last50=0.0120 whole_run=0.0110 r(new)=-0.5093+/-0.3062
    variant_mse: {'narrow': {'whole_run': 0.016033804845040273, 'last50': 0.01880453434429467}, 'baseline': {'whole_run': 0.007658639919207788, 'last50': 0.00890981774592732}, 'wide': {'whole_run': 0.010839929366573908, 'last50': 0.017568487029680623}}
    disagreement_stats: {'n_events': 274255, 'n_contributors_mean': 3.3577801680917396, 'spread_std_mean': 0.02565310176884381, 'spread_std_median': 0.01849012158625164, 'spread_std_p90': 0.044198215307045124, 'spread_range_mean': 0.06163510351588212, 'spread_range_median': 0.0437435507774353, 'spread_range_p90': 0.11152456998825074, 'frac_range_lt_0p01': 0.09701919746221582, 'nu_std_mean': 0.03940347068051752, 'nu_std_median': 0.036717842615653966, 'nu_std_p90': 0.07350702850861056, 'nu_range_mean': 0.09296825115996012, 'nu_range_median': 0.0868958979845047, 'nu_range_p90': 0.17387211322784424, 'nu_cv_mean': 0.1914107094669096, 'nu_cv_median': 0.17944556627622402, 'nu_cv_p90': 0.35701248101288247, 'max_weight_mean': 0.4159469272292296, 'max_weight_median': 0.39717756472840376, 'max_weight_p90': 0.5998211482151644, 'max_weight_minus_uniform_mean': 0.06923754744625044, 'max_weight_minus_uniform_median': 0.05767120963738259, 'max_weight_minus_uniform_p90': 0.13439287887561377, 'gamma_star_vs_unweighted_absdiff_mean': 0.005126108042623049, 'gamma_star_vs_unweighted_absdiff_median': 0.0015800644256576263, 'gamma_star_vs_unweighted_absdiff_p90': 0.0073619752058925415}

>>> [21/55] mf:naive seed 42  (elapsed 143.6 min)
[naive_seed42_field0_original] field=field0_original homogeneous=False field_range=[-63.5,+88.8]
[multifield_het_naive_seed42_field0_original] nodes=36 coverage max=9 mode=naive steps=390
[multifield_het_naive_seed42_field0_original] step 000/390 trained 36/36 | hop0: 0.0185 | hop1: 0.0304
[multifield_het_naive_seed42_field0_original] step 010/390 trained 36/36 | hop0: 0.0064 | hop1: 0.0191
[multifield_het_naive_seed42_field0_original] step 020/390 trained 36/36 | hop0: 0.0147 | hop1: 0.0120 | hop2: 0.0253
[multifield_het_naive_seed42_field0_original] step 030/390 trained 36/36 | hop0: 0.0048 | hop1: 0.0128 | hop2: 0.0270
[multifield_het_naive_seed42_field0_original] step 040/390 trained 36/36 | hop0: 0.0076 | hop1: 0.0155 | hop2: 0.0239
[multifield_het_naive_seed42_field0_original] step 050/390 trained 36/36 | hop0: 0.0075 | hop1: 0.0093 | hop2: 0.0165
[multifield_het_naive_seed42_field0_original] step 060/390 trained 36/36 | hop0: 0.0078 | hop1: 0.0108 | hop2: 0.0357
[multifield_het_naive_seed42_field0_original] step 070/390 trained 36/36 | hop0: 0.0034 | hop1: 0.0160 | hop2: 0.0467
[multifield_het_naive_seed42_field0_original] step 080/390 trained 36/36 | hop0: 0.0024 | hop1: 0.0171 | hop2: 0.0576
[multifield_het_naive_seed42_field0_original] step 090/390 trained 36/36 | hop0: 0.0121 | hop1: 0.0155
[multifield_het_naive_seed42_field0_original] step 100/390 trained 36/36 | hop0: 0.0104 | hop1: 0.0128 | hop2: 0.0076
[multifield_het_naive_seed42_field0_original] step 110/390 trained 36/36 | hop0: 0.0072 | hop1: 0.0152 | hop2: 0.0095
[multifield_het_naive_seed42_field0_original] step 120/390 trained 36/36 | hop0: 0.0127 | hop1: 0.0219 | hop2: 0.0134
[multifield_het_naive_seed42_field0_original] step 130/390 trained 36/36 | hop0: 0.0129 | hop1: 0.0319 | hop2: 0.0150
[multifield_het_naive_seed42_field0_original] step 140/390 trained 36/36 | hop0: 0.0061 | hop1: 0.0294 | hop2: 0.0242
[multifield_het_naive_seed42_field0_original] step 150/390 trained 36/36 | hop0: 0.0145 | hop1: 0.0200 | hop2: 0.0347
[multifield_het_naive_seed42_field0_original] step 160/390 trained 36/36 | hop0: 0.0083 | hop1: 0.0204 | hop2: 0.0266
[multifield_het_naive_seed42_field0_original] step 170/390 trained 36/36 | hop0: 0.0157 | hop1: 0.0190 | hop2: 0.0142
[multifield_het_naive_seed42_field0_original] step 180/390 trained 36/36 | hop0: 0.0085 | hop1: 0.0215 | hop2: 0.0290
[multifield_het_naive_seed42_field0_original] step 190/390 trained 36/36 | hop0: 0.0082 | hop1: 0.0234 | hop2: 0.0196
[multifield_het_naive_seed42_field0_original] step 200/390 trained 36/36 | hop0: 0.0081 | hop1: 0.0289 | hop2: 0.0294
[multifield_het_naive_seed42_field0_original] step 210/390 trained 36/36 | hop0: 0.0069 | hop1: 0.0233 | hop2: 0.0309
[multifield_het_naive_seed42_field0_original] step 220/390 trained 36/36 | hop0: 0.0188 | hop1: 0.0240
[multifield_het_naive_seed42_field0_original] step 230/390 trained 36/36 | hop0: 0.0136 | hop1: 0.0263 | hop2: 0.0810
[multifield_het_naive_seed42_field0_original] step 240/390 trained 36/36 | hop0: 0.0214 | hop1: 0.0324 | hop2: 0.0442
[multifield_het_naive_seed42_field0_original] step 250/390 trained 36/36 | hop0: 0.0213 | hop1: 0.0373 | hop2: 0.0149
[multifield_het_naive_seed42_field0_original] step 260/390 trained 36/36 | hop0: 0.0264 | hop1: 0.0310
[multifield_het_naive_seed42_field0_original] step 270/390 trained 36/36 | hop0: 0.0216 | hop1: 0.0292 | hop2: 0.0032
[multifield_het_naive_seed42_field0_original] step 280/390 trained 36/36 | hop0: 0.0230 | hop1: 0.0365
[multifield_het_naive_seed42_field0_original] step 290/390 trained 36/36 | hop0: 0.0285 | hop1: 0.0425 | hop2: 0.0072
[multifield_het_naive_seed42_field0_original] step 300/390 trained 36/36 | hop0: 0.0344 | hop1: 0.0378 | hop2: 0.0078
[multifield_het_naive_seed42_field0_original] step 310/390 trained 36/36 | hop0: 0.0245 | hop1: 0.0280 | hop2: 0.0105
[multifield_het_naive_seed42_field0_original] step 320/390 trained 36/36 | hop0: 0.0217 | hop1: 0.0526 | hop2: 0.0041
[multifield_het_naive_seed42_field0_original] step 330/390 trained 36/36 | hop0: 0.0188 | hop1: 0.0588 | hop2: 0.0048
[multifield_het_naive_seed42_field0_original] step 340/390 trained 36/36 | hop0: 0.0208 | hop1: 0.0508
[multifield_het_naive_seed42_field0_original] step 350/390 trained 36/36 | hop0: 0.0264 | hop1: 0.0567 | hop2: 0.0096
[multifield_het_naive_seed42_field0_original] step 360/390 trained 36/36 | hop0: 0.0469 | hop1: 0.0363 | hop2: 0.0396
[multifield_het_naive_seed42_field0_original] step 370/390 trained 36/36 | hop0: 0.0058 | hop1: 0.0567 | hop2: 0.0363
[multifield_het_naive_seed42_field0_original] step 380/390 trained 36/36 | hop0: 0.0376 | hop1: 0.0474 | hop2: 0.0392
[multifield_het_naive_seed42_field0_original] mean MSE (last 50 steps): 0.0318 | cert-MSE r=-0.777
[multifield_het_naive_seed42_field0_original] per-variant whole-run MSE: wide=0.0210, baseline=0.0357, narrow=0.0178
[multifield_het_naive_seed42_field0_original] saved runs\chapter5_v2\s5_6_multifield_rg\naive\het\naive_seed42_field0_original\figures\results.png

### naive_seed42_field0_original: whole_run=0.01631 last50=0.03182 r(new)=-0.6185+/-0.0653
    variant_mse: {'wide': {'whole_run': 0.021026572247028082, 'last50': 0.04101107489325126}, 'baseline': {'whole_run': 0.03570225199350197, 'last50': 0.052200247530108074}, 'narrow': {'whole_run': 0.017791316593286564, 'last50': 0.02224464778919304}}

>>> [22/55] mf:naive seed 1042  (elapsed 150.0 min)
[naive_seed1042_field1_seed11] field=field1_seed11 homogeneous=False field_range=[-84.7,+86.2]
[multifield_het_naive_seed1042_field1_seed11] nodes=36 coverage max=9 mode=naive steps=390
[multifield_het_naive_seed1042_field1_seed11] step 000/390 trained 36/36 | hop0: 0.0259 | hop1: 0.0278
[multifield_het_naive_seed1042_field1_seed11] step 010/390 trained 36/36 | hop0: 0.0175 | hop1: 0.0159 | hop2: 0.0821
[multifield_het_naive_seed1042_field1_seed11] step 020/390 trained 36/36 | hop0: 0.0081 | hop1: 0.0148
[multifield_het_naive_seed1042_field1_seed11] step 030/390 trained 36/36 | hop0: 0.0095 | hop1: 0.0104 | hop2: 0.0356
[multifield_het_naive_seed1042_field1_seed11] step 040/390 trained 36/36 | hop0: 0.0205 | hop1: 0.0187 | hop2: 0.0449
[multifield_het_naive_seed1042_field1_seed11] step 050/390 trained 36/36 | hop0: 0.0271 | hop1: 0.0194 | hop2: 0.0291
[multifield_het_naive_seed1042_field1_seed11] step 060/390 trained 36/36 | hop0: 0.0237 | hop1: 0.0187 | hop2: 0.0225
[multifield_het_naive_seed1042_field1_seed11] step 070/390 trained 36/36 | hop0: 0.0099 | hop1: 0.0158 | hop2: 0.0150
[multifield_het_naive_seed1042_field1_seed11] step 080/390 trained 36/36 | hop0: 0.0107 | hop1: 0.0133 | hop2: 0.0177
[multifield_het_naive_seed1042_field1_seed11] step 090/390 trained 36/36 | hop0: 0.0135 | hop1: 0.0136 | hop2: 0.0186
[multifield_het_naive_seed1042_field1_seed11] step 100/390 trained 36/36 | hop0: 0.0177 | hop1: 0.0240
[multifield_het_naive_seed1042_field1_seed11] step 110/390 trained 36/36 | hop0: 0.0181 | hop1: 0.0281 | hop2: 0.0169
[multifield_het_naive_seed1042_field1_seed11] step 120/390 trained 36/36 | hop0: 0.0141 | hop1: 0.0269 | hop2: 0.0088
[multifield_het_naive_seed1042_field1_seed11] step 130/390 trained 36/36 | hop0: 0.0193 | hop1: 0.0151 | hop2: 0.0145
[multifield_het_naive_seed1042_field1_seed11] step 140/390 trained 36/36 | hop0: 0.0161 | hop1: 0.0143 | hop2: 0.0165
[multifield_het_naive_seed1042_field1_seed11] step 150/390 trained 36/36 | hop0: 0.0184 | hop1: 0.0192 | hop2: 0.0128
[multifield_het_naive_seed1042_field1_seed11] step 160/390 trained 36/36 | hop0: 0.0197 | hop1: 0.0206 | hop2: 0.0181
[multifield_het_naive_seed1042_field1_seed11] step 170/390 trained 36/36 | hop0: 0.0197 | hop1: 0.0189 | hop2: 0.0517
[multifield_het_naive_seed1042_field1_seed11] step 180/390 trained 36/36 | hop0: 0.0127 | hop1: 0.0249 | hop2: 0.0585
[multifield_het_naive_seed1042_field1_seed11] step 190/390 trained 36/36 | hop0: 0.0129 | hop1: 0.0387
[multifield_het_naive_seed1042_field1_seed11] step 200/390 trained 36/36 | hop0: 0.0055 | hop1: 0.0515 | hop2: 0.1167
[multifield_het_naive_seed1042_field1_seed11] step 210/390 trained 36/36 | hop0: 0.0272 | hop1: 0.0730
[multifield_het_naive_seed1042_field1_seed11] step 220/390 trained 36/36 | hop0: 0.0844 | hop1: 0.0497 | hop2: 0.0852
[multifield_het_naive_seed1042_field1_seed11] step 230/390 trained 36/36 | hop0: 0.1075 | hop1: 0.0320 | hop2: 0.0403
[multifield_het_naive_seed1042_field1_seed11] step 240/390 trained 36/36 | hop0: 0.0589 | hop1: 0.0409 | hop2: 0.0340
[multifield_het_naive_seed1042_field1_seed11] step 250/390 trained 36/36 | hop0: 0.0261 | hop1: 0.0324 | hop2: 0.0873
[multifield_het_naive_seed1042_field1_seed11] step 260/390 trained 36/36 | hop0: 0.0257 | hop1: 0.0427 | hop2: 0.1052
[multifield_het_naive_seed1042_field1_seed11] step 270/390 trained 36/36 | hop0: 0.0315 | hop1: 0.0451
[multifield_het_naive_seed1042_field1_seed11] step 280/390 trained 36/36 | hop0: 0.0196 | hop1: 0.0447
[multifield_het_naive_seed1042_field1_seed11] step 290/390 trained 36/36 | hop0: 0.0165 | hop1: 0.0438
[multifield_het_naive_seed1042_field1_seed11] step 300/390 trained 36/36 | hop0: 0.0098 | hop1: 0.0330 | hop2: 0.0861
[multifield_het_naive_seed1042_field1_seed11] step 310/390 trained 36/36 | hop0: 0.0086 | hop1: 0.0354 | hop2: 0.1596
[multifield_het_naive_seed1042_field1_seed11] step 320/390 trained 36/36 | hop0: 0.0222 | hop1: 0.0571 | hop2: 0.3853
[multifield_het_naive_seed1042_field1_seed11] step 330/390 trained 36/36 | hop0: 0.0352 | hop1: 0.0352 | hop2: 0.2092
[multifield_het_naive_seed1042_field1_seed11] step 340/390 trained 36/36 | hop0: 0.0292 | hop1: 0.0257 | hop2: 0.0685
[multifield_het_naive_seed1042_field1_seed11] step 350/390 trained 36/36 | hop0: 0.0165 | hop1: 0.0232 | hop2: 0.0852
[multifield_het_naive_seed1042_field1_seed11] step 360/390 trained 36/36 | hop0: 0.0175 | hop1: 0.0257 | hop2: 0.0817
[multifield_het_naive_seed1042_field1_seed11] step 370/390 trained 36/36 | hop0: 0.0196 | hop1: 0.0434 | hop2: 0.1612
[multifield_het_naive_seed1042_field1_seed11] step 380/390 trained 36/36 | hop0: 0.0459 | hop1: 0.0476 | hop2: 0.1713
[multifield_het_naive_seed1042_field1_seed11] mean MSE (last 50 steps): 0.0340 | cert-MSE r=-0.547
[multifield_het_naive_seed1042_field1_seed11] per-variant whole-run MSE: narrow=0.0338, baseline=0.0250, wide=0.0376
[multifield_het_naive_seed1042_field1_seed11] saved runs\chapter5_v2\s5_6_multifield_rg\naive\het\naive_seed1042_field1_seed11\figures\results.png

### naive_seed1042_field1_seed11: whole_run=0.02449 last50=0.03400 r(new)=-0.5278+/-0.0631
    variant_mse: {'narrow': {'whole_run': 0.03378447212673865, 'last50': 0.052657090758291954}, 'baseline': {'whole_run': 0.02495559540375852, 'last50': 0.0357838148494287}, 'wide': {'whole_run': 0.03756424953500052, 'last50': 0.08209578730507251}}

>>> [23/55] mf:naive seed 2042  (elapsed 156.3 min)
[naive_seed2042_field2_seed23] field=field2_seed23 homogeneous=False field_range=[-99.3,+60.0]
[multifield_het_naive_seed2042_field2_seed23] nodes=36 coverage max=9 mode=naive steps=390
[multifield_het_naive_seed2042_field2_seed23] step 000/390 trained 36/36 | hop0: 0.0122 | hop1: 0.0202 | hop2: 0.0560
[multifield_het_naive_seed2042_field2_seed23] step 010/390 trained 36/36 | hop0: 0.0129 | hop1: 0.0363 | hop2: 0.0725
[multifield_het_naive_seed2042_field2_seed23] step 020/390 trained 36/36 | hop0: 0.0081 | hop1: 0.0333 | hop2: 0.1101
[multifield_het_naive_seed2042_field2_seed23] step 030/390 trained 36/36 | hop0: 0.0099 | hop1: 0.0682 | hop2: 0.1247
[multifield_het_naive_seed2042_field2_seed23] step 040/390 trained 36/36 | hop0: 0.0095 | hop1: 0.0682 | hop2: 0.0830
[multifield_het_naive_seed2042_field2_seed23] step 050/390 trained 36/36 | hop0: 0.0043 | hop1: 0.0383 | hop2: 0.0756 | hop3: 0.0539
[multifield_het_naive_seed2042_field2_seed23] step 060/390 trained 36/36 | hop0: 0.0219 | hop1: 0.0247 | hop2: 0.0802
[multifield_het_naive_seed2042_field2_seed23] step 070/390 trained 36/36 | hop0: 0.0111 | hop1: 0.0188 | hop2: 0.0581
[multifield_het_naive_seed2042_field2_seed23] step 080/390 trained 36/36 | hop0: 0.0070 | hop1: 0.0191 | hop2: 0.0487
[multifield_het_naive_seed2042_field2_seed23] step 090/390 trained 36/36 | hop0: 0.0107 | hop1: 0.0162 | hop2: 0.0470
[multifield_het_naive_seed2042_field2_seed23] step 100/390 trained 36/36 | hop0: 0.0120 | hop1: 0.0144 | hop2: 0.0379
[multifield_het_naive_seed2042_field2_seed23] step 110/390 trained 36/36 | hop0: 0.0082 | hop1: 0.0301 | hop2: 0.0327
[multifield_het_naive_seed2042_field2_seed23] step 120/390 trained 36/36 | hop0: 0.0106 | hop1: 0.0407
[multifield_het_naive_seed2042_field2_seed23] step 130/390 trained 36/36 | hop0: 0.0072 | hop1: 0.0389 | hop2: 0.0474
[multifield_het_naive_seed2042_field2_seed23] step 140/390 trained 36/36 | hop0: 0.0165 | hop1: 0.0449 | hop2: 0.0535
[multifield_het_naive_seed2042_field2_seed23] step 150/390 trained 36/36 | hop0: 0.0137 | hop1: 0.0253 | hop2: 0.0695
[multifield_het_naive_seed2042_field2_seed23] step 160/390 trained 36/36 | hop0: 0.0158 | hop1: 0.0374 | hop2: 0.0371
[multifield_het_naive_seed2042_field2_seed23] step 170/390 trained 36/36 | hop0: 0.0089 | hop1: 0.0374 | hop2: 0.0386
[multifield_het_naive_seed2042_field2_seed23] step 180/390 trained 36/36 | hop0: 0.0163 | hop1: 0.0471 | hop2: 0.0895
[multifield_het_naive_seed2042_field2_seed23] step 190/390 trained 36/36 | hop0: 0.0131 | hop1: 0.0549 | hop2: 0.0620
[multifield_het_naive_seed2042_field2_seed23] step 200/390 trained 36/36 | hop0: 0.0117 | hop1: 0.0472
[multifield_het_naive_seed2042_field2_seed23] step 210/390 trained 36/36 | hop0: 0.0240 | hop1: 0.0336
[multifield_het_naive_seed2042_field2_seed23] step 220/390 trained 36/36 | hop0: 0.0066 | hop1: 0.0477 | hop2: 0.0396
[multifield_het_naive_seed2042_field2_seed23] step 230/390 trained 36/36 | hop0: 0.0078 | hop1: 0.0382 | hop2: 0.0455
[multifield_het_naive_seed2042_field2_seed23] step 240/390 trained 36/36 | hop0: 0.0097 | hop1: 0.0484 | hop2: 0.1133
[multifield_het_naive_seed2042_field2_seed23] step 250/390 trained 36/36 | hop0: 0.0092 | hop1: 0.0309 | hop2: 0.1087
[multifield_het_naive_seed2042_field2_seed23] step 260/390 trained 36/36 | hop0: 0.0148 | hop1: 0.0317 | hop2: 0.1006
[multifield_het_naive_seed2042_field2_seed23] step 270/390 trained 36/36 | hop0: 0.0041 | hop1: 0.0245 | hop2: 0.0935 | hop3: 0.0607
[multifield_het_naive_seed2042_field2_seed23] step 280/390 trained 36/36 | hop0: 0.0068 | hop1: 0.0384 | hop2: 0.1001
[multifield_het_naive_seed2042_field2_seed23] step 290/390 trained 36/36 | hop0: 0.0041 | hop1: 0.0423 | hop2: 0.0797
[multifield_het_naive_seed2042_field2_seed23] step 300/390 trained 36/36 | hop0: 0.0034 | hop1: 0.0202 | hop2: 0.0811 | hop3: 0.0768
[multifield_het_naive_seed2042_field2_seed23] step 310/390 trained 36/36 | hop0: 0.0125 | hop1: 0.0254 | hop2: 0.0958 | hop3: 0.0834
[multifield_het_naive_seed2042_field2_seed23] step 320/390 trained 36/36 | hop0: 0.0126 | hop1: 0.0285 | hop2: 0.0675
[multifield_het_naive_seed2042_field2_seed23] step 330/390 trained 36/36 | hop0: 0.0050 | hop1: 0.0240 | hop2: 0.1093 | hop3: 0.0911
[multifield_het_naive_seed2042_field2_seed23] step 340/390 trained 36/36 | hop0: 0.0054 | hop1: 0.0311 | hop2: 0.1157 | hop3: 0.0698
[multifield_het_naive_seed2042_field2_seed23] step 350/390 trained 36/36 | hop0: 0.0166 | hop1: 0.0243 | hop2: 0.1040 | hop3: 0.1112
[multifield_het_naive_seed2042_field2_seed23] step 360/390 trained 36/36 | hop0: 0.0128 | hop1: 0.0446 | hop2: 0.1458
[multifield_het_naive_seed2042_field2_seed23] step 370/390 trained 36/36 | hop0: 0.0244 | hop1: 0.0547 | hop2: 0.1271
[multifield_het_naive_seed2042_field2_seed23] step 380/390 trained 36/36 | hop0: 0.0162 | hop1: 0.0583 | hop2: 0.0968
[multifield_het_naive_seed2042_field2_seed23] mean MSE (last 50 steps): 0.0365 | cert-MSE r=-0.721
[multifield_het_naive_seed2042_field2_seed23] per-variant whole-run MSE: narrow=0.0280, baseline=0.0459, wide=0.0425
[multifield_het_naive_seed2042_field2_seed23] saved runs\chapter5_v2\s5_6_multifield_rg\naive\het\naive_seed2042_field2_seed23\figures\results.png

### naive_seed2042_field2_seed23: whole_run=0.02947 last50=0.03651 r(new)=-0.6529+/-0.0527
    variant_mse: {'narrow': {'whole_run': 0.02798190669187821, 'last50': 0.04416081095574175}, 'baseline': {'whole_run': 0.045880140240306976, 'last50': 0.06167121677103675}, 'wide': {'whole_run': 0.042479104724016774, 'last50': 0.05156914481960077}}

>>> [24/55] mf:naive seed 3042  (elapsed 162.4 min)
[naive_seed3042_field3_seed37] field=field3_seed37 homogeneous=False field_range=[-97.4,+55.8]
[multifield_het_naive_seed3042_field3_seed37] nodes=36 coverage max=9 mode=naive steps=390
[multifield_het_naive_seed3042_field3_seed37] step 000/390 trained 36/36 | hop0: 0.0193 | hop1: 0.0270 | hop2: 0.0217
[multifield_het_naive_seed3042_field3_seed37] step 010/390 trained 36/36 | hop0: 0.0126 | hop1: 0.0223
[multifield_het_naive_seed3042_field3_seed37] step 020/390 trained 36/36 | hop0: 0.0063 | hop1: 0.0151
[multifield_het_naive_seed3042_field3_seed37] step 030/390 trained 36/36 | hop0: 0.0078 | hop1: 0.0129
[multifield_het_naive_seed3042_field3_seed37] step 040/390 trained 36/36 | hop0: 0.0115 | hop1: 0.0135
[multifield_het_naive_seed3042_field3_seed37] step 050/390 trained 36/36 | hop0: 0.0190 | hop1: 0.0145 | hop2: 0.0069
[multifield_het_naive_seed3042_field3_seed37] step 060/390 trained 36/36 | hop0: 0.0175 | hop1: 0.0152 | hop2: 0.0108
[multifield_het_naive_seed3042_field3_seed37] step 070/390 trained 36/36 | hop0: 0.0063 | hop1: 0.0153 | hop2: 0.0377
[multifield_het_naive_seed3042_field3_seed37] step 080/390 trained 36/36 | hop0: 0.0020 | hop1: 0.0147 | hop2: 0.0462
[multifield_het_naive_seed3042_field3_seed37] step 090/390 trained 36/36 | hop0: 0.0111 | hop1: 0.0180 | hop2: 0.0636 | hop3: 0.0537
[multifield_het_naive_seed3042_field3_seed37] step 100/390 trained 36/36 | hop0: 0.0102 | hop1: 0.0261 | hop2: 0.0651
[multifield_het_naive_seed3042_field3_seed37] step 110/390 trained 36/36 | hop0: 0.0263 | hop1: 0.0359 | hop2: 0.0829
[multifield_het_naive_seed3042_field3_seed37] step 120/390 trained 36/36 | hop0: 0.0190 | hop1: 0.0382 | hop2: 0.0403
[multifield_het_naive_seed3042_field3_seed37] step 130/390 trained 36/36 | hop0: 0.0146 | hop1: 0.0299 | hop2: 0.0605
[multifield_het_naive_seed3042_field3_seed37] step 140/390 trained 36/36 | hop0: 0.0236 | hop1: 0.0240 | hop2: 0.0288
[multifield_het_naive_seed3042_field3_seed37] step 150/390 trained 36/36 | hop0: 0.0198 | hop1: 0.0252 | hop2: 0.0373
[multifield_het_naive_seed3042_field3_seed37] step 160/390 trained 36/36 | hop0: 0.0328 | hop1: 0.0252 | hop2: 0.0367
[multifield_het_naive_seed3042_field3_seed37] step 170/390 trained 36/36 | hop0: 0.0327 | hop1: 0.0144 | hop2: 0.0378
[multifield_het_naive_seed3042_field3_seed37] step 180/390 trained 36/36 | hop0: 0.0122 | hop1: 0.0192
[multifield_het_naive_seed3042_field3_seed37] step 190/390 trained 36/36 | hop0: 0.0123 | hop1: 0.0193
[multifield_het_naive_seed3042_field3_seed37] step 200/390 trained 36/36 | hop0: 0.0110 | hop1: 0.0242
[multifield_het_naive_seed3042_field3_seed37] step 210/390 trained 36/36 | hop0: 0.0188 | hop1: 0.0267 | hop2: 0.1104
[multifield_het_naive_seed3042_field3_seed37] step 220/390 trained 36/36 | hop0: 0.0127 | hop1: 0.0217 | hop2: 0.1124
[multifield_het_naive_seed3042_field3_seed37] step 230/390 trained 36/36 | hop0: 0.0072 | hop1: 0.0200 | hop2: 0.1030
[multifield_het_naive_seed3042_field3_seed37] step 240/390 trained 36/36 | hop0: 0.0120 | hop1: 0.0208 | hop2: 0.0233
[multifield_het_naive_seed3042_field3_seed37] step 250/390 trained 36/36 | hop0: 0.0092 | hop1: 0.0114 | hop2: 0.0178
[multifield_het_naive_seed3042_field3_seed37] step 260/390 trained 36/36 | hop0: 0.0117 | hop1: 0.0139 | hop2: 0.0268
[multifield_het_naive_seed3042_field3_seed37] step 270/390 trained 36/36 | hop0: 0.0103 | hop1: 0.0189 | hop2: 0.0354
[multifield_het_naive_seed3042_field3_seed37] step 280/390 trained 36/36 | hop0: 0.0066 | hop1: 0.0144 | hop2: 0.0322
[multifield_het_naive_seed3042_field3_seed37] step 290/390 trained 36/36 | hop0: 0.0113 | hop1: 0.0156
[multifield_het_naive_seed3042_field3_seed37] step 300/390 trained 36/36 | hop0: 0.0093 | hop1: 0.0159 | hop2: 0.0177
[multifield_het_naive_seed3042_field3_seed37] step 310/390 trained 36/36 | hop0: 0.0164 | hop1: 0.0228 | hop2: 0.0534
[multifield_het_naive_seed3042_field3_seed37] step 320/390 trained 36/36 | hop0: 0.0119 | hop1: 0.0279 | hop2: 0.1026
[multifield_het_naive_seed3042_field3_seed37] step 330/390 trained 36/36 | hop0: 0.0251 | hop1: 0.0352
[multifield_het_naive_seed3042_field3_seed37] step 340/390 trained 36/36 | hop0: 0.0139 | hop1: 0.0354
[multifield_het_naive_seed3042_field3_seed37] step 350/390 trained 36/36 | hop0: 0.0161 | hop1: 0.0200 | hop2: 0.0127
[multifield_het_naive_seed3042_field3_seed37] step 360/390 trained 36/36 | hop0: 0.0080 | hop1: 0.0134 | hop2: 0.0113
[multifield_het_naive_seed3042_field3_seed37] step 370/390 trained 36/36 | hop0: 0.0232 | hop1: 0.0104
[multifield_het_naive_seed3042_field3_seed37] step 380/390 trained 36/36 | hop0: 0.0240 | hop1: 0.0164 | hop2: 0.0193
[multifield_het_naive_seed3042_field3_seed37] mean MSE (last 50 steps): 0.0126 | cert-MSE r=-0.180
[multifield_het_naive_seed3042_field3_seed37] per-variant whole-run MSE: wide=0.0201, baseline=0.0181, narrow=0.0239
[multifield_het_naive_seed3042_field3_seed37] saved runs\chapter5_v2\s5_6_multifield_rg\naive\het\naive_seed3042_field3_seed37\figures\results.png

### naive_seed3042_field3_seed37: whole_run=0.01669 last50=0.01262 r(new)=-0.1553+/-0.1241
    variant_mse: {'wide': {'whole_run': 0.020063051586916823, 'last50': 0.020817931876439065}, 'baseline': {'whole_run': 0.018118939039228517, 'last50': 0.02095408416083091}, 'narrow': {'whole_run': 0.02390679841639812, 'last50': 0.023088520634841306}}

>>> [25/55] mf:naive seed 4042  (elapsed 168.7 min)
[naive_seed4042_field4_seed51_dual] field=field4_seed51_dual homogeneous=False field_range=[-99.0,+117.6]
[multifield_het_naive_seed4042_field4_seed51_dual] nodes=36 coverage max=9 mode=naive steps=390
[multifield_het_naive_seed4042_field4_seed51_dual] step 000/390 trained 36/36 | hop0: 0.0151 | hop1: 0.0191 | hop2: 0.0212
[multifield_het_naive_seed4042_field4_seed51_dual] step 010/390 trained 36/36 | hop0: 0.0175 | hop1: 0.0258
[multifield_het_naive_seed4042_field4_seed51_dual] step 020/390 trained 36/36 | hop0: 0.0223 | hop1: 0.0243 | hop2: 0.0442
[multifield_het_naive_seed4042_field4_seed51_dual] step 030/390 trained 36/36 | hop0: 0.0132 | hop1: 0.0230 | hop2: 0.0500
[multifield_het_naive_seed4042_field4_seed51_dual] step 040/390 trained 36/36 | hop0: 0.0106 | hop1: 0.0277 | hop2: 0.0541
[multifield_het_naive_seed4042_field4_seed51_dual] step 050/390 trained 36/36 | hop0: 0.0220 | hop1: 0.0341 | hop2: 0.0944
[multifield_het_naive_seed4042_field4_seed51_dual] step 060/390 trained 36/36 | hop0: 0.0080 | hop1: 0.0275 | hop2: 0.1366
[multifield_het_naive_seed4042_field4_seed51_dual] step 070/390 trained 36/36 | hop0: 0.0111 | hop1: 0.0359 | hop2: 0.2011
[multifield_het_naive_seed4042_field4_seed51_dual] step 080/390 trained 36/36 | hop0: 0.0059 | hop1: 0.0414 | hop2: 0.1416
[multifield_het_naive_seed4042_field4_seed51_dual] step 090/390 trained 36/36 | hop0: 0.0056 | hop1: 0.0220 | hop2: 0.1981 | hop3: 0.2172
[multifield_het_naive_seed4042_field4_seed51_dual] step 100/390 trained 36/36 | hop0: 0.0049 | hop1: 0.0207 | hop2: 0.1458 | hop3: 0.2024
[multifield_het_naive_seed4042_field4_seed51_dual] step 110/390 trained 36/36 | hop0: 0.0071 | hop1: 0.0371 | hop2: 0.2432
[multifield_het_naive_seed4042_field4_seed51_dual] step 120/390 trained 36/36 | hop0: 0.0236 | hop1: 0.0496 | hop2: 0.2200
[multifield_het_naive_seed4042_field4_seed51_dual] step 130/390 trained 36/36 | hop0: 0.0673 | hop1: 0.0470
[multifield_het_naive_seed4042_field4_seed51_dual] step 140/390 trained 36/36 | hop0: 0.0590 | hop1: 0.0573 | hop2: 0.0161
[multifield_het_naive_seed4042_field4_seed51_dual] step 150/390 trained 36/36 | hop0: 0.0492 | hop1: 0.0871 | hop2: 0.0135
[multifield_het_naive_seed4042_field4_seed51_dual] step 160/390 trained 36/36 | hop0: 0.0361 | hop1: 0.0917 | hop2: 0.0151
[multifield_het_naive_seed4042_field4_seed51_dual] step 170/390 trained 36/36 | hop0: 0.0473 | hop1: 0.0961 | hop2: 0.0204
[multifield_het_naive_seed4042_field4_seed51_dual] step 180/390 trained 36/36 | hop0: 0.0466 | hop1: 0.0804 | hop2: 0.0468
[multifield_het_naive_seed4042_field4_seed51_dual] step 190/390 trained 36/36 | hop0: 0.0373 | hop1: 0.0946 | hop2: 0.0481
[multifield_het_naive_seed4042_field4_seed51_dual] step 200/390 trained 36/36 | hop0: 0.0543 | hop1: 0.0666 | hop2: 0.0346
[multifield_het_naive_seed4042_field4_seed51_dual] step 210/390 trained 36/36 | hop0: 0.0597 | hop1: 0.0475 | hop2: 0.0353
[multifield_het_naive_seed4042_field4_seed51_dual] step 220/390 trained 36/36 | hop0: 0.0669 | hop1: 0.0345 | hop2: 0.0520
[multifield_het_naive_seed4042_field4_seed51_dual] step 230/390 trained 36/36 | hop0: 0.0567 | hop1: 0.0374
[multifield_het_naive_seed4042_field4_seed51_dual] step 240/390 trained 36/36 | hop0: 0.0358 | hop1: 0.0605
[multifield_het_naive_seed4042_field4_seed51_dual] step 250/390 trained 36/36 | hop0: 0.0176 | hop1: 0.0556 | hop2: 0.0460
[multifield_het_naive_seed4042_field4_seed51_dual] step 260/390 trained 36/36 | hop0: 0.0256 | hop1: 0.0591 | hop2: 0.0472
[multifield_het_naive_seed4042_field4_seed51_dual] step 270/390 trained 36/36 | hop0: 0.0115 | hop1: 0.0654 | hop2: 0.0327
[multifield_het_naive_seed4042_field4_seed51_dual] step 280/390 trained 36/36 | hop0: 0.0097 | hop1: 0.0528 | hop2: 0.1515
[multifield_het_naive_seed4042_field4_seed51_dual] step 290/390 trained 36/36 | hop0: 0.0098 | hop1: 0.0526 | hop2: 0.1506
[multifield_het_naive_seed4042_field4_seed51_dual] step 300/390 trained 36/36 | hop0: 0.0178 | hop1: 0.0509 | hop2: 0.1821
[multifield_het_naive_seed4042_field4_seed51_dual] step 310/390 trained 36/36 | hop0: 0.0447 | hop1: 0.0462 | hop2: 0.0841
[multifield_het_naive_seed4042_field4_seed51_dual] step 320/390 trained 36/36 | hop0: 0.0212 | hop1: 0.0571 | hop2: 0.0526
[multifield_het_naive_seed4042_field4_seed51_dual] step 330/390 trained 36/36 | hop0: 0.0268 | hop1: 0.0568 | hop2: 0.0395
[multifield_het_naive_seed4042_field4_seed51_dual] step 340/390 trained 36/36 | hop0: 0.0870 | hop1: 0.0415 | hop2: 0.0033
[multifield_het_naive_seed4042_field4_seed51_dual] step 350/390 trained 36/36 | hop0: 0.0986 | hop1: 0.0317 | hop2: 0.0124
[multifield_het_naive_seed4042_field4_seed51_dual] step 360/390 trained 36/36 | hop0: 0.0545 | hop1: 0.0420
[multifield_het_naive_seed4042_field4_seed51_dual] step 370/390 trained 36/36 | hop0: 0.0544 | hop1: 0.0197 | hop2: 0.0408
[multifield_het_naive_seed4042_field4_seed51_dual] step 380/390 trained 36/36 | hop0: 0.0329 | hop1: 0.0388 | hop2: 0.0415
[multifield_het_naive_seed4042_field4_seed51_dual] mean MSE (last 50 steps): 0.0257 | cert-MSE r=-0.366
[multifield_het_naive_seed4042_field4_seed51_dual] per-variant whole-run MSE: narrow=0.0365, baseline=0.0339, wide=0.0732
[multifield_het_naive_seed4042_field4_seed51_dual] saved runs\chapter5_v2\s5_6_multifield_rg\naive\het\naive_seed4042_field4_seed51_dual\figures\results.png

### naive_seed4042_field4_seed51_dual: whole_run=0.03734 last50=0.02566 r(new)=-0.4094+/-0.0776
    variant_mse: {'narrow': {'whole_run': 0.03654333242050149, 'last50': 0.040986847083185646}, 'baseline': {'whole_run': 0.0338560498527676, 'last50': 0.036278326394196016}, 'wide': {'whole_run': 0.07315636588764071, 'last50': 0.03922902542545884}}

>>> [26/55] mf:certainty seed 42  (elapsed 174.8 min)
[certainty_seed42_field0_original] field=field0_original homogeneous=False field_range=[-63.5,+88.8]
[multifield_het_certainty_seed42_field0_original] nodes=36 coverage max=9 mode=certainty steps=390
[multifield_het_certainty_seed42_field0_original] step 000/390 trained 36/36 | hop0: 0.0185 | hop1: 0.0304
[multifield_het_certainty_seed42_field0_original] step 010/390 trained 36/36 | hop0: 0.0064 | hop1: 0.0191
[multifield_het_certainty_seed42_field0_original] step 020/390 trained 36/36 | hop0: 0.0147 | hop1: 0.0120 | hop2: 0.0254
[multifield_het_certainty_seed42_field0_original] step 030/390 trained 36/36 | hop0: 0.0048 | hop1: 0.0128 | hop2: 0.0270
[multifield_het_certainty_seed42_field0_original] step 040/390 trained 36/36 | hop0: 0.0076 | hop1: 0.0155 | hop2: 0.0239
[multifield_het_certainty_seed42_field0_original] step 050/390 trained 36/36 | hop0: 0.0075 | hop1: 0.0093 | hop2: 0.0165
[multifield_het_certainty_seed42_field0_original] step 060/390 trained 36/36 | hop0: 0.0077 | hop1: 0.0108 | hop2: 0.0359
[multifield_het_certainty_seed42_field0_original] step 070/390 trained 36/36 | hop0: 0.0034 | hop1: 0.0159 | hop2: 0.0470
[multifield_het_certainty_seed42_field0_original] step 080/390 trained 36/36 | hop0: 0.0024 | hop1: 0.0170 | hop2: 0.0581
[multifield_het_certainty_seed42_field0_original] step 090/390 trained 36/36 | hop0: 0.0122 | hop1: 0.0155
[multifield_het_certainty_seed42_field0_original] step 100/390 trained 36/36 | hop0: 0.0104 | hop1: 0.0129 | hop2: 0.0075
[multifield_het_certainty_seed42_field0_original] step 110/390 trained 36/36 | hop0: 0.0073 | hop1: 0.0150 | hop2: 0.0093
[multifield_het_certainty_seed42_field0_original] step 120/390 trained 36/36 | hop0: 0.0130 | hop1: 0.0219 | hop2: 0.0128
[multifield_het_certainty_seed42_field0_original] step 130/390 trained 36/36 | hop0: 0.0128 | hop1: 0.0315 | hop2: 0.0135
[multifield_het_certainty_seed42_field0_original] step 140/390 trained 36/36 | hop0: 0.0061 | hop1: 0.0293 | hop2: 0.0228
[multifield_het_certainty_seed42_field0_original] step 150/390 trained 36/36 | hop0: 0.0141 | hop1: 0.0201 | hop2: 0.0337
[multifield_het_certainty_seed42_field0_original] step 160/390 trained 36/36 | hop0: 0.0081 | hop1: 0.0204 | hop2: 0.0251
[multifield_het_certainty_seed42_field0_original] step 170/390 trained 36/36 | hop0: 0.0154 | hop1: 0.0181 | hop2: 0.0144
[multifield_het_certainty_seed42_field0_original] step 180/390 trained 36/36 | hop0: 0.0085 | hop1: 0.0209 | hop2: 0.0281
[multifield_het_certainty_seed42_field0_original] step 190/390 trained 36/36 | hop0: 0.0091 | hop1: 0.0224 | hop2: 0.0192
[multifield_het_certainty_seed42_field0_original] step 200/390 trained 36/36 | hop0: 0.0076 | hop1: 0.0279 | hop2: 0.0247
[multifield_het_certainty_seed42_field0_original] step 210/390 trained 36/36 | hop0: 0.0070 | hop1: 0.0242 | hop2: 0.0267
[multifield_het_certainty_seed42_field0_original] step 220/390 trained 36/36 | hop0: 0.0189 | hop1: 0.0231
[multifield_het_certainty_seed42_field0_original] step 230/390 trained 36/36 | hop0: 0.0129 | hop1: 0.0258 | hop2: 0.0544
[multifield_het_certainty_seed42_field0_original] step 240/390 trained 36/36 | hop0: 0.0226 | hop1: 0.0264 | hop2: 0.0359
[multifield_het_certainty_seed42_field0_original] step 250/390 trained 36/36 | hop0: 0.0231 | hop1: 0.0271 | hop2: 0.0163
[multifield_het_certainty_seed42_field0_original] step 260/390 trained 36/36 | hop0: 0.0250 | hop1: 0.0243
[multifield_het_certainty_seed42_field0_original] step 270/390 trained 36/36 | hop0: 0.0207 | hop1: 0.0224 | hop2: 0.0034
[multifield_het_certainty_seed42_field0_original] step 280/390 trained 36/36 | hop0: 0.0213 | hop1: 0.0283
[multifield_het_certainty_seed42_field0_original] step 290/390 trained 36/36 | hop0: 0.0269 | hop1: 0.0313 | hop2: 0.0071
[multifield_het_certainty_seed42_field0_original] step 300/390 trained 36/36 | hop0: 0.0345 | hop1: 0.0278 | hop2: 0.0080
[multifield_het_certainty_seed42_field0_original] step 310/390 trained 36/36 | hop0: 0.0249 | hop1: 0.0223 | hop2: 0.0088
[multifield_het_certainty_seed42_field0_original] step 320/390 trained 36/36 | hop0: 0.0215 | hop1: 0.0387 | hop2: 0.0040
[multifield_het_certainty_seed42_field0_original] step 330/390 trained 36/36 | hop0: 0.0180 | hop1: 0.0476 | hop2: 0.0043
[multifield_het_certainty_seed42_field0_original] step 340/390 trained 36/36 | hop0: 0.0212 | hop1: 0.0435
[multifield_het_certainty_seed42_field0_original] step 350/390 trained 36/36 | hop0: 0.0260 | hop1: 0.0474 | hop2: 0.0091
[multifield_het_certainty_seed42_field0_original] step 360/390 trained 36/36 | hop0: 0.0353 | hop1: 0.0319 | hop2: 0.0358
[multifield_het_certainty_seed42_field0_original] step 370/390 trained 36/36 | hop0: 0.0056 | hop1: 0.0444 | hop2: 0.0350
[multifield_het_certainty_seed42_field0_original] step 380/390 trained 36/36 | hop0: 0.0298 | hop1: 0.0364 | hop2: 0.0399
[multifield_het_certainty_seed42_field0_original] mean MSE (last 50 steps): 0.0256 | cert-MSE r=-0.733
[multifield_het_certainty_seed42_field0_original] per-variant whole-run MSE: wide=0.0193, baseline=0.0296, narrow=0.0181
[multifield_het_certainty_seed42_field0_original] saved runs\chapter5_v2\s5_6_multifield_rg\certainty\het\certainty_seed42_field0_original\figures\results.png

### certainty_seed42_field0_original: whole_run=0.01453 last50=0.02556 r(new)=-0.5975+/-0.0643
    variant_mse: {'wide': {'whole_run': 0.019311598065610815, 'last50': 0.03707573159486972}, 'baseline': {'whole_run': 0.02964702225915123, 'last50': 0.04011280064374276}, 'narrow': {'whole_run': 0.018098037912629365, 'last50': 0.021699225024509116}}

>>> [27/55] mf:certainty seed 1042  (elapsed 182.3 min)
[certainty_seed1042_field1_seed11] field=field1_seed11 homogeneous=False field_range=[-84.7,+86.2]
[multifield_het_certainty_seed1042_field1_seed11] nodes=36 coverage max=9 mode=certainty steps=390
[multifield_het_certainty_seed1042_field1_seed11] step 000/390 trained 36/36 | hop0: 0.0259 | hop1: 0.0278
[multifield_het_certainty_seed1042_field1_seed11] step 010/390 trained 36/36 | hop0: 0.0175 | hop1: 0.0159 | hop2: 0.0818
[multifield_het_certainty_seed1042_field1_seed11] step 020/390 trained 36/36 | hop0: 0.0081 | hop1: 0.0148
[multifield_het_certainty_seed1042_field1_seed11] step 030/390 trained 36/36 | hop0: 0.0095 | hop1: 0.0104 | hop2: 0.0364
[multifield_het_certainty_seed1042_field1_seed11] step 040/390 trained 36/36 | hop0: 0.0206 | hop1: 0.0187 | hop2: 0.0448
[multifield_het_certainty_seed1042_field1_seed11] step 050/390 trained 36/36 | hop0: 0.0272 | hop1: 0.0195 | hop2: 0.0292
[multifield_het_certainty_seed1042_field1_seed11] step 060/390 trained 36/36 | hop0: 0.0237 | hop1: 0.0187 | hop2: 0.0229
[multifield_het_certainty_seed1042_field1_seed11] step 070/390 trained 36/36 | hop0: 0.0099 | hop1: 0.0159 | hop2: 0.0152
[multifield_het_certainty_seed1042_field1_seed11] step 080/390 trained 36/36 | hop0: 0.0107 | hop1: 0.0135 | hop2: 0.0177
[multifield_het_certainty_seed1042_field1_seed11] step 090/390 trained 36/36 | hop0: 0.0135 | hop1: 0.0136 | hop2: 0.0183
[multifield_het_certainty_seed1042_field1_seed11] step 100/390 trained 36/36 | hop0: 0.0176 | hop1: 0.0239
[multifield_het_certainty_seed1042_field1_seed11] step 110/390 trained 36/36 | hop0: 0.0181 | hop1: 0.0281 | hop2: 0.0166
[multifield_het_certainty_seed1042_field1_seed11] step 120/390 trained 36/36 | hop0: 0.0140 | hop1: 0.0266 | hop2: 0.0090
[multifield_het_certainty_seed1042_field1_seed11] step 130/390 trained 36/36 | hop0: 0.0190 | hop1: 0.0149 | hop2: 0.0143
[multifield_het_certainty_seed1042_field1_seed11] step 140/390 trained 36/36 | hop0: 0.0159 | hop1: 0.0144 | hop2: 0.0164
[multifield_het_certainty_seed1042_field1_seed11] step 150/390 trained 36/36 | hop0: 0.0180 | hop1: 0.0191 | hop2: 0.0126
[multifield_het_certainty_seed1042_field1_seed11] step 160/390 trained 36/36 | hop0: 0.0197 | hop1: 0.0203 | hop2: 0.0169
[multifield_het_certainty_seed1042_field1_seed11] step 170/390 trained 36/36 | hop0: 0.0195 | hop1: 0.0181 | hop2: 0.0514
[multifield_het_certainty_seed1042_field1_seed11] step 180/390 trained 36/36 | hop0: 0.0125 | hop1: 0.0238 | hop2: 0.0552
[multifield_het_certainty_seed1042_field1_seed11] step 190/390 trained 36/36 | hop0: 0.0126 | hop1: 0.0384
[multifield_het_certainty_seed1042_field1_seed11] step 200/390 trained 36/36 | hop0: 0.0055 | hop1: 0.0506 | hop2: 0.1164
[multifield_het_certainty_seed1042_field1_seed11] step 210/390 trained 36/36 | hop0: 0.0263 | hop1: 0.0719
[multifield_het_certainty_seed1042_field1_seed11] step 220/390 trained 36/36 | hop0: 0.0839 | hop1: 0.0509 | hop2: 0.0795
[multifield_het_certainty_seed1042_field1_seed11] step 230/390 trained 36/36 | hop0: 0.1063 | hop1: 0.0321 | hop2: 0.0404
[multifield_het_certainty_seed1042_field1_seed11] step 240/390 trained 36/36 | hop0: 0.0576 | hop1: 0.0405 | hop2: 0.0328
[multifield_het_certainty_seed1042_field1_seed11] step 250/390 trained 36/36 | hop0: 0.0247 | hop1: 0.0327 | hop2: 0.0869
[multifield_het_certainty_seed1042_field1_seed11] step 260/390 trained 36/36 | hop0: 0.0244 | hop1: 0.0440 | hop2: 0.0988
[multifield_het_certainty_seed1042_field1_seed11] step 270/390 trained 36/36 | hop0: 0.0325 | hop1: 0.0451
[multifield_het_certainty_seed1042_field1_seed11] step 280/390 trained 36/36 | hop0: 0.0205 | hop1: 0.0442
[multifield_het_certainty_seed1042_field1_seed11] step 290/390 trained 36/36 | hop0: 0.0168 | hop1: 0.0432
[multifield_het_certainty_seed1042_field1_seed11] step 300/390 trained 36/36 | hop0: 0.0100 | hop1: 0.0330 | hop2: 0.0819
[multifield_het_certainty_seed1042_field1_seed11] step 310/390 trained 36/36 | hop0: 0.0082 | hop1: 0.0349 | hop2: 0.1543
[multifield_het_certainty_seed1042_field1_seed11] step 320/390 trained 36/36 | hop0: 0.0225 | hop1: 0.0573 | hop2: 0.3740
[multifield_het_certainty_seed1042_field1_seed11] step 330/390 trained 36/36 | hop0: 0.0351 | hop1: 0.0338 | hop2: 0.2085
[multifield_het_certainty_seed1042_field1_seed11] step 340/390 trained 36/36 | hop0: 0.0281 | hop1: 0.0251 | hop2: 0.0678
[multifield_het_certainty_seed1042_field1_seed11] step 350/390 trained 36/36 | hop0: 0.0161 | hop1: 0.0227 | hop2: 0.0855
[multifield_het_certainty_seed1042_field1_seed11] step 360/390 trained 36/36 | hop0: 0.0175 | hop1: 0.0241 | hop2: 0.0803
[multifield_het_certainty_seed1042_field1_seed11] step 370/390 trained 36/36 | hop0: 0.0194 | hop1: 0.0412 | hop2: 0.1634
[multifield_het_certainty_seed1042_field1_seed11] step 380/390 trained 36/36 | hop0: 0.0453 | hop1: 0.0464 | hop2: 0.1822
[multifield_het_certainty_seed1042_field1_seed11] mean MSE (last 50 steps): 0.0323 | cert-MSE r=-0.513
[multifield_het_certainty_seed1042_field1_seed11] per-variant whole-run MSE: narrow=0.0335, baseline=0.0251, wide=0.0370
[multifield_het_certainty_seed1042_field1_seed11] saved runs\chapter5_v2\s5_6_multifield_rg\certainty\het\certainty_seed1042_field1_seed11\figures\results.png

### certainty_seed1042_field1_seed11: whole_run=0.02409 last50=0.03234 r(new)=-0.5216+/-0.0637
    variant_mse: {'narrow': {'whole_run': 0.0334731780699433, 'last50': 0.05174682726603397}, 'baseline': {'whole_run': 0.02508475642351402, 'last50': 0.03710540479436589}, 'wide': {'whole_run': 0.03697329373611448, 'last50': 0.08020697292486478}}

>>> [28/55] mf:certainty seed 2042  (elapsed 189.8 min)
[certainty_seed2042_field2_seed23] field=field2_seed23 homogeneous=False field_range=[-99.3,+60.0]
[multifield_het_certainty_seed2042_field2_seed23] nodes=36 coverage max=9 mode=certainty steps=390
[multifield_het_certainty_seed2042_field2_seed23] step 000/390 trained 36/36 | hop0: 0.0122 | hop1: 0.0202 | hop2: 0.0560
[multifield_het_certainty_seed2042_field2_seed23] step 010/390 trained 36/36 | hop0: 0.0129 | hop1: 0.0364 | hop2: 0.0728
[multifield_het_certainty_seed2042_field2_seed23] step 020/390 trained 36/36 | hop0: 0.0081 | hop1: 0.0333 | hop2: 0.1103
[multifield_het_certainty_seed2042_field2_seed23] step 030/390 trained 36/36 | hop0: 0.0099 | hop1: 0.0682 | hop2: 0.1248
[multifield_het_certainty_seed2042_field2_seed23] step 040/390 trained 36/36 | hop0: 0.0094 | hop1: 0.0683 | hop2: 0.0831
[multifield_het_certainty_seed2042_field2_seed23] step 050/390 trained 36/36 | hop0: 0.0043 | hop1: 0.0383 | hop2: 0.0757 | hop3: 0.0548
[multifield_het_certainty_seed2042_field2_seed23] step 060/390 trained 36/36 | hop0: 0.0219 | hop1: 0.0246 | hop2: 0.0802
[multifield_het_certainty_seed2042_field2_seed23] step 070/390 trained 36/36 | hop0: 0.0110 | hop1: 0.0188 | hop2: 0.0581
[multifield_het_certainty_seed2042_field2_seed23] step 080/390 trained 36/36 | hop0: 0.0070 | hop1: 0.0191 | hop2: 0.0484
[multifield_het_certainty_seed2042_field2_seed23] step 090/390 trained 36/36 | hop0: 0.0108 | hop1: 0.0161 | hop2: 0.0462
[multifield_het_certainty_seed2042_field2_seed23] step 100/390 trained 36/36 | hop0: 0.0120 | hop1: 0.0141 | hop2: 0.0385
[multifield_het_certainty_seed2042_field2_seed23] step 110/390 trained 36/36 | hop0: 0.0081 | hop1: 0.0298 | hop2: 0.0349
[multifield_het_certainty_seed2042_field2_seed23] step 120/390 trained 36/36 | hop0: 0.0107 | hop1: 0.0407
[multifield_het_certainty_seed2042_field2_seed23] step 130/390 trained 36/36 | hop0: 0.0073 | hop1: 0.0391 | hop2: 0.0471
[multifield_het_certainty_seed2042_field2_seed23] step 140/390 trained 36/36 | hop0: 0.0167 | hop1: 0.0451 | hop2: 0.0518
[multifield_het_certainty_seed2042_field2_seed23] step 150/390 trained 36/36 | hop0: 0.0134 | hop1: 0.0258 | hop2: 0.0661
[multifield_het_certainty_seed2042_field2_seed23] step 160/390 trained 36/36 | hop0: 0.0154 | hop1: 0.0365 | hop2: 0.0366
[multifield_het_certainty_seed2042_field2_seed23] step 170/390 trained 36/36 | hop0: 0.0087 | hop1: 0.0364 | hop2: 0.0362
[multifield_het_certainty_seed2042_field2_seed23] step 180/390 trained 36/36 | hop0: 0.0163 | hop1: 0.0449 | hop2: 0.0872
[multifield_het_certainty_seed2042_field2_seed23] step 190/390 trained 36/36 | hop0: 0.0130 | hop1: 0.0528 | hop2: 0.0552
[multifield_het_certainty_seed2042_field2_seed23] step 200/390 trained 36/36 | hop0: 0.0116 | hop1: 0.0448
[multifield_het_certainty_seed2042_field2_seed23] step 210/390 trained 36/36 | hop0: 0.0215 | hop1: 0.0335
[multifield_het_certainty_seed2042_field2_seed23] step 220/390 trained 36/36 | hop0: 0.0063 | hop1: 0.0472 | hop2: 0.0385
[multifield_het_certainty_seed2042_field2_seed23] step 230/390 trained 36/36 | hop0: 0.0078 | hop1: 0.0368 | hop2: 0.0433
[multifield_het_certainty_seed2042_field2_seed23] step 240/390 trained 36/36 | hop0: 0.0097 | hop1: 0.0460 | hop2: 0.1087
[multifield_het_certainty_seed2042_field2_seed23] step 250/390 trained 36/36 | hop0: 0.0091 | hop1: 0.0278 | hop2: 0.1088
[multifield_het_certainty_seed2042_field2_seed23] step 260/390 trained 36/36 | hop0: 0.0136 | hop1: 0.0316 | hop2: 0.0894
[multifield_het_certainty_seed2042_field2_seed23] step 270/390 trained 36/36 | hop0: 0.0038 | hop1: 0.0234 | hop2: 0.0869 | hop3: 0.0570
[multifield_het_certainty_seed2042_field2_seed23] step 280/390 trained 36/36 | hop0: 0.0064 | hop1: 0.0339 | hop2: 0.0937
[multifield_het_certainty_seed2042_field2_seed23] step 290/390 trained 36/36 | hop0: 0.0040 | hop1: 0.0391 | hop2: 0.0711
[multifield_het_certainty_seed2042_field2_seed23] step 300/390 trained 36/36 | hop0: 0.0035 | hop1: 0.0211 | hop2: 0.0701 | hop3: 0.0741
[multifield_het_certainty_seed2042_field2_seed23] step 310/390 trained 36/36 | hop0: 0.0116 | hop1: 0.0267 | hop2: 0.0853 | hop3: 0.0745
[multifield_het_certainty_seed2042_field2_seed23] step 320/390 trained 36/36 | hop0: 0.0126 | hop1: 0.0260 | hop2: 0.0589
[multifield_het_certainty_seed2042_field2_seed23] step 330/390 trained 36/36 | hop0: 0.0052 | hop1: 0.0245 | hop2: 0.0957 | hop3: 0.0866
[multifield_het_certainty_seed2042_field2_seed23] step 340/390 trained 36/36 | hop0: 0.0055 | hop1: 0.0331 | hop2: 0.0966 | hop3: 0.0593
[multifield_het_certainty_seed2042_field2_seed23] step 350/390 trained 36/36 | hop0: 0.0168 | hop1: 0.0253 | hop2: 0.0963 | hop3: 0.1036
[multifield_het_certainty_seed2042_field2_seed23] step 360/390 trained 36/36 | hop0: 0.0133 | hop1: 0.0457 | hop2: 0.1310
[multifield_het_certainty_seed2042_field2_seed23] step 370/390 trained 36/36 | hop0: 0.0224 | hop1: 0.0510 | hop2: 0.1008
[multifield_het_certainty_seed2042_field2_seed23] step 380/390 trained 36/36 | hop0: 0.0214 | hop1: 0.0480 | hop2: 0.0810
[multifield_het_certainty_seed2042_field2_seed23] mean MSE (last 50 steps): 0.0308 | cert-MSE r=-0.726
[multifield_het_certainty_seed2042_field2_seed23] per-variant whole-run MSE: narrow=0.0269, baseline=0.0440, wide=0.0406
[multifield_het_certainty_seed2042_field2_seed23] saved runs\chapter5_v2\s5_6_multifield_rg\certainty\het\certainty_seed2042_field2_seed23\figures\results.png

### certainty_seed2042_field2_seed23: whole_run=0.02781 last50=0.03076 r(new)=-0.6508+/-0.0591
    variant_mse: {'narrow': {'whole_run': 0.02690758547893852, 'last50': 0.039937750605730585}, 'baseline': {'whole_run': 0.044033794631133764, 'last50': 0.05473928329235011}, 'wide': {'whole_run': 0.04057921228289925, 'last50': 0.0496283797295535}}

>>> [29/55] mf:certainty seed 3042  (elapsed 197.2 min)
[certainty_seed3042_field3_seed37] field=field3_seed37 homogeneous=False field_range=[-97.4,+55.8]
[multifield_het_certainty_seed3042_field3_seed37] nodes=36 coverage max=9 mode=certainty steps=390
[multifield_het_certainty_seed3042_field3_seed37] step 000/390 trained 36/36 | hop0: 0.0193 | hop1: 0.0270 | hop2: 0.0217
[multifield_het_certainty_seed3042_field3_seed37] step 010/390 trained 36/36 | hop0: 0.0126 | hop1: 0.0223
[multifield_het_certainty_seed3042_field3_seed37] step 020/390 trained 36/36 | hop0: 0.0063 | hop1: 0.0152
[multifield_het_certainty_seed3042_field3_seed37] step 030/390 trained 36/36 | hop0: 0.0078 | hop1: 0.0128
[multifield_het_certainty_seed3042_field3_seed37] step 040/390 trained 36/36 | hop0: 0.0115 | hop1: 0.0133
[multifield_het_certainty_seed3042_field3_seed37] step 050/390 trained 36/36 | hop0: 0.0188 | hop1: 0.0146 | hop2: 0.0070
[multifield_het_certainty_seed3042_field3_seed37] step 060/390 trained 36/36 | hop0: 0.0172 | hop1: 0.0153 | hop2: 0.0108
[multifield_het_certainty_seed3042_field3_seed37] step 070/390 trained 36/36 | hop0: 0.0063 | hop1: 0.0153 | hop2: 0.0382
[multifield_het_certainty_seed3042_field3_seed37] step 080/390 trained 36/36 | hop0: 0.0020 | hop1: 0.0149 | hop2: 0.0468
[multifield_het_certainty_seed3042_field3_seed37] step 090/390 trained 36/36 | hop0: 0.0112 | hop1: 0.0184 | hop2: 0.0642 | hop3: 0.0546
[multifield_het_certainty_seed3042_field3_seed37] step 100/390 trained 36/36 | hop0: 0.0102 | hop1: 0.0265 | hop2: 0.0659
[multifield_het_certainty_seed3042_field3_seed37] step 110/390 trained 36/36 | hop0: 0.0261 | hop1: 0.0362 | hop2: 0.0832
[multifield_het_certainty_seed3042_field3_seed37] step 120/390 trained 36/36 | hop0: 0.0190 | hop1: 0.0386 | hop2: 0.0408
[multifield_het_certainty_seed3042_field3_seed37] step 130/390 trained 36/36 | hop0: 0.0148 | hop1: 0.0303 | hop2: 0.0610
[multifield_het_certainty_seed3042_field3_seed37] step 140/390 trained 36/36 | hop0: 0.0241 | hop1: 0.0244 | hop2: 0.0288
[multifield_het_certainty_seed3042_field3_seed37] step 150/390 trained 36/36 | hop0: 0.0205 | hop1: 0.0254 | hop2: 0.0369
[multifield_het_certainty_seed3042_field3_seed37] step 160/390 trained 36/36 | hop0: 0.0332 | hop1: 0.0255 | hop2: 0.0360
[multifield_het_certainty_seed3042_field3_seed37] step 170/390 trained 36/36 | hop0: 0.0331 | hop1: 0.0147 | hop2: 0.0360
[multifield_het_certainty_seed3042_field3_seed37] step 180/390 trained 36/36 | hop0: 0.0128 | hop1: 0.0197
[multifield_het_certainty_seed3042_field3_seed37] step 190/390 trained 36/36 | hop0: 0.0127 | hop1: 0.0196
[multifield_het_certainty_seed3042_field3_seed37] step 200/390 trained 36/36 | hop0: 0.0113 | hop1: 0.0242
[multifield_het_certainty_seed3042_field3_seed37] step 210/390 trained 36/36 | hop0: 0.0189 | hop1: 0.0270 | hop2: 0.1105
[multifield_het_certainty_seed3042_field3_seed37] step 220/390 trained 36/36 | hop0: 0.0122 | hop1: 0.0226 | hop2: 0.1139
[multifield_het_certainty_seed3042_field3_seed37] step 230/390 trained 36/36 | hop0: 0.0069 | hop1: 0.0200 | hop2: 0.1083
[multifield_het_certainty_seed3042_field3_seed37] step 240/390 trained 36/36 | hop0: 0.0118 | hop1: 0.0221 | hop2: 0.0217
[multifield_het_certainty_seed3042_field3_seed37] step 250/390 trained 36/36 | hop0: 0.0096 | hop1: 0.0120 | hop2: 0.0174
[multifield_het_certainty_seed3042_field3_seed37] step 260/390 trained 36/36 | hop0: 0.0118 | hop1: 0.0141 | hop2: 0.0273
[multifield_het_certainty_seed3042_field3_seed37] step 270/390 trained 36/36 | hop0: 0.0102 | hop1: 0.0190 | hop2: 0.0355
[multifield_het_certainty_seed3042_field3_seed37] step 280/390 trained 36/36 | hop0: 0.0069 | hop1: 0.0144 | hop2: 0.0336
[multifield_het_certainty_seed3042_field3_seed37] step 290/390 trained 36/36 | hop0: 0.0120 | hop1: 0.0161
[multifield_het_certainty_seed3042_field3_seed37] step 300/390 trained 36/36 | hop0: 0.0096 | hop1: 0.0165 | hop2: 0.0203
[multifield_het_certainty_seed3042_field3_seed37] step 310/390 trained 36/36 | hop0: 0.0175 | hop1: 0.0244 | hop2: 0.0624
[multifield_het_certainty_seed3042_field3_seed37] step 320/390 trained 36/36 | hop0: 0.0121 | hop1: 0.0293 | hop2: 0.1159
[multifield_het_certainty_seed3042_field3_seed37] step 330/390 trained 36/36 | hop0: 0.0264 | hop1: 0.0375
[multifield_het_certainty_seed3042_field3_seed37] step 340/390 trained 36/36 | hop0: 0.0146 | hop1: 0.0369
[multifield_het_certainty_seed3042_field3_seed37] step 350/390 trained 36/36 | hop0: 0.0169 | hop1: 0.0210 | hop2: 0.0137
[multifield_het_certainty_seed3042_field3_seed37] step 360/390 trained 36/36 | hop0: 0.0099 | hop1: 0.0130 | hop2: 0.0125
[multifield_het_certainty_seed3042_field3_seed37] step 370/390 trained 36/36 | hop0: 0.0225 | hop1: 0.0104
[multifield_het_certainty_seed3042_field3_seed37] step 380/390 trained 36/36 | hop0: 0.0229 | hop1: 0.0164 | hop2: 0.0182
[multifield_het_certainty_seed3042_field3_seed37] mean MSE (last 50 steps): 0.0134 | cert-MSE r=-0.288
[multifield_het_certainty_seed3042_field3_seed37] per-variant whole-run MSE: wide=0.0201, baseline=0.0184, narrow=0.0246
[multifield_het_certainty_seed3042_field3_seed37] saved runs\chapter5_v2\s5_6_multifield_rg\certainty\het\certainty_seed3042_field3_seed37\figures\results.png

### certainty_seed3042_field3_seed37: whole_run=0.01716 last50=0.01338 r(new)=-0.1782+/-0.1270
    variant_mse: {'wide': {'whole_run': 0.02014411915755911, 'last50': 0.019427242363733006}, 'baseline': {'whole_run': 0.01836540464886777, 'last50': 0.020729222661930887}, 'narrow': {'whole_run': 0.02461153788662272, 'last50': 0.023518891392681786}}

>>> [30/55] mf:certainty seed 4042  (elapsed 204.6 min)
[certainty_seed4042_field4_seed51_dual] field=field4_seed51_dual homogeneous=False field_range=[-99.0,+117.6]
[multifield_het_certainty_seed4042_field4_seed51_dual] nodes=36 coverage max=9 mode=certainty steps=390
[multifield_het_certainty_seed4042_field4_seed51_dual] step 000/390 trained 36/36 | hop0: 0.0151 | hop1: 0.0191 | hop2: 0.0212
[multifield_het_certainty_seed4042_field4_seed51_dual] step 010/390 trained 36/36 | hop0: 0.0175 | hop1: 0.0258
[multifield_het_certainty_seed4042_field4_seed51_dual] step 020/390 trained 36/36 | hop0: 0.0223 | hop1: 0.0243 | hop2: 0.0443
[multifield_het_certainty_seed4042_field4_seed51_dual] step 030/390 trained 36/36 | hop0: 0.0132 | hop1: 0.0230 | hop2: 0.0502
[multifield_het_certainty_seed4042_field4_seed51_dual] step 040/390 trained 36/36 | hop0: 0.0107 | hop1: 0.0278 | hop2: 0.0544
[multifield_het_certainty_seed4042_field4_seed51_dual] step 050/390 trained 36/36 | hop0: 0.0220 | hop1: 0.0341 | hop2: 0.0947
[multifield_het_certainty_seed4042_field4_seed51_dual] step 060/390 trained 36/36 | hop0: 0.0079 | hop1: 0.0276 | hop2: 0.1366
[multifield_het_certainty_seed4042_field4_seed51_dual] step 070/390 trained 36/36 | hop0: 0.0111 | hop1: 0.0360 | hop2: 0.2010
[multifield_het_certainty_seed4042_field4_seed51_dual] step 080/390 trained 36/36 | hop0: 0.0059 | hop1: 0.0415 | hop2: 0.1415
[multifield_het_certainty_seed4042_field4_seed51_dual] step 090/390 trained 36/36 | hop0: 0.0055 | hop1: 0.0221 | hop2: 0.1980 | hop3: 0.2171
[multifield_het_certainty_seed4042_field4_seed51_dual] step 100/390 trained 36/36 | hop0: 0.0049 | hop1: 0.0206 | hop2: 0.1462 | hop3: 0.2051
[multifield_het_certainty_seed4042_field4_seed51_dual] step 110/390 trained 36/36 | hop0: 0.0070 | hop1: 0.0372 | hop2: 0.2447
[multifield_het_certainty_seed4042_field4_seed51_dual] step 120/390 trained 36/36 | hop0: 0.0235 | hop1: 0.0494 | hop2: 0.2207
[multifield_het_certainty_seed4042_field4_seed51_dual] step 130/390 trained 36/36 | hop0: 0.0665 | hop1: 0.0471
[multifield_het_certainty_seed4042_field4_seed51_dual] step 140/390 trained 36/36 | hop0: 0.0584 | hop1: 0.0573 | hop2: 0.0159
[multifield_het_certainty_seed4042_field4_seed51_dual] step 150/390 trained 36/36 | hop0: 0.0490 | hop1: 0.0879 | hop2: 0.0135
[multifield_het_certainty_seed4042_field4_seed51_dual] step 160/390 trained 36/36 | hop0: 0.0356 | hop1: 0.0929 | hop2: 0.0149
[multifield_het_certainty_seed4042_field4_seed51_dual] step 170/390 trained 36/36 | hop0: 0.0460 | hop1: 0.0973 | hop2: 0.0203
[multifield_het_certainty_seed4042_field4_seed51_dual] step 180/390 trained 36/36 | hop0: 0.0455 | hop1: 0.0808 | hop2: 0.0472
[multifield_het_certainty_seed4042_field4_seed51_dual] step 190/390 trained 36/36 | hop0: 0.0371 | hop1: 0.0946 | hop2: 0.0481
[multifield_het_certainty_seed4042_field4_seed51_dual] step 200/390 trained 36/36 | hop0: 0.0546 | hop1: 0.0664 | hop2: 0.0342
[multifield_het_certainty_seed4042_field4_seed51_dual] step 210/390 trained 36/36 | hop0: 0.0596 | hop1: 0.0468 | hop2: 0.0354
[multifield_het_certainty_seed4042_field4_seed51_dual] step 220/390 trained 36/36 | hop0: 0.0658 | hop1: 0.0347 | hop2: 0.0515
[multifield_het_certainty_seed4042_field4_seed51_dual] step 230/390 trained 36/36 | hop0: 0.0562 | hop1: 0.0376
[multifield_het_certainty_seed4042_field4_seed51_dual] step 240/390 trained 36/36 | hop0: 0.0352 | hop1: 0.0611
[multifield_het_certainty_seed4042_field4_seed51_dual] step 250/390 trained 36/36 | hop0: 0.0170 | hop1: 0.0557 | hop2: 0.0470
[multifield_het_certainty_seed4042_field4_seed51_dual] step 260/390 trained 36/36 | hop0: 0.0255 | hop1: 0.0581 | hop2: 0.0516
[multifield_het_certainty_seed4042_field4_seed51_dual] step 270/390 trained 36/36 | hop0: 0.0113 | hop1: 0.0649 | hop2: 0.0360
[multifield_het_certainty_seed4042_field4_seed51_dual] step 280/390 trained 36/36 | hop0: 0.0098 | hop1: 0.0516 | hop2: 0.1483
[multifield_het_certainty_seed4042_field4_seed51_dual] step 290/390 trained 36/36 | hop0: 0.0097 | hop1: 0.0516 | hop2: 0.1454
[multifield_het_certainty_seed4042_field4_seed51_dual] step 300/390 trained 36/36 | hop0: 0.0175 | hop1: 0.0503 | hop2: 0.1732
[multifield_het_certainty_seed4042_field4_seed51_dual] step 310/390 trained 36/36 | hop0: 0.0437 | hop1: 0.0439 | hop2: 0.0813
[multifield_het_certainty_seed4042_field4_seed51_dual] step 320/390 trained 36/36 | hop0: 0.0201 | hop1: 0.0525 | hop2: 0.0530
[multifield_het_certainty_seed4042_field4_seed51_dual] step 330/390 trained 36/36 | hop0: 0.0264 | hop1: 0.0514 | hop2: 0.0449
[multifield_het_certainty_seed4042_field4_seed51_dual] step 340/390 trained 36/36 | hop0: 0.0758 | hop1: 0.0411 | hop2: 0.0031
[multifield_het_certainty_seed4042_field4_seed51_dual] step 350/390 trained 36/36 | hop0: 0.0910 | hop1: 0.0322 | hop2: 0.0108
[multifield_het_certainty_seed4042_field4_seed51_dual] step 360/390 trained 36/36 | hop0: 0.0521 | hop1: 0.0386
[multifield_het_certainty_seed4042_field4_seed51_dual] step 370/390 trained 36/36 | hop0: 0.0482 | hop1: 0.0184 | hop2: 0.0367
[multifield_het_certainty_seed4042_field4_seed51_dual] step 380/390 trained 36/36 | hop0: 0.0390 | hop1: 0.0358 | hop2: 0.0367
[multifield_het_certainty_seed4042_field4_seed51_dual] mean MSE (last 50 steps): 0.0252 | cert-MSE r=-0.386
[multifield_het_certainty_seed4042_field4_seed51_dual] per-variant whole-run MSE: narrow=0.0363, baseline=0.0322, wide=0.0730
[multifield_het_certainty_seed4042_field4_seed51_dual] saved runs\chapter5_v2\s5_6_multifield_rg\certainty\het\certainty_seed4042_field4_seed51_dual\figures\results.png

### certainty_seed4042_field4_seed51_dual: whole_run=0.03712 last50=0.02515 r(new)=-0.3941+/-0.0927
    variant_mse: {'narrow': {'whole_run': 0.036260302799550954, 'last50': 0.03924248713785001}, 'baseline': {'whole_run': 0.03216685146352505, 'last50': 0.028568473735253983}, 'wide': {'whole_run': 0.07301267303211603, 'last50': 0.043905222153748404}}

>>> [31/55] mf:nig_product seed 42  (elapsed 212.1 min)
[nig_product_seed42_field0_original] field=field0_original homogeneous=False field_range=[-63.5,+88.8]
[multifield_het_nig_product_seed42_field0_original] nodes=36 coverage max=9 mode=nig_product steps=390
[multifield_het_nig_product_seed42_field0_original] step 000/390 trained 36/36 | hop0: 0.0185 | hop1: 0.0302
[multifield_het_nig_product_seed42_field0_original] step 010/390 trained 36/36 | hop0: 0.0062 | hop1: 0.0163
[multifield_het_nig_product_seed42_field0_original] step 020/390 trained 36/36 | hop0: 0.0094 | hop1: 0.0101 | hop2: 0.0265
[multifield_het_nig_product_seed42_field0_original] step 030/390 trained 36/36 | hop0: 0.0043 | hop1: 0.0091 | hop2: 0.0287
[multifield_het_nig_product_seed42_field0_original] step 040/390 trained 36/36 | hop0: 0.0064 | hop1: 0.0102 | hop2: 0.0248
[multifield_het_nig_product_seed42_field0_original] step 050/390 trained 36/36 | hop0: 0.0036 | hop1: 0.0064 | hop2: 0.0179
[multifield_het_nig_product_seed42_field0_original] step 060/390 trained 36/36 | hop0: 0.0062 | hop1: 0.0067 | hop2: 0.0385
[multifield_het_nig_product_seed42_field0_original] step 070/390 trained 36/36 | hop0: 0.0026 | hop1: 0.0105 | hop2: 0.0475
[multifield_het_nig_product_seed42_field0_original] step 080/390 trained 36/36 | hop0: 0.0019 | hop1: 0.0127 | hop2: 0.0393
[multifield_het_nig_product_seed42_field0_original] step 090/390 trained 36/36 | hop0: 0.0114 | hop1: 0.0084
[multifield_het_nig_product_seed42_field0_original] step 100/390 trained 36/36 | hop0: 0.0055 | hop1: 0.0082 | hop2: 0.0038
[multifield_het_nig_product_seed42_field0_original] step 110/390 trained 36/36 | hop0: 0.0057 | hop1: 0.0124 | hop2: 0.0111
[multifield_het_nig_product_seed42_field0_original] step 120/390 trained 36/36 | hop0: 0.0120 | hop1: 0.0203 | hop2: 0.0109
[multifield_het_nig_product_seed42_field0_original] step 130/390 trained 36/36 | hop0: 0.0108 | hop1: 0.0347 | hop2: 0.0193
[multifield_het_nig_product_seed42_field0_original] step 140/390 trained 36/36 | hop0: 0.0050 | hop1: 0.0310 | hop2: 0.0273
[multifield_het_nig_product_seed42_field0_original] step 150/390 trained 36/36 | hop0: 0.0115 | hop1: 0.0114 | hop2: 0.0476
[multifield_het_nig_product_seed42_field0_original] step 160/390 trained 36/36 | hop0: 0.0097 | hop1: 0.0093 | hop2: 0.0336
[multifield_het_nig_product_seed42_field0_original] step 170/390 trained 36/36 | hop0: 0.0055 | hop1: 0.0067 | hop2: 0.0193
[multifield_het_nig_product_seed42_field0_original] step 180/390 trained 36/36 | hop0: 0.0076 | hop1: 0.0087 | hop2: 0.0127
[multifield_het_nig_product_seed42_field0_original] step 190/390 trained 36/36 | hop0: 0.0030 | hop1: 0.0094 | hop2: 0.0147
[multifield_het_nig_product_seed42_field0_original] step 200/390 trained 36/36 | hop0: 0.0063 | hop1: 0.0032 | hop2: 0.0109
[multifield_het_nig_product_seed42_field0_original] step 210/390 trained 36/36 | hop0: 0.0059 | hop1: 0.0040 | hop2: 0.0060
[multifield_het_nig_product_seed42_field0_original] step 220/390 trained 36/36 | hop0: 0.0085 | hop1: 0.0052
[multifield_het_nig_product_seed42_field0_original] step 230/390 trained 36/36 | hop0: 0.0070 | hop1: 0.0059 | hop2: 0.0020
[multifield_het_nig_product_seed42_field0_original] step 240/390 trained 36/36 | hop0: 0.0071 | hop1: 0.0071 | hop2: 0.0141
[multifield_het_nig_product_seed42_field0_original] step 250/390 trained 36/36 | hop0: 0.0055 | hop1: 0.0099 | hop2: 0.0178
[multifield_het_nig_product_seed42_field0_original] step 260/390 trained 36/36 | hop0: 0.0133 | hop1: 0.0095
[multifield_het_nig_product_seed42_field0_original] step 270/390 trained 36/36 | hop0: 0.0088 | hop1: 0.0090 | hop2: 0.0058
[multifield_het_nig_product_seed42_field0_original] step 280/390 trained 36/36 | hop0: 0.0103 | hop1: 0.0121
[multifield_het_nig_product_seed42_field0_original] step 290/390 trained 36/36 | hop0: 0.0153 | hop1: 0.0098 | hop2: 0.0141
[multifield_het_nig_product_seed42_field0_original] step 300/390 trained 36/36 | hop0: 0.0180 | hop1: 0.0089 | hop2: 0.0134
[multifield_het_nig_product_seed42_field0_original] step 310/390 trained 36/36 | hop0: 0.0119 | hop1: 0.0089 | hop2: 0.0043
[multifield_het_nig_product_seed42_field0_original] step 320/390 trained 36/36 | hop0: 0.0119 | hop1: 0.0077 | hop2: 0.0038
[multifield_het_nig_product_seed42_field0_original] step 330/390 trained 36/36 | hop0: 0.0094 | hop1: 0.0112 | hop2: 0.0050
[multifield_het_nig_product_seed42_field0_original] step 340/390 trained 36/36 | hop0: 0.0117 | hop1: 0.0066
[multifield_het_nig_product_seed42_field0_original] step 350/390 trained 36/36 | hop0: 0.0188 | hop1: 0.0100 | hop2: 0.0008
[multifield_het_nig_product_seed42_field0_original] step 360/390 trained 36/36 | hop0: 0.0078 | hop1: 0.0134 | hop2: 0.0154
[multifield_het_nig_product_seed42_field0_original] step 370/390 trained 36/36 | hop0: 0.0035 | hop1: 0.0089 | hop2: 0.0186
[multifield_het_nig_product_seed42_field0_original] step 380/390 trained 36/36 | hop0: 0.0077 | hop1: 0.0091 | hop2: 0.0160
[multifield_het_nig_product_seed42_field0_original] mean MSE (last 50 steps): 0.0104 | cert-MSE r=-0.514
[multifield_het_nig_product_seed42_field0_original] per-variant whole-run MSE: wide=0.0092, baseline=0.0086, narrow=0.0158
[multifield_het_nig_product_seed42_field0_original] saved runs\chapter5_v2\s5_6_multifield_rg\nig_product\het\nig_product_seed42_field0_original\figures\results.png

### nig_product_seed42_field0_original: whole_run=0.00964 last50=0.01035 r(new)=-0.4527+/-0.2972
    variant_mse: {'wide': {'whole_run': 0.009231527515350228, 'last50': 0.010774771843560755}, 'baseline': {'whole_run': 0.008640297918968637, 'last50': 0.008151001092254456}, 'narrow': {'whole_run': 0.015844152766815257, 'last50': 0.01928507722698905}}
    nu_cv_mean=0.15120 weight_dev=0.05523 gamma_star_absdiff=0.00532

>>> [32/55] mf:nig_product seed 1042  (elapsed 219.3 min)
[nig_product_seed1042_field1_seed11] field=field1_seed11 homogeneous=False field_range=[-84.7,+86.2]
[multifield_het_nig_product_seed1042_field1_seed11] nodes=36 coverage max=9 mode=nig_product steps=390
[multifield_het_nig_product_seed1042_field1_seed11] step 000/390 trained 36/36 | hop0: 0.0259 | hop1: 0.0280
[multifield_het_nig_product_seed1042_field1_seed11] step 010/390 trained 36/36 | hop0: 0.0182 | hop1: 0.0155 | hop2: 0.0642
[multifield_het_nig_product_seed1042_field1_seed11] step 020/390 trained 36/36 | hop0: 0.0073 | hop1: 0.0148
[multifield_het_nig_product_seed1042_field1_seed11] step 030/390 trained 36/36 | hop0: 0.0081 | hop1: 0.0115 | hop2: 0.0475
[multifield_het_nig_product_seed1042_field1_seed11] step 040/390 trained 36/36 | hop0: 0.0178 | hop1: 0.0192 | hop2: 0.0661
[multifield_het_nig_product_seed1042_field1_seed11] step 050/390 trained 36/36 | hop0: 0.0247 | hop1: 0.0185 | hop2: 0.0324
[multifield_het_nig_product_seed1042_field1_seed11] step 060/390 trained 36/36 | hop0: 0.0210 | hop1: 0.0171 | hop2: 0.0168
[multifield_het_nig_product_seed1042_field1_seed11] step 070/390 trained 36/36 | hop0: 0.0077 | hop1: 0.0144 | hop2: 0.0204
[multifield_het_nig_product_seed1042_field1_seed11] step 080/390 trained 36/36 | hop0: 0.0108 | hop1: 0.0125 | hop2: 0.0216
[multifield_het_nig_product_seed1042_field1_seed11] step 090/390 trained 36/36 | hop0: 0.0131 | hop1: 0.0123 | hop2: 0.0111
[multifield_het_nig_product_seed1042_field1_seed11] step 100/390 trained 36/36 | hop0: 0.0167 | hop1: 0.0202
[multifield_het_nig_product_seed1042_field1_seed11] step 110/390 trained 36/36 | hop0: 0.0176 | hop1: 0.0244 | hop2: 0.0114
[multifield_het_nig_product_seed1042_field1_seed11] step 120/390 trained 36/36 | hop0: 0.0143 | hop1: 0.0240 | hop2: 0.0103
[multifield_het_nig_product_seed1042_field1_seed11] step 130/390 trained 36/36 | hop0: 0.0134 | hop1: 0.0149 | hop2: 0.0158
[multifield_het_nig_product_seed1042_field1_seed11] step 140/390 trained 36/36 | hop0: 0.0115 | hop1: 0.0097 | hop2: 0.0108
[multifield_het_nig_product_seed1042_field1_seed11] step 150/390 trained 36/36 | hop0: 0.0117 | hop1: 0.0131 | hop2: 0.0082
[multifield_het_nig_product_seed1042_field1_seed11] step 160/390 trained 36/36 | hop0: 0.0174 | hop1: 0.0100 | hop2: 0.0161
[multifield_het_nig_product_seed1042_field1_seed11] step 170/390 trained 36/36 | hop0: 0.0169 | hop1: 0.0119 | hop2: 0.0195
[multifield_het_nig_product_seed1042_field1_seed11] step 180/390 trained 36/36 | hop0: 0.0103 | hop1: 0.0155 | hop2: 0.0256
[multifield_het_nig_product_seed1042_field1_seed11] step 190/390 trained 36/36 | hop0: 0.0075 | hop1: 0.0206
[multifield_het_nig_product_seed1042_field1_seed11] step 200/390 trained 36/36 | hop0: 0.0025 | hop1: 0.0305 | hop2: 0.1317
[multifield_het_nig_product_seed1042_field1_seed11] step 210/390 trained 36/36 | hop0: 0.0190 | hop1: 0.0555
[multifield_het_nig_product_seed1042_field1_seed11] step 220/390 trained 36/36 | hop0: 0.0726 | hop1: 0.0335 | hop2: 0.0049
[multifield_het_nig_product_seed1042_field1_seed11] step 230/390 trained 36/36 | hop0: 0.0876 | hop1: 0.0152 | hop2: 0.0046
[multifield_het_nig_product_seed1042_field1_seed11] step 240/390 trained 36/36 | hop0: 0.0450 | hop1: 0.0216 | hop2: 0.0045
[multifield_het_nig_product_seed1042_field1_seed11] step 250/390 trained 36/36 | hop0: 0.0180 | hop1: 0.0214 | hop2: 0.0060
[multifield_het_nig_product_seed1042_field1_seed11] step 260/390 trained 36/36 | hop0: 0.0121 | hop1: 0.0212 | hop2: 0.0013
[multifield_het_nig_product_seed1042_field1_seed11] step 270/390 trained 36/36 | hop0: 0.0114 | hop1: 0.0189
[multifield_het_nig_product_seed1042_field1_seed11] step 280/390 trained 36/36 | hop0: 0.0114 | hop1: 0.0198
[multifield_het_nig_product_seed1042_field1_seed11] step 290/390 trained 36/36 | hop0: 0.0155 | hop1: 0.0179
[multifield_het_nig_product_seed1042_field1_seed11] step 300/390 trained 36/36 | hop0: 0.0047 | hop1: 0.0109 | hop2: 0.0479
[multifield_het_nig_product_seed1042_field1_seed11] step 310/390 trained 36/36 | hop0: 0.0053 | hop1: 0.0140 | hop2: 0.0163
[multifield_het_nig_product_seed1042_field1_seed11] step 320/390 trained 36/36 | hop0: 0.0205 | hop1: 0.0201 | hop2: 0.0098
[multifield_het_nig_product_seed1042_field1_seed11] step 330/390 trained 36/36 | hop0: 0.0290 | hop1: 0.0137 | hop2: 0.0270
[multifield_het_nig_product_seed1042_field1_seed11] step 340/390 trained 36/36 | hop0: 0.0189 | hop1: 0.0129 | hop2: 0.0135
[multifield_het_nig_product_seed1042_field1_seed11] step 350/390 trained 36/36 | hop0: 0.0096 | hop1: 0.0132 | hop2: 0.0162
[multifield_het_nig_product_seed1042_field1_seed11] step 360/390 trained 36/36 | hop0: 0.0149 | hop1: 0.0196 | hop2: 0.0044
[multifield_het_nig_product_seed1042_field1_seed11] step 370/390 trained 36/36 | hop0: 0.0181 | hop1: 0.0398 | hop2: 0.0036
[multifield_het_nig_product_seed1042_field1_seed11] step 380/390 trained 36/36 | hop0: 0.0438 | hop1: 0.0356 | hop2: 0.0064
[multifield_het_nig_product_seed1042_field1_seed11] mean MSE (last 50 steps): 0.0196 | cert-MSE r=0.076
[multifield_het_nig_product_seed1042_field1_seed11] per-variant whole-run MSE: narrow=0.0227, baseline=0.0181, wide=0.0188
[multifield_het_nig_product_seed1042_field1_seed11] saved runs\chapter5_v2\s5_6_multifield_rg\nig_product\het\nig_product_seed1042_field1_seed11\figures\results.png

### nig_product_seed1042_field1_seed11: whole_run=0.01786 last50=0.01956 r(new)=-0.1276+/-0.3169
    variant_mse: {'narrow': {'whole_run': 0.022708598810111953, 'last50': 0.03258530279131991}, 'baseline': {'whole_run': 0.018052194334836028, 'last50': 0.025046112630222984}, 'wide': {'whole_run': 0.018757617902692075, 'last50': 0.0321519594300247}}
    nu_cv_mean=0.17912 weight_dev=0.06510 gamma_star_absdiff=0.00598

>>> [33/55] mf:nig_product seed 2042  (elapsed 226.5 min)
[nig_product_seed2042_field2_seed23] field=field2_seed23 homogeneous=False field_range=[-99.3,+60.0]
[multifield_het_nig_product_seed2042_field2_seed23] nodes=36 coverage max=9 mode=nig_product steps=390
[multifield_het_nig_product_seed2042_field2_seed23] step 000/390 trained 36/36 | hop0: 0.0122 | hop1: 0.0202 | hop2: 0.0582
[multifield_het_nig_product_seed2042_field2_seed23] step 010/390 trained 36/36 | hop0: 0.0126 | hop1: 0.0372 | hop2: 0.0871
[multifield_het_nig_product_seed2042_field2_seed23] step 020/390 trained 36/36 | hop0: 0.0071 | hop1: 0.0329 | hop2: 0.1357
[multifield_het_nig_product_seed2042_field2_seed23] step 030/390 trained 36/36 | hop0: 0.0103 | hop1: 0.0763 | hop2: 0.1576
[multifield_het_nig_product_seed2042_field2_seed23] step 040/390 trained 36/36 | hop0: 0.0088 | hop1: 0.0672 | hop2: 0.1225
[multifield_het_nig_product_seed2042_field2_seed23] step 050/390 trained 36/36 | hop0: 0.0040 | hop1: 0.0284 | hop2: 0.0805 | hop3: 0.1382
[multifield_het_nig_product_seed2042_field2_seed23] step 060/390 trained 36/36 | hop0: 0.0135 | hop1: 0.0113 | hop2: 0.0728
[multifield_het_nig_product_seed2042_field2_seed23] step 070/390 trained 36/36 | hop0: 0.0106 | hop1: 0.0076 | hop2: 0.0307
[multifield_het_nig_product_seed2042_field2_seed23] step 080/390 trained 36/36 | hop0: 0.0067 | hop1: 0.0135 | hop2: 0.0292
[multifield_het_nig_product_seed2042_field2_seed23] step 090/390 trained 36/36 | hop0: 0.0114 | hop1: 0.0128 | hop2: 0.0284
[multifield_het_nig_product_seed2042_field2_seed23] step 100/390 trained 36/36 | hop0: 0.0117 | hop1: 0.0065 | hop2: 0.0238
[multifield_het_nig_product_seed2042_field2_seed23] step 110/390 trained 36/36 | hop0: 0.0062 | hop1: 0.0127 | hop2: 0.0355
[multifield_het_nig_product_seed2042_field2_seed23] step 120/390 trained 36/36 | hop0: 0.0059 | hop1: 0.0223
[multifield_het_nig_product_seed2042_field2_seed23] step 130/390 trained 36/36 | hop0: 0.0047 | hop1: 0.0253 | hop2: 0.0299
[multifield_het_nig_product_seed2042_field2_seed23] step 140/390 trained 36/36 | hop0: 0.0140 | hop1: 0.0217 | hop2: 0.0271
[multifield_het_nig_product_seed2042_field2_seed23] step 150/390 trained 36/36 | hop0: 0.0108 | hop1: 0.0119 | hop2: 0.0301
[multifield_het_nig_product_seed2042_field2_seed23] step 160/390 trained 36/36 | hop0: 0.0112 | hop1: 0.0116 | hop2: 0.0162
[multifield_het_nig_product_seed2042_field2_seed23] step 170/390 trained 36/36 | hop0: 0.0052 | hop1: 0.0137 | hop2: 0.0067
[multifield_het_nig_product_seed2042_field2_seed23] step 180/390 trained 36/36 | hop0: 0.0166 | hop1: 0.0147 | hop2: 0.0170
[multifield_het_nig_product_seed2042_field2_seed23] step 190/390 trained 36/36 | hop0: 0.0130 | hop1: 0.0080 | hop2: 0.0256
[multifield_het_nig_product_seed2042_field2_seed23] step 200/390 trained 36/36 | hop0: 0.0103 | hop1: 0.0127
[multifield_het_nig_product_seed2042_field2_seed23] step 210/390 trained 36/36 | hop0: 0.0077 | hop1: 0.0147
[multifield_het_nig_product_seed2042_field2_seed23] step 220/390 trained 36/36 | hop0: 0.0062 | hop1: 0.0154 | hop2: 0.0315
[multifield_het_nig_product_seed2042_field2_seed23] step 230/390 trained 36/36 | hop0: 0.0073 | hop1: 0.0137 | hop2: 0.0377
[multifield_het_nig_product_seed2042_field2_seed23] step 240/390 trained 36/36 | hop0: 0.0068 | hop1: 0.0239 | hop2: 0.0922
[multifield_het_nig_product_seed2042_field2_seed23] step 250/390 trained 36/36 | hop0: 0.0095 | hop1: 0.0196 | hop2: 0.0863
[multifield_het_nig_product_seed2042_field2_seed23] step 260/390 trained 36/36 | hop0: 0.0140 | hop1: 0.0178 | hop2: 0.0639
[multifield_het_nig_product_seed2042_field2_seed23] step 270/390 trained 36/36 | hop0: 0.0039 | hop1: 0.0165 | hop2: 0.0363 | hop3: 0.0595
[multifield_het_nig_product_seed2042_field2_seed23] step 280/390 trained 36/36 | hop0: 0.0064 | hop1: 0.0142 | hop2: 0.0339
[multifield_het_nig_product_seed2042_field2_seed23] step 290/390 trained 36/36 | hop0: 0.0035 | hop1: 0.0160 | hop2: 0.0294
[multifield_het_nig_product_seed2042_field2_seed23] step 300/390 trained 36/36 | hop0: 0.0029 | hop1: 0.0102 | hop2: 0.0194 | hop3: 0.0340
[multifield_het_nig_product_seed2042_field2_seed23] step 310/390 trained 36/36 | hop0: 0.0103 | hop1: 0.0123 | hop2: 0.0191 | hop3: 0.0363
[multifield_het_nig_product_seed2042_field2_seed23] step 320/390 trained 36/36 | hop0: 0.0124 | hop1: 0.0114 | hop2: 0.0120
[multifield_het_nig_product_seed2042_field2_seed23] step 330/390 trained 36/36 | hop0: 0.0043 | hop1: 0.0114 | hop2: 0.0168 | hop3: 0.0184
[multifield_het_nig_product_seed2042_field2_seed23] step 340/390 trained 36/36 | hop0: 0.0057 | hop1: 0.0141 | hop2: 0.0236 | hop3: 0.0523
[multifield_het_nig_product_seed2042_field2_seed23] step 350/390 trained 36/36 | hop0: 0.0164 | hop1: 0.0107 | hop2: 0.0193 | hop3: 0.0396
[multifield_het_nig_product_seed2042_field2_seed23] step 360/390 trained 36/36 | hop0: 0.0115 | hop1: 0.0096 | hop2: 0.0102
[multifield_het_nig_product_seed2042_field2_seed23] step 370/390 trained 36/36 | hop0: 0.0109 | hop1: 0.0123 | hop2: 0.0181
[multifield_het_nig_product_seed2042_field2_seed23] step 380/390 trained 36/36 | hop0: 0.0022 | hop1: 0.0098 | hop2: 0.0201
[multifield_het_nig_product_seed2042_field2_seed23] mean MSE (last 50 steps): 0.0106 | cert-MSE r=-0.454
[multifield_het_nig_product_seed2042_field2_seed23] per-variant whole-run MSE: narrow=0.0242, baseline=0.0197, wide=0.0174
[multifield_het_nig_product_seed2042_field2_seed23] saved runs\chapter5_v2\s5_6_multifield_rg\nig_product\het\nig_product_seed2042_field2_seed23\figures\results.png

### nig_product_seed2042_field2_seed23: whole_run=0.02018 last50=0.01063 r(new)=-0.5424+/-0.3218
    variant_mse: {'narrow': {'whole_run': 0.024197302949179732, 'last50': 0.018265468808265732}, 'baseline': {'whole_run': 0.019669987249600167, 'last50': 0.0075071964143838535}, 'wide': {'whole_run': 0.017419717135258604, 'last50': 0.005224512418156807}}
    nu_cv_mean=0.14144 weight_dev=0.05163 gamma_star_absdiff=0.00452

>>> [34/55] mf:nig_product seed 3042  (elapsed 233.7 min)
[nig_product_seed3042_field3_seed37] field=field3_seed37 homogeneous=False field_range=[-97.4,+55.8]
[multifield_het_nig_product_seed3042_field3_seed37] nodes=36 coverage max=9 mode=nig_product steps=390
[multifield_het_nig_product_seed3042_field3_seed37] step 000/390 trained 36/36 | hop0: 0.0193 | hop1: 0.0267 | hop2: 0.0211
[multifield_het_nig_product_seed3042_field3_seed37] step 010/390 trained 36/36 | hop0: 0.0123 | hop1: 0.0217
[multifield_het_nig_product_seed3042_field3_seed37] step 020/390 trained 36/36 | hop0: 0.0060 | hop1: 0.0162
[multifield_het_nig_product_seed3042_field3_seed37] step 030/390 trained 36/36 | hop0: 0.0078 | hop1: 0.0127
[multifield_het_nig_product_seed3042_field3_seed37] step 040/390 trained 36/36 | hop0: 0.0099 | hop1: 0.0096
[multifield_het_nig_product_seed3042_field3_seed37] step 050/390 trained 36/36 | hop0: 0.0117 | hop1: 0.0126 | hop2: 0.0062
[multifield_het_nig_product_seed3042_field3_seed37] step 060/390 trained 36/36 | hop0: 0.0093 | hop1: 0.0117 | hop2: 0.0137
[multifield_het_nig_product_seed3042_field3_seed37] step 070/390 trained 36/36 | hop0: 0.0051 | hop1: 0.0112 | hop2: 0.0316
[multifield_het_nig_product_seed3042_field3_seed37] step 080/390 trained 36/36 | hop0: 0.0013 | hop1: 0.0090 | hop2: 0.0391
[multifield_het_nig_product_seed3042_field3_seed37] step 090/390 trained 36/36 | hop0: 0.0076 | hop1: 0.0142 | hop2: 0.0291 | hop3: 0.0519
[multifield_het_nig_product_seed3042_field3_seed37] step 100/390 trained 36/36 | hop0: 0.0071 | hop1: 0.0160 | hop2: 0.0364
[multifield_het_nig_product_seed3042_field3_seed37] step 110/390 trained 36/36 | hop0: 0.0227 | hop1: 0.0222 | hop2: 0.0530
[multifield_het_nig_product_seed3042_field3_seed37] step 120/390 trained 36/36 | hop0: 0.0151 | hop1: 0.0198 | hop2: 0.0188
[multifield_het_nig_product_seed3042_field3_seed37] step 130/390 trained 36/36 | hop0: 0.0101 | hop1: 0.0122 | hop2: 0.0371
[multifield_het_nig_product_seed3042_field3_seed37] step 140/390 trained 36/36 | hop0: 0.0157 | hop1: 0.0116 | hop2: 0.0194
[multifield_het_nig_product_seed3042_field3_seed37] step 150/390 trained 36/36 | hop0: 0.0114 | hop1: 0.0139 | hop2: 0.0097
[multifield_het_nig_product_seed3042_field3_seed37] step 160/390 trained 36/36 | hop0: 0.0186 | hop1: 0.0173 | hop2: 0.0217
[multifield_het_nig_product_seed3042_field3_seed37] step 170/390 trained 36/36 | hop0: 0.0187 | hop1: 0.0094 | hop2: 0.0343
[multifield_het_nig_product_seed3042_field3_seed37] step 180/390 trained 36/36 | hop0: 0.0064 | hop1: 0.0131
[multifield_het_nig_product_seed3042_field3_seed37] step 190/390 trained 36/36 | hop0: 0.0064 | hop1: 0.0133
[multifield_het_nig_product_seed3042_field3_seed37] step 200/390 trained 36/36 | hop0: 0.0068 | hop1: 0.0220
[multifield_het_nig_product_seed3042_field3_seed37] step 210/390 trained 36/36 | hop0: 0.0110 | hop1: 0.0282 | hop2: 0.1203
[multifield_het_nig_product_seed3042_field3_seed37] step 220/390 trained 36/36 | hop0: 0.0067 | hop1: 0.0234 | hop2: 0.1208
[multifield_het_nig_product_seed3042_field3_seed37] step 230/390 trained 36/36 | hop0: 0.0063 | hop1: 0.0206 | hop2: 0.1077
[multifield_het_nig_product_seed3042_field3_seed37] step 240/390 trained 36/36 | hop0: 0.0107 | hop1: 0.0196 | hop2: 0.0189
[multifield_het_nig_product_seed3042_field3_seed37] step 250/390 trained 36/36 | hop0: 0.0081 | hop1: 0.0096 | hop2: 0.0150
[multifield_het_nig_product_seed3042_field3_seed37] step 260/390 trained 36/36 | hop0: 0.0097 | hop1: 0.0121 | hop2: 0.0341
[multifield_het_nig_product_seed3042_field3_seed37] step 270/390 trained 36/36 | hop0: 0.0100 | hop1: 0.0171 | hop2: 0.0386
[multifield_het_nig_product_seed3042_field3_seed37] step 280/390 trained 36/36 | hop0: 0.0053 | hop1: 0.0133 | hop2: 0.0364
[multifield_het_nig_product_seed3042_field3_seed37] step 290/390 trained 36/36 | hop0: 0.0105 | hop1: 0.0161
[multifield_het_nig_product_seed3042_field3_seed37] step 300/390 trained 36/36 | hop0: 0.0096 | hop1: 0.0195 | hop2: 0.0315
[multifield_het_nig_product_seed3042_field3_seed37] step 310/390 trained 36/36 | hop0: 0.0131 | hop1: 0.0240 | hop2: 0.0853
[multifield_het_nig_product_seed3042_field3_seed37] step 320/390 trained 36/36 | hop0: 0.0091 | hop1: 0.0299 | hop2: 0.1420
[multifield_het_nig_product_seed3042_field3_seed37] step 330/390 trained 36/36 | hop0: 0.0218 | hop1: 0.0382
[multifield_het_nig_product_seed3042_field3_seed37] step 340/390 trained 36/36 | hop0: 0.0129 | hop1: 0.0379
[multifield_het_nig_product_seed3042_field3_seed37] step 350/390 trained 36/36 | hop0: 0.0124 | hop1: 0.0170 | hop2: 0.0019
[multifield_het_nig_product_seed3042_field3_seed37] step 360/390 trained 36/36 | hop0: 0.0075 | hop1: 0.0067 | hop2: 0.0081
[multifield_het_nig_product_seed3042_field3_seed37] step 370/390 trained 36/36 | hop0: 0.0096 | hop1: 0.0086
[multifield_het_nig_product_seed3042_field3_seed37] step 380/390 trained 36/36 | hop0: 0.0136 | hop1: 0.0141 | hop2: 0.0210
[multifield_het_nig_product_seed3042_field3_seed37] mean MSE (last 50 steps): 0.0130 | cert-MSE r=-0.109
[multifield_het_nig_product_seed3042_field3_seed37] per-variant whole-run MSE: wide=0.0146, baseline=0.0154, narrow=0.0207
[multifield_het_nig_product_seed3042_field3_seed37] saved runs\chapter5_v2\s5_6_multifield_rg\nig_product\het\nig_product_seed3042_field3_seed37\figures\results.png

### nig_product_seed3042_field3_seed37: whole_run=0.01515 last50=0.01297 r(new)=-0.2428+/-0.3162
    variant_mse: {'wide': {'whole_run': 0.01458273380240821, 'last50': 0.013900576805649023}, 'baseline': {'whole_run': 0.015411157778399057, 'last50': 0.015255389419284806}, 'narrow': {'whole_run': 0.020674152628978305, 'last50': 0.020231271621414484}}
    nu_cv_mean=0.16960 weight_dev=0.06285 gamma_star_absdiff=0.00558

>>> [35/55] mf:nig_product seed 4042  (elapsed 240.8 min)
[nig_product_seed4042_field4_seed51_dual] field=field4_seed51_dual homogeneous=False field_range=[-99.0,+117.6]
[multifield_het_nig_product_seed4042_field4_seed51_dual] nodes=36 coverage max=9 mode=nig_product steps=390
[multifield_het_nig_product_seed4042_field4_seed51_dual] step 000/390 trained 36/36 | hop0: 0.0151 | hop1: 0.0188 | hop2: 0.0210
[multifield_het_nig_product_seed4042_field4_seed51_dual] step 010/390 trained 36/36 | hop0: 0.0171 | hop1: 0.0243
[multifield_het_nig_product_seed4042_field4_seed51_dual] step 020/390 trained 36/36 | hop0: 0.0216 | hop1: 0.0226 | hop2: 0.0222
[multifield_het_nig_product_seed4042_field4_seed51_dual] step 030/390 trained 36/36 | hop0: 0.0129 | hop1: 0.0210 | hop2: 0.0423
[multifield_het_nig_product_seed4042_field4_seed51_dual] step 040/390 trained 36/36 | hop0: 0.0093 | hop1: 0.0231 | hop2: 0.0614
[multifield_het_nig_product_seed4042_field4_seed51_dual] step 050/390 trained 36/36 | hop0: 0.0189 | hop1: 0.0239 | hop2: 0.1047
[multifield_het_nig_product_seed4042_field4_seed51_dual] step 060/390 trained 36/36 | hop0: 0.0073 | hop1: 0.0204 | hop2: 0.0763
[multifield_het_nig_product_seed4042_field4_seed51_dual] step 070/390 trained 36/36 | hop0: 0.0040 | hop1: 0.0346 | hop2: 0.0898
[multifield_het_nig_product_seed4042_field4_seed51_dual] step 080/390 trained 36/36 | hop0: 0.0025 | hop1: 0.0407 | hop2: 0.0824
[multifield_het_nig_product_seed4042_field4_seed51_dual] step 090/390 trained 36/36 | hop0: 0.0041 | hop1: 0.0221 | hop2: 0.1247 | hop3: 0.1189
[multifield_het_nig_product_seed4042_field4_seed51_dual] step 100/390 trained 36/36 | hop0: 0.0034 | hop1: 0.0164 | hop2: 0.0938 | hop3: 0.1449
[multifield_het_nig_product_seed4042_field4_seed51_dual] step 110/390 trained 36/36 | hop0: 0.0034 | hop1: 0.0221 | hop2: 0.1080
[multifield_het_nig_product_seed4042_field4_seed51_dual] step 120/390 trained 36/36 | hop0: 0.0099 | hop1: 0.0249 | hop2: 0.1596
[multifield_het_nig_product_seed4042_field4_seed51_dual] step 130/390 trained 36/36 | hop0: 0.0186 | hop1: 0.0224
[multifield_het_nig_product_seed4042_field4_seed51_dual] step 140/390 trained 36/36 | hop0: 0.0232 | hop1: 0.0236 | hop2: 0.0110
[multifield_het_nig_product_seed4042_field4_seed51_dual] step 150/390 trained 36/36 | hop0: 0.0354 | hop1: 0.0364 | hop2: 0.0081
[multifield_het_nig_product_seed4042_field4_seed51_dual] step 160/390 trained 36/36 | hop0: 0.0368 | hop1: 0.0487 | hop2: 0.0095
[multifield_het_nig_product_seed4042_field4_seed51_dual] step 170/390 trained 36/36 | hop0: 0.0432 | hop1: 0.0567 | hop2: 0.0201
[multifield_het_nig_product_seed4042_field4_seed51_dual] step 180/390 trained 36/36 | hop0: 0.0399 | hop1: 0.0563 | hop2: 0.0354
[multifield_het_nig_product_seed4042_field4_seed51_dual] step 190/390 trained 36/36 | hop0: 0.0419 | hop1: 0.0620 | hop2: 0.0292
[multifield_het_nig_product_seed4042_field4_seed51_dual] step 200/390 trained 36/36 | hop0: 0.0283 | hop1: 0.0459 | hop2: 0.0195
[multifield_het_nig_product_seed4042_field4_seed51_dual] step 210/390 trained 36/36 | hop0: 0.0159 | hop1: 0.0223 | hop2: 0.0271
[multifield_het_nig_product_seed4042_field4_seed51_dual] step 220/390 trained 36/36 | hop0: 0.0125 | hop1: 0.0133 | hop2: 0.0247
[multifield_het_nig_product_seed4042_field4_seed51_dual] step 230/390 trained 36/36 | hop0: 0.0177 | hop1: 0.0222
[multifield_het_nig_product_seed4042_field4_seed51_dual] step 240/390 trained 36/36 | hop0: 0.0152 | hop1: 0.0300
[multifield_het_nig_product_seed4042_field4_seed51_dual] step 250/390 trained 36/36 | hop0: 0.0074 | hop1: 0.0308 | hop2: 0.0253
[multifield_het_nig_product_seed4042_field4_seed51_dual] step 260/390 trained 36/36 | hop0: 0.0139 | hop1: 0.0231 | hop2: 0.0260
[multifield_het_nig_product_seed4042_field4_seed51_dual] step 270/390 trained 36/36 | hop0: 0.0063 | hop1: 0.0262 | hop2: 0.0094
[multifield_het_nig_product_seed4042_field4_seed51_dual] step 280/390 trained 36/36 | hop0: 0.0094 | hop1: 0.0297 | hop2: 0.0255
[multifield_het_nig_product_seed4042_field4_seed51_dual] step 290/390 trained 36/36 | hop0: 0.0086 | hop1: 0.0432 | hop2: 0.0361
[multifield_het_nig_product_seed4042_field4_seed51_dual] step 300/390 trained 36/36 | hop0: 0.0165 | hop1: 0.0382 | hop2: 0.0421
[multifield_het_nig_product_seed4042_field4_seed51_dual] step 310/390 trained 36/36 | hop0: 0.0194 | hop1: 0.0253 | hop2: 0.0245
[multifield_het_nig_product_seed4042_field4_seed51_dual] step 320/390 trained 36/36 | hop0: 0.0087 | hop1: 0.0156 | hop2: 0.0074
[multifield_het_nig_product_seed4042_field4_seed51_dual] step 330/390 trained 36/36 | hop0: 0.0164 | hop1: 0.0121 | hop2: 0.0032
[multifield_het_nig_product_seed4042_field4_seed51_dual] step 340/390 trained 36/36 | hop0: 0.0321 | hop1: 0.0204 | hop2: 0.0032
[multifield_het_nig_product_seed4042_field4_seed51_dual] step 350/390 trained 36/36 | hop0: 0.0302 | hop1: 0.0180 | hop2: 0.0093
[multifield_het_nig_product_seed4042_field4_seed51_dual] step 360/390 trained 36/36 | hop0: 0.0159 | hop1: 0.0204
[multifield_het_nig_product_seed4042_field4_seed51_dual] step 370/390 trained 36/36 | hop0: 0.0109 | hop1: 0.0106 | hop2: 0.0234
[multifield_het_nig_product_seed4042_field4_seed51_dual] step 380/390 trained 36/36 | hop0: 0.0105 | hop1: 0.0181 | hop2: 0.0264
[multifield_het_nig_product_seed4042_field4_seed51_dual] mean MSE (last 50 steps): 0.0145 | cert-MSE r=-0.052
[multifield_het_nig_product_seed4042_field4_seed51_dual] per-variant whole-run MSE: narrow=0.0276, baseline=0.0188, wide=0.0325
[multifield_het_nig_product_seed4042_field4_seed51_dual] saved runs\chapter5_v2\s5_6_multifield_rg\nig_product\het\nig_product_seed4042_field4_seed51_dual\figures\results.png

### nig_product_seed4042_field4_seed51_dual: whole_run=0.02524 last50=0.01447 r(new)=-0.3861+/-0.3393
    variant_mse: {'narrow': {'whole_run': 0.02763485996094204, 'last50': 0.031727182207770405}, 'baseline': {'whole_run': 0.01879517253884538, 'last50': 0.013915364330605234}, 'wide': {'whole_run': 0.032493974352295875, 'last50': 0.02306121115199003}}
    nu_cv_mean=0.18944 weight_dev=0.06705 gamma_star_absdiff=0.00596

>>> [36/55] mf:avg seed 42  (elapsed 248.0 min)
[nig_product_seed42_field0_original] field=field0_original homogeneous=False field_range=[-63.5,+88.8]
[multifield_het_nig_product_seed42_field0_original] nodes=36 coverage max=9 mode=nig_product steps=390
[multifield_het_nig_product_seed42_field0_original] step 000/390 trained 36/36 | hop0: 0.0185 | hop1: 0.0299
[multifield_het_nig_product_seed42_field0_original] step 010/390 trained 36/36 | hop0: 0.0063 | hop1: 0.0165
[multifield_het_nig_product_seed42_field0_original] step 020/390 trained 36/36 | hop0: 0.0101 | hop1: 0.0105 | hop2: 0.0261
[multifield_het_nig_product_seed42_field0_original] step 030/390 trained 36/36 | hop0: 0.0041 | hop1: 0.0094 | hop2: 0.0287
[multifield_het_nig_product_seed42_field0_original] step 040/390 trained 36/36 | hop0: 0.0063 | hop1: 0.0111 | hop2: 0.0229
[multifield_het_nig_product_seed42_field0_original] step 050/390 trained 36/36 | hop0: 0.0038 | hop1: 0.0064 | hop2: 0.0166
[multifield_het_nig_product_seed42_field0_original] step 060/390 trained 36/36 | hop0: 0.0058 | hop1: 0.0072 | hop2: 0.0372
[multifield_het_nig_product_seed42_field0_original] step 070/390 trained 36/36 | hop0: 0.0028 | hop1: 0.0107 | hop2: 0.0532
[multifield_het_nig_product_seed42_field0_original] step 080/390 trained 36/36 | hop0: 0.0021 | hop1: 0.0124 | hop2: 0.0521
[multifield_het_nig_product_seed42_field0_original] step 090/390 trained 36/36 | hop0: 0.0126 | hop1: 0.0090
[multifield_het_nig_product_seed42_field0_original] step 100/390 trained 36/36 | hop0: 0.0067 | hop1: 0.0078 | hop2: 0.0040
[multifield_het_nig_product_seed42_field0_original] step 110/390 trained 36/36 | hop0: 0.0052 | hop1: 0.0118 | hop2: 0.0090
[multifield_het_nig_product_seed42_field0_original] step 120/390 trained 36/36 | hop0: 0.0126 | hop1: 0.0177 | hop2: 0.0076
[multifield_het_nig_product_seed42_field0_original] step 130/390 trained 36/36 | hop0: 0.0104 | hop1: 0.0306 | hop2: 0.0148
[multifield_het_nig_product_seed42_field0_original] step 140/390 trained 36/36 | hop0: 0.0046 | hop1: 0.0293 | hop2: 0.0188
[multifield_het_nig_product_seed42_field0_original] step 150/390 trained 36/36 | hop0: 0.0113 | hop1: 0.0128 | hop2: 0.0380
[multifield_het_nig_product_seed42_field0_original] step 160/390 trained 36/36 | hop0: 0.0083 | hop1: 0.0115 | hop2: 0.0272
[multifield_het_nig_product_seed42_field0_original] step 170/390 trained 36/36 | hop0: 0.0054 | hop1: 0.0085 | hop2: 0.0153
[multifield_het_nig_product_seed42_field0_original] step 180/390 trained 36/36 | hop0: 0.0081 | hop1: 0.0090 | hop2: 0.0144
[multifield_het_nig_product_seed42_field0_original] step 190/390 trained 36/36 | hop0: 0.0031 | hop1: 0.0107 | hop2: 0.0160
[multifield_het_nig_product_seed42_field0_original] step 200/390 trained 36/36 | hop0: 0.0059 | hop1: 0.0041 | hop2: 0.0126
[multifield_het_nig_product_seed42_field0_original] step 210/390 trained 36/36 | hop0: 0.0060 | hop1: 0.0040 | hop2: 0.0063
[multifield_het_nig_product_seed42_field0_original] step 220/390 trained 36/36 | hop0: 0.0086 | hop1: 0.0055
[multifield_het_nig_product_seed42_field0_original] step 230/390 trained 36/36 | hop0: 0.0066 | hop1: 0.0063 | hop2: 0.0027
[multifield_het_nig_product_seed42_field0_original] step 240/390 trained 36/36 | hop0: 0.0068 | hop1: 0.0067 | hop2: 0.0160
[multifield_het_nig_product_seed42_field0_original] step 250/390 trained 36/36 | hop0: 0.0050 | hop1: 0.0095 | hop2: 0.0100
[multifield_het_nig_product_seed42_field0_original] step 260/390 trained 36/36 | hop0: 0.0129 | hop1: 0.0083
[multifield_het_nig_product_seed42_field0_original] step 270/390 trained 36/36 | hop0: 0.0089 | hop1: 0.0072 | hop2: 0.0051
[multifield_het_nig_product_seed42_field0_original] step 280/390 trained 36/36 | hop0: 0.0096 | hop1: 0.0102
[multifield_het_nig_product_seed42_field0_original] step 290/390 trained 36/36 | hop0: 0.0145 | hop1: 0.0091 | hop2: 0.0097
[multifield_het_nig_product_seed42_field0_original] step 300/390 trained 36/36 | hop0: 0.0174 | hop1: 0.0089 | hop2: 0.0095
[multifield_het_nig_product_seed42_field0_original] step 310/390 trained 36/36 | hop0: 0.0125 | hop1: 0.0093 | hop2: 0.0022
[multifield_het_nig_product_seed42_field0_original] step 320/390 trained 36/36 | hop0: 0.0108 | hop1: 0.0092 | hop2: 0.0018
[multifield_het_nig_product_seed42_field0_original] step 330/390 trained 36/36 | hop0: 0.0086 | hop1: 0.0118 | hop2: 0.0059
[multifield_het_nig_product_seed42_field0_original] step 340/390 trained 36/36 | hop0: 0.0113 | hop1: 0.0076
[multifield_het_nig_product_seed42_field0_original] step 350/390 trained 36/36 | hop0: 0.0169 | hop1: 0.0107 | hop2: 0.0010
[multifield_het_nig_product_seed42_field0_original] step 360/390 trained 36/36 | hop0: 0.0075 | hop1: 0.0132 | hop2: 0.0146
[multifield_het_nig_product_seed42_field0_original] step 370/390 trained 36/36 | hop0: 0.0032 | hop1: 0.0087 | hop2: 0.0148
[multifield_het_nig_product_seed42_field0_original] step 380/390 trained 36/36 | hop0: 0.0075 | hop1: 0.0077 | hop2: 0.0089
[multifield_het_nig_product_seed42_field0_original] mean MSE (last 50 steps): 0.0090 | cert-MSE r=-0.503
[multifield_het_nig_product_seed42_field0_original] per-variant whole-run MSE: wide=0.0091, baseline=0.0084, narrow=0.0154
[multifield_het_nig_product_seed42_field0_original] saved runs\chapter5_v2\s5_6_multifield_rg\avgfusion\het\nig_product_seed42_field0_original\figures\results.png

### nig_product_seed42_field0_original: whole_run=0.00919 last50=0.00903 r(new)=-0.4831+/-0.2397
    variant_mse: {'wide': {'whole_run': 0.009066822544106963, 'last50': 0.008055316293336423}, 'baseline': {'whole_run': 0.008353716507889117, 'last50': 0.0047332314343820295}, 'narrow': {'whole_run': 0.015370332156814118, 'last50': 0.01502956684477166}}
    nu_cv_mean=0.18275 weight_dev=0.06691 gamma_star_absdiff=0.00598

>>> [37/55] mf:avg seed 1042  (elapsed 255.3 min)
[nig_product_seed1042_field1_seed11] field=field1_seed11 homogeneous=False field_range=[-84.7,+86.2]
[multifield_het_nig_product_seed1042_field1_seed11] nodes=36 coverage max=9 mode=nig_product steps=390
[multifield_het_nig_product_seed1042_field1_seed11] step 000/390 trained 36/36 | hop0: 0.0259 | hop1: 0.0274
[multifield_het_nig_product_seed1042_field1_seed11] step 010/390 trained 36/36 | hop0: 0.0174 | hop1: 0.0170 | hop2: 0.0787
[multifield_het_nig_product_seed1042_field1_seed11] step 020/390 trained 36/36 | hop0: 0.0071 | hop1: 0.0152
[multifield_het_nig_product_seed1042_field1_seed11] step 030/390 trained 36/36 | hop0: 0.0090 | hop1: 0.0106 | hop2: 0.0375
[multifield_het_nig_product_seed1042_field1_seed11] step 040/390 trained 36/36 | hop0: 0.0191 | hop1: 0.0189 | hop2: 0.0630
[multifield_het_nig_product_seed1042_field1_seed11] step 050/390 trained 36/36 | hop0: 0.0255 | hop1: 0.0196 | hop2: 0.0370
[multifield_het_nig_product_seed1042_field1_seed11] step 060/390 trained 36/36 | hop0: 0.0214 | hop1: 0.0174 | hop2: 0.0246
[multifield_het_nig_product_seed1042_field1_seed11] step 070/390 trained 36/36 | hop0: 0.0080 | hop1: 0.0147 | hop2: 0.0176
[multifield_het_nig_product_seed1042_field1_seed11] step 080/390 trained 36/36 | hop0: 0.0099 | hop1: 0.0138 | hop2: 0.0165
[multifield_het_nig_product_seed1042_field1_seed11] step 090/390 trained 36/36 | hop0: 0.0126 | hop1: 0.0130 | hop2: 0.0266
[multifield_het_nig_product_seed1042_field1_seed11] step 100/390 trained 36/36 | hop0: 0.0167 | hop1: 0.0212
[multifield_het_nig_product_seed1042_field1_seed11] step 110/390 trained 36/36 | hop0: 0.0172 | hop1: 0.0247 | hop2: 0.0073
[multifield_het_nig_product_seed1042_field1_seed11] step 120/390 trained 36/36 | hop0: 0.0136 | hop1: 0.0203 | hop2: 0.0073
[multifield_het_nig_product_seed1042_field1_seed11] step 130/390 trained 36/36 | hop0: 0.0134 | hop1: 0.0131 | hop2: 0.0115
[multifield_het_nig_product_seed1042_field1_seed11] step 140/390 trained 36/36 | hop0: 0.0123 | hop1: 0.0113 | hop2: 0.0113
[multifield_het_nig_product_seed1042_field1_seed11] step 150/390 trained 36/36 | hop0: 0.0121 | hop1: 0.0139 | hop2: 0.0076
[multifield_het_nig_product_seed1042_field1_seed11] step 160/390 trained 36/36 | hop0: 0.0175 | hop1: 0.0105 | hop2: 0.0144
[multifield_het_nig_product_seed1042_field1_seed11] step 170/390 trained 36/36 | hop0: 0.0169 | hop1: 0.0121 | hop2: 0.0196
[multifield_het_nig_product_seed1042_field1_seed11] step 180/390 trained 36/36 | hop0: 0.0101 | hop1: 0.0161 | hop2: 0.0223
[multifield_het_nig_product_seed1042_field1_seed11] step 190/390 trained 36/36 | hop0: 0.0076 | hop1: 0.0205
[multifield_het_nig_product_seed1042_field1_seed11] step 200/390 trained 36/36 | hop0: 0.0028 | hop1: 0.0315 | hop2: 0.1184
[multifield_het_nig_product_seed1042_field1_seed11] step 210/390 trained 36/36 | hop0: 0.0194 | hop1: 0.0558
[multifield_het_nig_product_seed1042_field1_seed11] step 220/390 trained 36/36 | hop0: 0.0757 | hop1: 0.0331 | hop2: 0.0034
[multifield_het_nig_product_seed1042_field1_seed11] step 230/390 trained 36/36 | hop0: 0.0921 | hop1: 0.0148 | hop2: 0.0043
[multifield_het_nig_product_seed1042_field1_seed11] step 240/390 trained 36/36 | hop0: 0.0476 | hop1: 0.0223 | hop2: 0.0048
[multifield_het_nig_product_seed1042_field1_seed11] step 250/390 trained 36/36 | hop0: 0.0177 | hop1: 0.0232 | hop2: 0.0082
[multifield_het_nig_product_seed1042_field1_seed11] step 260/390 trained 36/36 | hop0: 0.0119 | hop1: 0.0226 | hop2: 0.0016
[multifield_het_nig_product_seed1042_field1_seed11] step 270/390 trained 36/36 | hop0: 0.0110 | hop1: 0.0203
[multifield_het_nig_product_seed1042_field1_seed11] step 280/390 trained 36/36 | hop0: 0.0118 | hop1: 0.0210
[multifield_het_nig_product_seed1042_field1_seed11] step 290/390 trained 36/36 | hop0: 0.0158 | hop1: 0.0192
[multifield_het_nig_product_seed1042_field1_seed11] step 300/390 trained 36/36 | hop0: 0.0043 | hop1: 0.0113 | hop2: 0.0591
[multifield_het_nig_product_seed1042_field1_seed11] step 310/390 trained 36/36 | hop0: 0.0058 | hop1: 0.0146 | hop2: 0.0196
[multifield_het_nig_product_seed1042_field1_seed11] step 320/390 trained 36/36 | hop0: 0.0206 | hop1: 0.0208 | hop2: 0.0047
[multifield_het_nig_product_seed1042_field1_seed11] step 330/390 trained 36/36 | hop0: 0.0295 | hop1: 0.0137 | hop2: 0.0265
[multifield_het_nig_product_seed1042_field1_seed11] step 340/390 trained 36/36 | hop0: 0.0204 | hop1: 0.0133 | hop2: 0.0125
[multifield_het_nig_product_seed1042_field1_seed11] step 350/390 trained 36/36 | hop0: 0.0102 | hop1: 0.0124 | hop2: 0.0148
[multifield_het_nig_product_seed1042_field1_seed11] step 360/390 trained 36/36 | hop0: 0.0142 | hop1: 0.0161 | hop2: 0.0046
[multifield_het_nig_product_seed1042_field1_seed11] step 370/390 trained 36/36 | hop0: 0.0174 | hop1: 0.0349 | hop2: 0.0062
[multifield_het_nig_product_seed1042_field1_seed11] step 380/390 trained 36/36 | hop0: 0.0465 | hop1: 0.0334 | hop2: 0.0090
[multifield_het_nig_product_seed1042_field1_seed11] mean MSE (last 50 steps): 0.0176 | cert-MSE r=0.044
[multifield_het_nig_product_seed1042_field1_seed11] per-variant whole-run MSE: narrow=0.0229, baseline=0.0183, wide=0.0191
[multifield_het_nig_product_seed1042_field1_seed11] saved runs\chapter5_v2\s5_6_multifield_rg\avgfusion\het\nig_product_seed1042_field1_seed11\figures\results.png

### nig_product_seed1042_field1_seed11: whole_run=0.01784 last50=0.01755 r(new)=-0.1472+/-0.2775
    variant_mse: {'narrow': {'whole_run': 0.022852192027689247, 'last50': 0.036566411096513735}, 'baseline': {'whole_run': 0.018268910505554785, 'last50': 0.02386822150251715}, 'wide': {'whole_run': 0.01911582127384389, 'last50': 0.033413866951185714}}
    nu_cv_mean=0.22292 weight_dev=0.08193 gamma_star_absdiff=0.00692

>>> [38/55] mf:avg seed 2042  (elapsed 262.5 min)
[nig_product_seed2042_field2_seed23] field=field2_seed23 homogeneous=False field_range=[-99.3,+60.0]
[multifield_het_nig_product_seed2042_field2_seed23] nodes=36 coverage max=9 mode=nig_product steps=390
[multifield_het_nig_product_seed2042_field2_seed23] step 000/390 trained 36/36 | hop0: 0.0122 | hop1: 0.0199 | hop2: 0.0566
[multifield_het_nig_product_seed2042_field2_seed23] step 010/390 trained 36/36 | hop0: 0.0125 | hop1: 0.0345 | hop2: 0.0800
[multifield_het_nig_product_seed2042_field2_seed23] step 020/390 trained 36/36 | hop0: 0.0072 | hop1: 0.0317 | hop2: 0.1243
[multifield_het_nig_product_seed2042_field2_seed23] step 030/390 trained 36/36 | hop0: 0.0105 | hop1: 0.0704 | hop2: 0.1540
[multifield_het_nig_product_seed2042_field2_seed23] step 040/390 trained 36/36 | hop0: 0.0109 | hop1: 0.0702 | hop2: 0.1063
[multifield_het_nig_product_seed2042_field2_seed23] step 050/390 trained 36/36 | hop0: 0.0056 | hop1: 0.0423 | hop2: 0.0907 | hop3: 0.0945
[multifield_het_nig_product_seed2042_field2_seed23] step 060/390 trained 36/36 | hop0: 0.0217 | hop1: 0.0223 | hop2: 0.1025
[multifield_het_nig_product_seed2042_field2_seed23] step 070/390 trained 36/36 | hop0: 0.0114 | hop1: 0.0097 | hop2: 0.0609
[multifield_het_nig_product_seed2042_field2_seed23] step 080/390 trained 36/36 | hop0: 0.0069 | hop1: 0.0118 | hop2: 0.0417
[multifield_het_nig_product_seed2042_field2_seed23] step 090/390 trained 36/36 | hop0: 0.0106 | hop1: 0.0125 | hop2: 0.0290
[multifield_het_nig_product_seed2042_field2_seed23] step 100/390 trained 36/36 | hop0: 0.0121 | hop1: 0.0084 | hop2: 0.0252
[multifield_het_nig_product_seed2042_field2_seed23] step 110/390 trained 36/36 | hop0: 0.0068 | hop1: 0.0162 | hop2: 0.0359
[multifield_het_nig_product_seed2042_field2_seed23] step 120/390 trained 36/36 | hop0: 0.0072 | hop1: 0.0252
[multifield_het_nig_product_seed2042_field2_seed23] step 130/390 trained 36/36 | hop0: 0.0049 | hop1: 0.0263 | hop2: 0.0430
[multifield_het_nig_product_seed2042_field2_seed23] step 140/390 trained 36/36 | hop0: 0.0135 | hop1: 0.0234 | hop2: 0.0473
[multifield_het_nig_product_seed2042_field2_seed23] step 150/390 trained 36/36 | hop0: 0.0110 | hop1: 0.0120 | hop2: 0.0457
[multifield_het_nig_product_seed2042_field2_seed23] step 160/390 trained 36/36 | hop0: 0.0120 | hop1: 0.0115 | hop2: 0.0312
[multifield_het_nig_product_seed2042_field2_seed23] step 170/390 trained 36/36 | hop0: 0.0053 | hop1: 0.0117 | hop2: 0.0136
[multifield_het_nig_product_seed2042_field2_seed23] step 180/390 trained 36/36 | hop0: 0.0142 | hop1: 0.0143 | hop2: 0.0175
[multifield_het_nig_product_seed2042_field2_seed23] step 190/390 trained 36/36 | hop0: 0.0119 | hop1: 0.0081 | hop2: 0.0226
[multifield_het_nig_product_seed2042_field2_seed23] step 200/390 trained 36/36 | hop0: 0.0092 | hop1: 0.0123
[multifield_het_nig_product_seed2042_field2_seed23] step 210/390 trained 36/36 | hop0: 0.0070 | hop1: 0.0120
[multifield_het_nig_product_seed2042_field2_seed23] step 220/390 trained 36/36 | hop0: 0.0059 | hop1: 0.0147 | hop2: 0.0222
[multifield_het_nig_product_seed2042_field2_seed23] step 230/390 trained 36/36 | hop0: 0.0069 | hop1: 0.0139 | hop2: 0.0306
[multifield_het_nig_product_seed2042_field2_seed23] step 240/390 trained 36/36 | hop0: 0.0060 | hop1: 0.0189 | hop2: 0.0882
[multifield_het_nig_product_seed2042_field2_seed23] step 250/390 trained 36/36 | hop0: 0.0087 | hop1: 0.0158 | hop2: 0.0615
[multifield_het_nig_product_seed2042_field2_seed23] step 260/390 trained 36/36 | hop0: 0.0107 | hop1: 0.0157 | hop2: 0.0481
[multifield_het_nig_product_seed2042_field2_seed23] step 270/390 trained 36/36 | hop0: 0.0033 | hop1: 0.0149 | hop2: 0.0323 | hop3: 0.0538
[multifield_het_nig_product_seed2042_field2_seed23] step 280/390 trained 36/36 | hop0: 0.0057 | hop1: 0.0128 | hop2: 0.0286
[multifield_het_nig_product_seed2042_field2_seed23] step 290/390 trained 36/36 | hop0: 0.0034 | hop1: 0.0157 | hop2: 0.0257
[multifield_het_nig_product_seed2042_field2_seed23] step 300/390 trained 36/36 | hop0: 0.0031 | hop1: 0.0107 | hop2: 0.0215 | hop3: 0.0377
[multifield_het_nig_product_seed2042_field2_seed23] step 310/390 trained 36/36 | hop0: 0.0107 | hop1: 0.0136 | hop2: 0.0241 | hop3: 0.0317
[multifield_het_nig_product_seed2042_field2_seed23] step 320/390 trained 36/36 | hop0: 0.0126 | hop1: 0.0114 | hop2: 0.0144
[multifield_het_nig_product_seed2042_field2_seed23] step 330/390 trained 36/36 | hop0: 0.0043 | hop1: 0.0109 | hop2: 0.0181 | hop3: 0.0322
[multifield_het_nig_product_seed2042_field2_seed23] step 340/390 trained 36/36 | hop0: 0.0049 | hop1: 0.0158 | hop2: 0.0173 | hop3: 0.0467
[multifield_het_nig_product_seed2042_field2_seed23] step 350/390 trained 36/36 | hop0: 0.0195 | hop1: 0.0138 | hop2: 0.0211 | hop3: 0.0321
[multifield_het_nig_product_seed2042_field2_seed23] step 360/390 trained 36/36 | hop0: 0.0173 | hop1: 0.0136 | hop2: 0.0199
[multifield_het_nig_product_seed2042_field2_seed23] step 370/390 trained 36/36 | hop0: 0.0134 | hop1: 0.0169 | hop2: 0.0207
[multifield_het_nig_product_seed2042_field2_seed23] step 380/390 trained 36/36 | hop0: 0.0019 | hop1: 0.0152 | hop2: 0.0265
[multifield_het_nig_product_seed2042_field2_seed23] mean MSE (last 50 steps): 0.0126 | cert-MSE r=-0.279
[multifield_het_nig_product_seed2042_field2_seed23] per-variant whole-run MSE: narrow=0.0246, baseline=0.0207, wide=0.0180
[multifield_het_nig_product_seed2042_field2_seed23] saved runs\chapter5_v2\s5_6_multifield_rg\avgfusion\het\nig_product_seed2042_field2_seed23\figures\results.png

### nig_product_seed2042_field2_seed23: whole_run=0.02064 last50=0.01259 r(new)=-0.4299+/-0.2704
    variant_mse: {'narrow': {'whole_run': 0.024618532690857446, 'last50': 0.021250568979618013}, 'baseline': {'whole_run': 0.020718609407076972, 'last50': 0.010283175660482228}, 'wide': {'whole_run': 0.01798369719313747, 'last50': 0.008369403890384127}}
    nu_cv_mean=0.18768 weight_dev=0.06924 gamma_star_absdiff=0.00524

>>> [39/55] mf:avg seed 3042  (elapsed 269.7 min)
[nig_product_seed3042_field3_seed37] field=field3_seed37 homogeneous=False field_range=[-97.4,+55.8]
[multifield_het_nig_product_seed3042_field3_seed37] nodes=36 coverage max=9 mode=nig_product steps=390
[multifield_het_nig_product_seed3042_field3_seed37] step 000/390 trained 36/36 | hop0: 0.0193 | hop1: 0.0269 | hop2: 0.0207
[multifield_het_nig_product_seed3042_field3_seed37] step 010/390 trained 36/36 | hop0: 0.0125 | hop1: 0.0214
[multifield_het_nig_product_seed3042_field3_seed37] step 020/390 trained 36/36 | hop0: 0.0058 | hop1: 0.0151
[multifield_het_nig_product_seed3042_field3_seed37] step 030/390 trained 36/36 | hop0: 0.0074 | hop1: 0.0116
[multifield_het_nig_product_seed3042_field3_seed37] step 040/390 trained 36/36 | hop0: 0.0097 | hop1: 0.0091
[multifield_het_nig_product_seed3042_field3_seed37] step 050/390 trained 36/36 | hop0: 0.0123 | hop1: 0.0127 | hop2: 0.0060
[multifield_het_nig_product_seed3042_field3_seed37] step 060/390 trained 36/36 | hop0: 0.0095 | hop1: 0.0123 | hop2: 0.0121
[multifield_het_nig_product_seed3042_field3_seed37] step 070/390 trained 36/36 | hop0: 0.0048 | hop1: 0.0118 | hop2: 0.0322
[multifield_het_nig_product_seed3042_field3_seed37] step 080/390 trained 36/36 | hop0: 0.0011 | hop1: 0.0097 | hop2: 0.0431
[multifield_het_nig_product_seed3042_field3_seed37] step 090/390 trained 36/36 | hop0: 0.0074 | hop1: 0.0153 | hop2: 0.0356 | hop3: 0.0608
[multifield_het_nig_product_seed3042_field3_seed37] step 100/390 trained 36/36 | hop0: 0.0073 | hop1: 0.0174 | hop2: 0.0493
[multifield_het_nig_product_seed3042_field3_seed37] step 110/390 trained 36/36 | hop0: 0.0238 | hop1: 0.0250 | hop2: 0.0791
[multifield_het_nig_product_seed3042_field3_seed37] step 120/390 trained 36/36 | hop0: 0.0163 | hop1: 0.0223 | hop2: 0.0267
[multifield_het_nig_product_seed3042_field3_seed37] step 130/390 trained 36/36 | hop0: 0.0109 | hop1: 0.0133 | hop2: 0.0391
[multifield_het_nig_product_seed3042_field3_seed37] step 140/390 trained 36/36 | hop0: 0.0172 | hop1: 0.0109 | hop2: 0.0172
[multifield_het_nig_product_seed3042_field3_seed37] step 150/390 trained 36/36 | hop0: 0.0123 | hop1: 0.0137 | hop2: 0.0084
[multifield_het_nig_product_seed3042_field3_seed37] step 160/390 trained 36/36 | hop0: 0.0192 | hop1: 0.0173 | hop2: 0.0172
[multifield_het_nig_product_seed3042_field3_seed37] step 170/390 trained 36/36 | hop0: 0.0199 | hop1: 0.0091 | hop2: 0.0257
[multifield_het_nig_product_seed3042_field3_seed37] step 180/390 trained 36/36 | hop0: 0.0070 | hop1: 0.0119
[multifield_het_nig_product_seed3042_field3_seed37] step 190/390 trained 36/36 | hop0: 0.0067 | hop1: 0.0133
[multifield_het_nig_product_seed3042_field3_seed37] step 200/390 trained 36/36 | hop0: 0.0074 | hop1: 0.0221
[multifield_het_nig_product_seed3042_field3_seed37] step 210/390 trained 36/36 | hop0: 0.0133 | hop1: 0.0268 | hop2: 0.1239
[multifield_het_nig_product_seed3042_field3_seed37] step 220/390 trained 36/36 | hop0: 0.0070 | hop1: 0.0226 | hop2: 0.1261
[multifield_het_nig_product_seed3042_field3_seed37] step 230/390 trained 36/36 | hop0: 0.0053 | hop1: 0.0198 | hop2: 0.1130
[multifield_het_nig_product_seed3042_field3_seed37] step 240/390 trained 36/36 | hop0: 0.0098 | hop1: 0.0205 | hop2: 0.0165
[multifield_het_nig_product_seed3042_field3_seed37] step 250/390 trained 36/36 | hop0: 0.0075 | hop1: 0.0105 | hop2: 0.0132
[multifield_het_nig_product_seed3042_field3_seed37] step 260/390 trained 36/36 | hop0: 0.0093 | hop1: 0.0128 | hop2: 0.0341
[multifield_het_nig_product_seed3042_field3_seed37] step 270/390 trained 36/36 | hop0: 0.0097 | hop1: 0.0166 | hop2: 0.0367
[multifield_het_nig_product_seed3042_field3_seed37] step 280/390 trained 36/36 | hop0: 0.0054 | hop1: 0.0130 | hop2: 0.0337
[multifield_het_nig_product_seed3042_field3_seed37] step 290/390 trained 36/36 | hop0: 0.0093 | hop1: 0.0137
[multifield_het_nig_product_seed3042_field3_seed37] step 300/390 trained 36/36 | hop0: 0.0094 | hop1: 0.0154 | hop2: 0.0252
[multifield_het_nig_product_seed3042_field3_seed37] step 310/390 trained 36/36 | hop0: 0.0129 | hop1: 0.0217 | hop2: 0.0678
[multifield_het_nig_product_seed3042_field3_seed37] step 320/390 trained 36/36 | hop0: 0.0095 | hop1: 0.0285 | hop2: 0.1204
[multifield_het_nig_product_seed3042_field3_seed37] step 330/390 trained 36/36 | hop0: 0.0239 | hop1: 0.0372
[multifield_het_nig_product_seed3042_field3_seed37] step 340/390 trained 36/36 | hop0: 0.0150 | hop1: 0.0369
[multifield_het_nig_product_seed3042_field3_seed37] step 350/390 trained 36/36 | hop0: 0.0151 | hop1: 0.0184 | hop2: 0.0054
[multifield_het_nig_product_seed3042_field3_seed37] step 360/390 trained 36/36 | hop0: 0.0101 | hop1: 0.0079 | hop2: 0.0087
[multifield_het_nig_product_seed3042_field3_seed37] step 370/390 trained 36/36 | hop0: 0.0101 | hop1: 0.0082
[multifield_het_nig_product_seed3042_field3_seed37] step 380/390 trained 36/36 | hop0: 0.0144 | hop1: 0.0138 | hop2: 0.0172
[multifield_het_nig_product_seed3042_field3_seed37] mean MSE (last 50 steps): 0.0130 | cert-MSE r=-0.405
[multifield_het_nig_product_seed3042_field3_seed37] per-variant whole-run MSE: wide=0.0148, baseline=0.0152, narrow=0.0209
[multifield_het_nig_product_seed3042_field3_seed37] saved runs\chapter5_v2\s5_6_multifield_rg\avgfusion\het\nig_product_seed3042_field3_seed37\figures\results.png

### nig_product_seed3042_field3_seed37: whole_run=0.01511 last50=0.01302 r(new)=-0.3617+/-0.2694
    variant_mse: {'wide': {'whole_run': 0.014793743890643118, 'last50': 0.014250388821138917}, 'baseline': {'whole_run': 0.01517390184929901, 'last50': 0.011877831155525287}, 'narrow': {'whole_run': 0.02090083397291079, 'last50': 0.020321493072253238}}
    nu_cv_mean=0.19690 weight_dev=0.07271 gamma_star_absdiff=0.00613

>>> [40/55] mf:avg seed 4042  (elapsed 276.9 min)
[nig_product_seed4042_field4_seed51_dual] field=field4_seed51_dual homogeneous=False field_range=[-99.0,+117.6]
[multifield_het_nig_product_seed4042_field4_seed51_dual] nodes=36 coverage max=9 mode=nig_product steps=390
[multifield_het_nig_product_seed4042_field4_seed51_dual] step 000/390 trained 36/36 | hop0: 0.0151 | hop1: 0.0193 | hop2: 0.0211
[multifield_het_nig_product_seed4042_field4_seed51_dual] step 010/390 trained 36/36 | hop0: 0.0174 | hop1: 0.0244
[multifield_het_nig_product_seed4042_field4_seed51_dual] step 020/390 trained 36/36 | hop0: 0.0221 | hop1: 0.0224 | hop2: 0.0193
[multifield_het_nig_product_seed4042_field4_seed51_dual] step 030/390 trained 36/36 | hop0: 0.0128 | hop1: 0.0206 | hop2: 0.0311
[multifield_het_nig_product_seed4042_field4_seed51_dual] step 040/390 trained 36/36 | hop0: 0.0088 | hop1: 0.0218 | hop2: 0.0460
[multifield_het_nig_product_seed4042_field4_seed51_dual] step 050/390 trained 36/36 | hop0: 0.0193 | hop1: 0.0243 | hop2: 0.0838
[multifield_het_nig_product_seed4042_field4_seed51_dual] step 060/390 trained 36/36 | hop0: 0.0071 | hop1: 0.0205 | hop2: 0.0889
[multifield_het_nig_product_seed4042_field4_seed51_dual] step 070/390 trained 36/36 | hop0: 0.0041 | hop1: 0.0321 | hop2: 0.1050
[multifield_het_nig_product_seed4042_field4_seed51_dual] step 080/390 trained 36/36 | hop0: 0.0027 | hop1: 0.0389 | hop2: 0.0732
[multifield_het_nig_product_seed4042_field4_seed51_dual] step 090/390 trained 36/36 | hop0: 0.0041 | hop1: 0.0197 | hop2: 0.1092 | hop3: 0.0835
[multifield_het_nig_product_seed4042_field4_seed51_dual] step 100/390 trained 36/36 | hop0: 0.0036 | hop1: 0.0148 | hop2: 0.0821 | hop3: 0.0946
[multifield_het_nig_product_seed4042_field4_seed51_dual] step 110/390 trained 36/36 | hop0: 0.0032 | hop1: 0.0211 | hop2: 0.0936
[multifield_het_nig_product_seed4042_field4_seed51_dual] step 120/390 trained 36/36 | hop0: 0.0105 | hop1: 0.0259 | hop2: 0.1626
[multifield_het_nig_product_seed4042_field4_seed51_dual] step 130/390 trained 36/36 | hop0: 0.0194 | hop1: 0.0235
[multifield_het_nig_product_seed4042_field4_seed51_dual] step 140/390 trained 36/36 | hop0: 0.0232 | hop1: 0.0249 | hop2: 0.0110
[multifield_het_nig_product_seed4042_field4_seed51_dual] step 150/390 trained 36/36 | hop0: 0.0340 | hop1: 0.0333 | hop2: 0.0073
[multifield_het_nig_product_seed4042_field4_seed51_dual] step 160/390 trained 36/36 | hop0: 0.0370 | hop1: 0.0394 | hop2: 0.0085
[multifield_het_nig_product_seed4042_field4_seed51_dual] step 170/390 trained 36/36 | hop0: 0.0393 | hop1: 0.0526 | hop2: 0.0138
[multifield_het_nig_product_seed4042_field4_seed51_dual] step 180/390 trained 36/36 | hop0: 0.0380 | hop1: 0.0537 | hop2: 0.0271
[multifield_het_nig_product_seed4042_field4_seed51_dual] step 190/390 trained 36/36 | hop0: 0.0369 | hop1: 0.0576 | hop2: 0.0270
[multifield_het_nig_product_seed4042_field4_seed51_dual] step 200/390 trained 36/36 | hop0: 0.0270 | hop1: 0.0436 | hop2: 0.0211
[multifield_het_nig_product_seed4042_field4_seed51_dual] step 210/390 trained 36/36 | hop0: 0.0145 | hop1: 0.0237 | hop2: 0.0358
[multifield_het_nig_product_seed4042_field4_seed51_dual] step 220/390 trained 36/36 | hop0: 0.0136 | hop1: 0.0164 | hop2: 0.0390
[multifield_het_nig_product_seed4042_field4_seed51_dual] step 230/390 trained 36/36 | hop0: 0.0176 | hop1: 0.0250
[multifield_het_nig_product_seed4042_field4_seed51_dual] step 240/390 trained 36/36 | hop0: 0.0153 | hop1: 0.0326
[multifield_het_nig_product_seed4042_field4_seed51_dual] step 250/390 trained 36/36 | hop0: 0.0066 | hop1: 0.0299 | hop2: 0.0279
[multifield_het_nig_product_seed4042_field4_seed51_dual] step 260/390 trained 36/36 | hop0: 0.0147 | hop1: 0.0218 | hop2: 0.0293
[multifield_het_nig_product_seed4042_field4_seed51_dual] step 270/390 trained 36/36 | hop0: 0.0054 | hop1: 0.0288 | hop2: 0.0087
[multifield_het_nig_product_seed4042_field4_seed51_dual] step 280/390 trained 36/36 | hop0: 0.0086 | hop1: 0.0329 | hop2: 0.0193
[multifield_het_nig_product_seed4042_field4_seed51_dual] step 290/390 trained 36/36 | hop0: 0.0096 | hop1: 0.0444 | hop2: 0.0339
[multifield_het_nig_product_seed4042_field4_seed51_dual] step 300/390 trained 36/36 | hop0: 0.0164 | hop1: 0.0394 | hop2: 0.0422
[multifield_het_nig_product_seed4042_field4_seed51_dual] step 310/390 trained 36/36 | hop0: 0.0258 | hop1: 0.0274 | hop2: 0.0227
[multifield_het_nig_product_seed4042_field4_seed51_dual] step 320/390 trained 36/36 | hop0: 0.0121 | hop1: 0.0184 | hop2: 0.0060
[multifield_het_nig_product_seed4042_field4_seed51_dual] step 330/390 trained 36/36 | hop0: 0.0151 | hop1: 0.0117 | hop2: 0.0045
[multifield_het_nig_product_seed4042_field4_seed51_dual] step 340/390 trained 36/36 | hop0: 0.0309 | hop1: 0.0189 | hop2: 0.0023
[multifield_het_nig_product_seed4042_field4_seed51_dual] step 350/390 trained 36/36 | hop0: 0.0278 | hop1: 0.0177 | hop2: 0.0086
[multifield_het_nig_product_seed4042_field4_seed51_dual] step 360/390 trained 36/36 | hop0: 0.0167 | hop1: 0.0210
[multifield_het_nig_product_seed4042_field4_seed51_dual] step 370/390 trained 36/36 | hop0: 0.0099 | hop1: 0.0126 | hop2: 0.0257
[multifield_het_nig_product_seed4042_field4_seed51_dual] step 380/390 trained 36/36 | hop0: 0.0112 | hop1: 0.0203 | hop2: 0.0247
[multifield_het_nig_product_seed4042_field4_seed51_dual] mean MSE (last 50 steps): 0.0156 | cert-MSE r=0.092
[multifield_het_nig_product_seed4042_field4_seed51_dual] per-variant whole-run MSE: narrow=0.0271, baseline=0.0185, wide=0.0316
[multifield_het_nig_product_seed4042_field4_seed51_dual] saved runs\chapter5_v2\s5_6_multifield_rg\avgfusion\het\nig_product_seed4042_field4_seed51_dual\figures\results.png

### nig_product_seed4042_field4_seed51_dual: whole_run=0.02475 last50=0.01559 r(new)=-0.2001+/-0.2376
    variant_mse: {'narrow': {'whole_run': 0.027093653293789342, 'last50': 0.03040343331613874}, 'baseline': {'whole_run': 0.01845825156032007, 'last50': 0.01830382902567428}, 'wide': {'whole_run': 0.031642179902873574, 'last50': 0.024623328568888034}}
    nu_cv_mean=0.22782 weight_dev=0.08268 gamma_star_absdiff=0.00690

>>> [41/55] homog:narrow seed 42  (elapsed 284.0 min)
[het] node variants: {'narrow': 36, 'baseline': 0, 'wide': 0}
[heterogeneous_homog_narrow_nig_product] nodes=36 coverage max=9 mode=nig_product steps=390
[heterogeneous_homog_narrow_nig_product] step 000/390 trained 36/36 | hop0: 0.0237 | hop1: 0.0331
[heterogeneous_homog_narrow_nig_product] step 010/390 trained 36/36 | hop0: 0.0092 | hop1: 0.0227
[heterogeneous_homog_narrow_nig_product] step 020/390 trained 36/36 | hop0: 0.0102 | hop1: 0.0113 | hop2: 0.0142
[heterogeneous_homog_narrow_nig_product] step 030/390 trained 36/36 | hop0: 0.0066 | hop1: 0.0112 | hop2: 0.0311
[heterogeneous_homog_narrow_nig_product] step 040/390 trained 36/36 | hop0: 0.0078 | hop1: 0.0134 | hop2: 0.0257
[heterogeneous_homog_narrow_nig_product] step 050/390 trained 36/36 | hop0: 0.0063 | hop1: 0.0090 | hop2: 0.0230
[heterogeneous_homog_narrow_nig_product] step 060/390 trained 36/36 | hop0: 0.0199 | hop1: 0.0112 | hop2: 0.0403
[heterogeneous_homog_narrow_nig_product] step 070/390 trained 36/36 | hop0: 0.0030 | hop1: 0.0076 | hop2: 0.0415
[heterogeneous_homog_narrow_nig_product] step 080/390 trained 36/36 | hop0: 0.0051 | hop1: 0.0173 | hop2: 0.0374
[heterogeneous_homog_narrow_nig_product] step 090/390 trained 36/36 | hop0: 0.0146 | hop1: 0.0114
[heterogeneous_homog_narrow_nig_product] step 100/390 trained 36/36 | hop0: 0.0076 | hop1: 0.0093 | hop2: 0.0110
[heterogeneous_homog_narrow_nig_product] step 110/390 trained 36/36 | hop0: 0.0153 | hop1: 0.0182 | hop2: 0.0155
[heterogeneous_homog_narrow_nig_product] step 120/390 trained 36/36 | hop0: 0.0108 | hop1: 0.0248 | hop2: 0.0356
[heterogeneous_homog_narrow_nig_product] step 130/390 trained 36/36 | hop0: 0.0121 | hop1: 0.0420 | hop2: 0.0471
[heterogeneous_homog_narrow_nig_product] step 140/390 trained 36/36 | hop0: 0.0068 | hop1: 0.0362 | hop2: 0.0388
[heterogeneous_homog_narrow_nig_product] step 150/390 trained 36/36 | hop0: 0.0289 | hop1: 0.0205 | hop2: 0.0556
[heterogeneous_homog_narrow_nig_product] step 160/390 trained 36/36 | hop0: 0.0090 | hop1: 0.0151 | hop2: 0.0422
[heterogeneous_homog_narrow_nig_product] step 170/390 trained 36/36 | hop0: 0.0125 | hop1: 0.0119 | hop2: 0.0272
[heterogeneous_homog_narrow_nig_product] step 180/390 trained 36/36 | hop0: 0.0100 | hop1: 0.0159 | hop2: 0.0266
[heterogeneous_homog_narrow_nig_product] step 190/390 trained 36/36 | hop0: 0.0077 | hop1: 0.0203 | hop2: 0.0219
[heterogeneous_homog_narrow_nig_product] step 200/390 trained 36/36 | hop0: 0.0139 | hop1: 0.0046 | hop2: 0.0166
[heterogeneous_homog_narrow_nig_product] step 210/390 trained 36/36 | hop0: 0.0131 | hop1: 0.0092 | hop2: 0.0155
[heterogeneous_homog_narrow_nig_product] step 220/390 trained 36/36 | hop0: 0.0103 | hop1: 0.0044
[heterogeneous_homog_narrow_nig_product] step 230/390 trained 36/36 | hop0: 0.0114 | hop1: 0.0069 | hop2: 0.0041
[heterogeneous_homog_narrow_nig_product] step 240/390 trained 36/36 | hop0: 0.0102 | hop1: 0.0109 | hop2: 0.0091
[heterogeneous_homog_narrow_nig_product] step 250/390 trained 36/36 | hop0: 0.0082 | hop1: 0.0145 | hop2: 0.0160
[heterogeneous_homog_narrow_nig_product] step 260/390 trained 36/36 | hop0: 0.0195 | hop1: 0.0175
[heterogeneous_homog_narrow_nig_product] step 270/390 trained 36/36 | hop0: 0.0141 | hop1: 0.0150 | hop2: 0.0061
[heterogeneous_homog_narrow_nig_product] step 280/390 trained 36/36 | hop0: 0.0242 | hop1: 0.0180
[heterogeneous_homog_narrow_nig_product] step 290/390 trained 36/36 | hop0: 0.0159 | hop1: 0.0156 | hop2: 0.0186
[heterogeneous_homog_narrow_nig_product] step 300/390 trained 36/36 | hop0: 0.0211 | hop1: 0.0099 | hop2: 0.0147
[heterogeneous_homog_narrow_nig_product] step 310/390 trained 36/36 | hop0: 0.0206 | hop1: 0.0154 | hop2: 0.0076
[heterogeneous_homog_narrow_nig_product] step 320/390 trained 36/36 | hop0: 0.0097 | hop1: 0.0114 | hop2: 0.0064
[heterogeneous_homog_narrow_nig_product] step 330/390 trained 36/36 | hop0: 0.0136 | hop1: 0.0172 | hop2: 0.0078
[heterogeneous_homog_narrow_nig_product] step 340/390 trained 36/36 | hop0: 0.0148 | hop1: 0.0093
[heterogeneous_homog_narrow_nig_product] step 350/390 trained 36/36 | hop0: 0.0215 | hop1: 0.0136 | hop2: 0.0274
[heterogeneous_homog_narrow_nig_product] step 360/390 trained 36/36 | hop0: 0.0090 | hop1: 0.0160 | hop2: 0.0177
[heterogeneous_homog_narrow_nig_product] step 370/390 trained 36/36 | hop0: 0.0039 | hop1: 0.0135 | hop2: 0.0180
[heterogeneous_homog_narrow_nig_product] step 380/390 trained 36/36 | hop0: 0.0228 | hop1: 0.0166 | hop2: 0.0187
[heterogeneous_homog_narrow_nig_product] mean MSE (last 50 steps): 0.0163 | cert-MSE r=-0.572
[heterogeneous_homog_narrow_nig_product] saved runs\chapter5_v2\s5_6_homog_rg\narrow\homog_narrow_nig_product\figures\results.png

### heterogeneous/homog_narrow_nig_product: last50=0.0163 whole_run=0.0160 r(new)=-0.8374+/-0.0564
    variant_mse: {'narrow': {'whole_run': 0.015252716129455317, 'last50': 0.02037134364817583}}
    disagreement_stats: {'n_events': 278483, 'n_contributors_mean': 3.359468980153187, 'spread_std_mean': 0.02397587190527216, 'spread_std_median': 0.018906376985233286, 'spread_std_p90': 0.0506757049011227, 'spread_range_mean': 0.05803119937153803, 'spread_range_median': 0.04451689124107361, 'spread_range_p90': 0.1262295246124269, 'frac_range_lt_0p01': 0.10876426927316928, 'nu_std_mean': 0.008814464868504873, 'nu_std_median': 0.00726098100065773, 'nu_std_p90': 0.018181477417763308, 'nu_range_mean': 0.021469092002543492, 'nu_range_median': 0.017071932554244995, 'nu_range_p90': 0.04543882608413696, 'nu_cv_mean': 0.04580740904907673, 'nu_cv_median': 0.036873127134566974, 'nu_cv_p90': 0.09409274408908021, 'max_weight_mean': 0.36322607584205535, 'max_weight_median': 0.3467015448140503, 'max_weight_p90': 0.5213845044052636, 'max_weight_minus_uniform_mean': 0.01672136913430216, 'max_weight_minus_uniform_median': 0.013272765232385852, 'max_weight_minus_uniform_p90': 0.03424263128084057, 'gamma_star_vs_unweighted_absdiff_mean': 0.0008488464339560836, 'gamma_star_vs_unweighted_absdiff_median': 0.00036966738430292863, 'gamma_star_vs_unweighted_absdiff_p90': 0.002223055330837897}

>>> [42/55] homog:narrow seed 1042  (elapsed 291.2 min)
[het] node variants: {'narrow': 36, 'baseline': 0, 'wide': 0}
[heterogeneous_homog_narrow_nig_product_seed1042] nodes=36 coverage max=9 mode=nig_product steps=390
[heterogeneous_homog_narrow_nig_product_seed1042] step 000/390 trained 36/36 | hop0: 0.0193 | hop1: 0.0316
[heterogeneous_homog_narrow_nig_product_seed1042] step 010/390 trained 36/36 | hop0: 0.0107 | hop1: 0.0132 | hop2: 0.0313
[heterogeneous_homog_narrow_nig_product_seed1042] step 020/390 trained 36/36 | hop0: 0.0126 | hop1: 0.0220
[heterogeneous_homog_narrow_nig_product_seed1042] step 030/390 trained 36/36 | hop0: 0.0062 | hop1: 0.0114 | hop2: 0.0338
[heterogeneous_homog_narrow_nig_product_seed1042] step 040/390 trained 36/36 | hop0: 0.0143 | hop1: 0.0177 | hop2: 0.0206
[heterogeneous_homog_narrow_nig_product_seed1042] step 050/390 trained 36/36 | hop0: 0.0060 | hop1: 0.0115 | hop2: 0.0214
[heterogeneous_homog_narrow_nig_product_seed1042] step 060/390 trained 36/36 | hop0: 0.0049 | hop1: 0.0143 | hop2: 0.0304
[heterogeneous_homog_narrow_nig_product_seed1042] step 070/390 trained 36/36 | hop0: 0.0090 | hop1: 0.0202 | hop2: 0.0438
[heterogeneous_homog_narrow_nig_product_seed1042] step 080/390 trained 36/36 | hop0: 0.0161 | hop1: 0.0165 | hop2: 0.0548
[heterogeneous_homog_narrow_nig_product_seed1042] step 090/390 trained 36/36 | hop0: 0.0090 | hop1: 0.0102 | hop2: 0.0191
[heterogeneous_homog_narrow_nig_product_seed1042] step 100/390 trained 36/36 | hop0: 0.0112 | hop1: 0.0100
[heterogeneous_homog_narrow_nig_product_seed1042] step 110/390 trained 36/36 | hop0: 0.0081 | hop1: 0.0138 | hop2: 0.0169
[heterogeneous_homog_narrow_nig_product_seed1042] step 120/390 trained 36/36 | hop0: 0.0149 | hop1: 0.0136 | hop2: 0.0261
[heterogeneous_homog_narrow_nig_product_seed1042] step 130/390 trained 36/36 | hop0: 0.0167 | hop1: 0.0108 | hop2: 0.0298
[heterogeneous_homog_narrow_nig_product_seed1042] step 140/390 trained 36/36 | hop0: 0.0237 | hop1: 0.0116 | hop2: 0.0281
[heterogeneous_homog_narrow_nig_product_seed1042] step 150/390 trained 36/36 | hop0: 0.0344 | hop1: 0.0152 | hop2: 0.0244
[heterogeneous_homog_narrow_nig_product_seed1042] step 160/390 trained 36/36 | hop0: 0.0083 | hop1: 0.0182 | hop2: 0.0563
[heterogeneous_homog_narrow_nig_product_seed1042] step 170/390 trained 36/36 | hop0: 0.0119 | hop1: 0.0241 | hop2: 0.0583
[heterogeneous_homog_narrow_nig_product_seed1042] step 180/390 trained 36/36 | hop0: 0.0090 | hop1: 0.0265 | hop2: 0.0539
[heterogeneous_homog_narrow_nig_product_seed1042] step 190/390 trained 36/36 | hop0: 0.0149 | hop1: 0.0180
[heterogeneous_homog_narrow_nig_product_seed1042] step 200/390 trained 36/36 | hop0: 0.0080 | hop1: 0.0166 | hop2: 0.0101
[heterogeneous_homog_narrow_nig_product_seed1042] step 210/390 trained 36/36 | hop0: 0.0229 | hop1: 0.0200
[heterogeneous_homog_narrow_nig_product_seed1042] step 220/390 trained 36/36 | hop0: 0.0140 | hop1: 0.0070 | hop2: 0.0078
[heterogeneous_homog_narrow_nig_product_seed1042] step 230/390 trained 36/36 | hop0: 0.0127 | hop1: 0.0118 | hop2: 0.0085
[heterogeneous_homog_narrow_nig_product_seed1042] step 240/390 trained 36/36 | hop0: 0.0082 | hop1: 0.0111 | hop2: 0.0189
[heterogeneous_homog_narrow_nig_product_seed1042] step 250/390 trained 36/36 | hop0: 0.0061 | hop1: 0.0136 | hop2: 0.0356
[heterogeneous_homog_narrow_nig_product_seed1042] step 260/390 trained 36/36 | hop0: 0.0080 | hop1: 0.0139 | hop2: 0.0265
[heterogeneous_homog_narrow_nig_product_seed1042] step 270/390 trained 36/36 | hop0: 0.0109 | hop1: 0.0146
[heterogeneous_homog_narrow_nig_product_seed1042] step 280/390 trained 36/36 | hop0: 0.0111 | hop1: 0.0256
[heterogeneous_homog_narrow_nig_product_seed1042] step 290/390 trained 36/36 | hop0: 0.0101 | hop1: 0.0247
[heterogeneous_homog_narrow_nig_product_seed1042] step 300/390 trained 36/36 | hop0: 0.0067 | hop1: 0.0181 | hop2: 0.0112
[heterogeneous_homog_narrow_nig_product_seed1042] step 310/390 trained 36/36 | hop0: 0.0036 | hop1: 0.0122 | hop2: 0.0119
[heterogeneous_homog_narrow_nig_product_seed1042] step 320/390 trained 36/36 | hop0: 0.0067 | hop1: 0.0055 | hop2: 0.0021
[heterogeneous_homog_narrow_nig_product_seed1042] step 330/390 trained 36/36 | hop0: 0.0141 | hop1: 0.0041 | hop2: 0.0175
[heterogeneous_homog_narrow_nig_product_seed1042] step 340/390 trained 36/36 | hop0: 0.0076 | hop1: 0.0097 | hop2: 0.0076
[heterogeneous_homog_narrow_nig_product_seed1042] step 350/390 trained 36/36 | hop0: 0.0065 | hop1: 0.0131 | hop2: 0.0207
[heterogeneous_homog_narrow_nig_product_seed1042] step 360/390 trained 36/36 | hop0: 0.0065 | hop1: 0.0145 | hop2: 0.0428
[heterogeneous_homog_narrow_nig_product_seed1042] step 370/390 trained 36/36 | hop0: 0.0060 | hop1: 0.0216 | hop2: 0.0444
[heterogeneous_homog_narrow_nig_product_seed1042] step 380/390 trained 36/36 | hop0: 0.0159 | hop1: 0.0247 | hop2: 0.0660
[heterogeneous_homog_narrow_nig_product_seed1042] mean MSE (last 50 steps): 0.0209 | cert-MSE r=-0.410
[heterogeneous_homog_narrow_nig_product_seed1042] saved runs\chapter5_v2\s5_6_homog_rg\narrow\homog_narrow_nig_product_seed1042\figures\results.png

### heterogeneous/homog_narrow_nig_product_seed1042: last50=0.0209 whole_run=0.0168 r(new)=-0.7442+/-0.1144
    variant_mse: {'narrow': {'whole_run': 0.01590916702830819, 'last50': 0.022614304010301102}}
    disagreement_stats: {'n_events': 273512, 'n_contributors_mean': 3.3666712977858375, 'spread_std_mean': 0.020809528588736453, 'spread_std_median': 0.01517326757311821, 'spread_std_p90': 0.04495044559328281, 'spread_range_mean': 0.05052376021714009, 'spread_range_median': 0.035704106092453, 'spread_range_p90': 0.11185209155082702, 'frac_range_lt_0p01': 0.14041797069232795, 'nu_std_mean': 0.009499847233891377, 'nu_std_median': 0.007801893261189564, 'nu_std_p90': 0.019720482159197885, 'nu_range_mean': 0.023066972204466313, 'nu_range_median': 0.018383946269750595, 'nu_range_p90': 0.049070475995540604, 'nu_cv_mean': 0.048395315498718464, 'nu_cv_median': 0.03760081900185623, 'nu_cv_p90': 0.10531983797512184, 'max_weight_mean': 0.36349790490219935, 'max_weight_median': 0.3470681601815553, 'max_weight_p90': 0.5224932669278767, 'max_weight_minus_uniform_mean': 0.01763248888145193, 'max_weight_minus_uniform_median': 0.013638690478969567, 'max_weight_minus_uniform_p90': 0.037368212693187144, 'gamma_star_vs_unweighted_absdiff_mean': 0.0008950486939455825, 'gamma_star_vs_unweighted_absdiff_median': 0.00031389357619997747, 'gamma_star_vs_unweighted_absdiff_p90': 0.0021626854544262997}

>>> [43/55] homog:narrow seed 2042  (elapsed 298.3 min)
[het] node variants: {'narrow': 36, 'baseline': 0, 'wide': 0}
[heterogeneous_homog_narrow_nig_product_seed2042] nodes=36 coverage max=9 mode=nig_product steps=390
[heterogeneous_homog_narrow_nig_product_seed2042] step 000/390 trained 36/36 | hop0: 0.0477 | hop1: 0.0192 | hop2: 0.0173
[heterogeneous_homog_narrow_nig_product_seed2042] step 010/390 trained 36/36 | hop0: 0.0178 | hop1: 0.0174 | hop2: 0.0118
[heterogeneous_homog_narrow_nig_product_seed2042] step 020/390 trained 36/36 | hop0: 0.0131 | hop1: 0.0095 | hop2: 0.0128
[heterogeneous_homog_narrow_nig_product_seed2042] step 030/390 trained 36/36 | hop0: 0.0111 | hop1: 0.0121 | hop2: 0.0233
[heterogeneous_homog_narrow_nig_product_seed2042] step 040/390 trained 36/36 | hop0: 0.0083 | hop1: 0.0089 | hop2: 0.0185
[heterogeneous_homog_narrow_nig_product_seed2042] step 050/390 trained 36/36 | hop0: 0.0066 | hop1: 0.0116 | hop2: 0.0091 | hop3: 0.0111
[heterogeneous_homog_narrow_nig_product_seed2042] step 060/390 trained 36/36 | hop0: 0.0143 | hop1: 0.0122 | hop2: 0.0462
[heterogeneous_homog_narrow_nig_product_seed2042] step 070/390 trained 36/36 | hop0: 0.0117 | hop1: 0.0103 | hop2: 0.0236
[heterogeneous_homog_narrow_nig_product_seed2042] step 080/390 trained 36/36 | hop0: 0.0063 | hop1: 0.0203 | hop2: 0.0477
[heterogeneous_homog_narrow_nig_product_seed2042] step 090/390 trained 36/36 | hop0: 0.0081 | hop1: 0.0110 | hop2: 0.0395
[heterogeneous_homog_narrow_nig_product_seed2042] step 100/390 trained 36/36 | hop0: 0.0120 | hop1: 0.0086 | hop2: 0.0114
[heterogeneous_homog_narrow_nig_product_seed2042] step 110/390 trained 36/36 | hop0: 0.0080 | hop1: 0.0066 | hop2: 0.0124
[heterogeneous_homog_narrow_nig_product_seed2042] step 120/390 trained 36/36 | hop0: 0.0109 | hop1: 0.0145
[heterogeneous_homog_narrow_nig_product_seed2042] step 130/390 trained 36/36 | hop0: 0.0163 | hop1: 0.0198 | hop2: 0.0770
[heterogeneous_homog_narrow_nig_product_seed2042] step 140/390 trained 36/36 | hop0: 0.0096 | hop1: 0.0241 | hop2: 0.0881
[heterogeneous_homog_narrow_nig_product_seed2042] step 150/390 trained 36/36 | hop0: 0.0142 | hop1: 0.0161 | hop2: 0.0457
[heterogeneous_homog_narrow_nig_product_seed2042] step 160/390 trained 36/36 | hop0: 0.0114 | hop1: 0.0189 | hop2: 0.0248
[heterogeneous_homog_narrow_nig_product_seed2042] step 170/390 trained 36/36 | hop0: 0.0078 | hop1: 0.0236 | hop2: 0.0241
[heterogeneous_homog_narrow_nig_product_seed2042] step 180/390 trained 36/36 | hop0: 0.0325 | hop1: 0.0312 | hop2: 0.0386
[heterogeneous_homog_narrow_nig_product_seed2042] step 190/390 trained 36/36 | hop0: 0.0185 | hop1: 0.0165 | hop2: 0.0347
[heterogeneous_homog_narrow_nig_product_seed2042] step 200/390 trained 36/36 | hop0: 0.0171 | hop1: 0.0149
[heterogeneous_homog_narrow_nig_product_seed2042] step 210/390 trained 36/36 | hop0: 0.0160 | hop1: 0.0132
[heterogeneous_homog_narrow_nig_product_seed2042] step 220/390 trained 36/36 | hop0: 0.0127 | hop1: 0.0162 | hop2: 0.0198
[heterogeneous_homog_narrow_nig_product_seed2042] step 230/390 trained 36/36 | hop0: 0.0073 | hop1: 0.0147 | hop2: 0.0191
[heterogeneous_homog_narrow_nig_product_seed2042] step 240/390 trained 36/36 | hop0: 0.0125 | hop1: 0.0244 | hop2: 0.0549
[heterogeneous_homog_narrow_nig_product_seed2042] step 250/390 trained 36/36 | hop0: 0.0178 | hop1: 0.0236 | hop2: 0.0243
[heterogeneous_homog_narrow_nig_product_seed2042] step 260/390 trained 36/36 | hop0: 0.0225 | hop1: 0.0221 | hop2: 0.0254
[heterogeneous_homog_narrow_nig_product_seed2042] step 270/390 trained 36/36 | hop0: 0.0053 | hop1: 0.0125 | hop2: 0.0302 | hop3: 0.0385
[heterogeneous_homog_narrow_nig_product_seed2042] step 280/390 trained 36/36 | hop0: 0.0115 | hop1: 0.0110 | hop2: 0.0236
[heterogeneous_homog_narrow_nig_product_seed2042] step 290/390 trained 36/36 | hop0: 0.0061 | hop1: 0.0211 | hop2: 0.0169
[heterogeneous_homog_narrow_nig_product_seed2042] step 300/390 trained 36/36 | hop0: 0.0051 | hop1: 0.0090 | hop2: 0.0453 | hop3: 0.0098
[heterogeneous_homog_narrow_nig_product_seed2042] step 310/390 trained 36/36 | hop0: 0.0098 | hop1: 0.0102 | hop2: 0.0344 | hop3: 0.0310
[heterogeneous_homog_narrow_nig_product_seed2042] step 320/390 trained 36/36 | hop0: 0.0100 | hop1: 0.0106 | hop2: 0.0161
[heterogeneous_homog_narrow_nig_product_seed2042] step 330/390 trained 36/36 | hop0: 0.0051 | hop1: 0.0089 | hop2: 0.0094 | hop3: 0.0026
[heterogeneous_homog_narrow_nig_product_seed2042] step 340/390 trained 36/36 | hop0: 0.0071 | hop1: 0.0144 | hop2: 0.0120 | hop3: 0.0166
[heterogeneous_homog_narrow_nig_product_seed2042] step 350/390 trained 36/36 | hop0: 0.0140 | hop1: 0.0121 | hop2: 0.0229 | hop3: 0.0146
[heterogeneous_homog_narrow_nig_product_seed2042] step 360/390 trained 36/36 | hop0: 0.0075 | hop1: 0.0107 | hop2: 0.0438
[heterogeneous_homog_narrow_nig_product_seed2042] step 370/390 trained 36/36 | hop0: 0.0095 | hop1: 0.0232 | hop2: 0.0863
[heterogeneous_homog_narrow_nig_product_seed2042] step 380/390 trained 36/36 | hop0: 0.0113 | hop1: 0.0275 | hop2: 0.0376
[heterogeneous_homog_narrow_nig_product_seed2042] mean MSE (last 50 steps): 0.0187 | cert-MSE r=-0.076
[heterogeneous_homog_narrow_nig_product_seed2042] saved runs\chapter5_v2\s5_6_homog_rg\narrow\homog_narrow_nig_product_seed2042\figures\results.png

### heterogeneous/homog_narrow_nig_product_seed2042: last50=0.0187 whole_run=0.0181 r(new)=-0.7530+/-0.1231
    variant_mse: {'narrow': {'whole_run': 0.016712856828313576, 'last50': 0.01450343819804832}}
    disagreement_stats: {'n_events': 289212, 'n_contributors_mean': 3.3331189577195968, 'spread_std_mean': 0.019918859315058383, 'spread_std_median': 0.015530589045274722, 'spread_std_p90': 0.041687646458696284, 'spread_range_mean': 0.0485337015554247, 'spread_range_median': 0.03638629615306854, 'spread_range_p90': 0.1051349341869354, 'frac_range_lt_0p01': 0.13502897528456634, 'nu_std_mean': 0.00937203633325151, 'nu_std_median': 0.007527345260727547, 'nu_std_p90': 0.0194185445937305, 'nu_range_mean': 0.02275827325654443, 'nu_range_median': 0.017676852643489838, 'nu_range_p90': 0.04802326187491417, 'nu_cv_mean': 0.04995867255644351, 'nu_cv_median': 0.03781247468351777, 'nu_cv_p90': 0.10784563200352924, 'max_weight_mean': 0.3668149864838099, 'max_weight_median': 0.3476199785762837, 'max_weight_p90': 0.5222057909958127, 'max_weight_minus_uniform_mean': 0.018151623374988095, 'max_weight_minus_uniform_median': 0.013151155212308294, 'max_weight_minus_uniform_p90': 0.03920460965566137, 'gamma_star_vs_unweighted_absdiff_mean': 0.000758699037206802, 'gamma_star_vs_unweighted_absdiff_median': 0.00033255132526842433, 'gamma_star_vs_unweighted_absdiff_p90': 0.001759397362825332}

>>> [44/55] homog:narrow seed 3042  (elapsed 305.6 min)
[het] node variants: {'narrow': 36, 'baseline': 0, 'wide': 0}
[heterogeneous_homog_narrow_nig_product_seed3042] nodes=36 coverage max=9 mode=nig_product steps=390
[heterogeneous_homog_narrow_nig_product_seed3042] step 000/390 trained 36/36 | hop0: 0.0203 | hop1: 0.0289 | hop2: 0.0700
[heterogeneous_homog_narrow_nig_product_seed3042] step 010/390 trained 36/36 | hop0: 0.0155 | hop1: 0.0234
[heterogeneous_homog_narrow_nig_product_seed3042] step 020/390 trained 36/36 | hop0: 0.0144 | hop1: 0.0144
[heterogeneous_homog_narrow_nig_product_seed3042] step 030/390 trained 36/36 | hop0: 0.0125 | hop1: 0.0132
[heterogeneous_homog_narrow_nig_product_seed3042] step 040/390 trained 36/36 | hop0: 0.0066 | hop1: 0.0123
[heterogeneous_homog_narrow_nig_product_seed3042] step 050/390 trained 36/36 | hop0: 0.0073 | hop1: 0.0125 | hop2: 0.0080
[heterogeneous_homog_narrow_nig_product_seed3042] step 060/390 trained 36/36 | hop0: 0.0042 | hop1: 0.0128 | hop2: 0.0475
[heterogeneous_homog_narrow_nig_product_seed3042] step 070/390 trained 36/36 | hop0: 0.0089 | hop1: 0.0120 | hop2: 0.0633
[heterogeneous_homog_narrow_nig_product_seed3042] step 080/390 trained 36/36 | hop0: 0.0068 | hop1: 0.0113 | hop2: 0.0731
[heterogeneous_homog_narrow_nig_product_seed3042] step 090/390 trained 36/36 | hop0: 0.0100 | hop1: 0.0128 | hop2: 0.0293 | hop3: 0.0507
[heterogeneous_homog_narrow_nig_product_seed3042] step 100/390 trained 36/36 | hop0: 0.0085 | hop1: 0.0073 | hop2: 0.0086
[heterogeneous_homog_narrow_nig_product_seed3042] step 110/390 trained 36/36 | hop0: 0.0113 | hop1: 0.0109 | hop2: 0.0152
[heterogeneous_homog_narrow_nig_product_seed3042] step 120/390 trained 36/36 | hop0: 0.0160 | hop1: 0.0299 | hop2: 0.0204
[heterogeneous_homog_narrow_nig_product_seed3042] step 130/390 trained 36/36 | hop0: 0.0189 | hop1: 0.0243 | hop2: 0.0376
[heterogeneous_homog_narrow_nig_product_seed3042] step 140/390 trained 36/36 | hop0: 0.0364 | hop1: 0.0163 | hop2: 0.0153
[heterogeneous_homog_narrow_nig_product_seed3042] step 150/390 trained 36/36 | hop0: 0.0166 | hop1: 0.0128 | hop2: 0.0018
[heterogeneous_homog_narrow_nig_product_seed3042] step 160/390 trained 36/36 | hop0: 0.0152 | hop1: 0.0127 | hop2: 0.0119
[heterogeneous_homog_narrow_nig_product_seed3042] step 170/390 trained 36/36 | hop0: 0.0056 | hop1: 0.0055 | hop2: 0.0143
[heterogeneous_homog_narrow_nig_product_seed3042] step 180/390 trained 36/36 | hop0: 0.0114 | hop1: 0.0079
[heterogeneous_homog_narrow_nig_product_seed3042] step 190/390 trained 36/36 | hop0: 0.0189 | hop1: 0.0101
[heterogeneous_homog_narrow_nig_product_seed3042] step 200/390 trained 36/36 | hop0: 0.0089 | hop1: 0.0148
[heterogeneous_homog_narrow_nig_product_seed3042] step 210/390 trained 36/36 | hop0: 0.0114 | hop1: 0.0138 | hop2: 0.0017
[heterogeneous_homog_narrow_nig_product_seed3042] step 220/390 trained 36/36 | hop0: 0.0068 | hop1: 0.0074 | hop2: 0.0022
[heterogeneous_homog_narrow_nig_product_seed3042] step 230/390 trained 36/36 | hop0: 0.0100 | hop1: 0.0158 | hop2: 0.0072
[heterogeneous_homog_narrow_nig_product_seed3042] step 240/390 trained 36/36 | hop0: 0.0119 | hop1: 0.0144 | hop2: 0.0223
[heterogeneous_homog_narrow_nig_product_seed3042] step 250/390 trained 36/36 | hop0: 0.0134 | hop1: 0.0125 | hop2: 0.0243
[heterogeneous_homog_narrow_nig_product_seed3042] step 260/390 trained 36/36 | hop0: 0.0140 | hop1: 0.0207 | hop2: 0.0568
[heterogeneous_homog_narrow_nig_product_seed3042] step 270/390 trained 36/36 | hop0: 0.0134 | hop1: 0.0413 | hop2: 0.0433
[heterogeneous_homog_narrow_nig_product_seed3042] step 280/390 trained 36/36 | hop0: 0.0039 | hop1: 0.0172 | hop2: 0.0242
[heterogeneous_homog_narrow_nig_product_seed3042] step 290/390 trained 36/36 | hop0: 0.0053 | hop1: 0.0138
[heterogeneous_homog_narrow_nig_product_seed3042] step 300/390 trained 36/36 | hop0: 0.0082 | hop1: 0.0139 | hop2: 0.0180
[heterogeneous_homog_narrow_nig_product_seed3042] step 310/390 trained 36/36 | hop0: 0.0043 | hop1: 0.0083 | hop2: 0.0051
[heterogeneous_homog_narrow_nig_product_seed3042] step 320/390 trained 36/36 | hop0: 0.0029 | hop1: 0.0051 | hop2: 0.0033
[heterogeneous_homog_narrow_nig_product_seed3042] step 330/390 trained 36/36 | hop0: 0.0085 | hop1: 0.0073
[heterogeneous_homog_narrow_nig_product_seed3042] step 340/390 trained 36/36 | hop0: 0.0066 | hop1: 0.0109
[heterogeneous_homog_narrow_nig_product_seed3042] step 350/390 trained 36/36 | hop0: 0.0126 | hop1: 0.0109 | hop2: 0.0250
[heterogeneous_homog_narrow_nig_product_seed3042] step 360/390 trained 36/36 | hop0: 0.0080 | hop1: 0.0137 | hop2: 0.0145
[heterogeneous_homog_narrow_nig_product_seed3042] step 370/390 trained 36/36 | hop0: 0.0168 | hop1: 0.0159
[heterogeneous_homog_narrow_nig_product_seed3042] step 380/390 trained 36/36 | hop0: 0.0166 | hop1: 0.0243 | hop2: 0.0315
[heterogeneous_homog_narrow_nig_product_seed3042] mean MSE (last 50 steps): 0.0187 | cert-MSE r=-0.465
[heterogeneous_homog_narrow_nig_product_seed3042] saved runs\chapter5_v2\s5_6_homog_rg\narrow\homog_narrow_nig_product_seed3042\figures\results.png

### heterogeneous/homog_narrow_nig_product_seed3042: last50=0.0187 whole_run=0.0165 r(new)=-0.8087+/-0.0973
    variant_mse: {'narrow': {'whole_run': 0.015378535397273237, 'last50': 0.02351178123593682}}
    disagreement_stats: {'n_events': 272913, 'n_contributors_mean': 3.3730822643113374, 'spread_std_mean': 0.021130437226660723, 'spread_std_median': 0.016611050333035594, 'spread_std_p90': 0.044340725622070545, 'spread_range_mean': 0.05156651548256322, 'spread_range_median': 0.03913947939872742, 'spread_range_p90': 0.11183959245681763, 'frac_range_lt_0p01': 0.12178606369062668, 'nu_std_mean': 0.008222697711038821, 'nu_std_median': 0.006934762001037598, 'nu_std_p90': 0.016510107862007073, 'nu_range_mean': 0.02004054430170655, 'nu_range_median': 0.01631392538547516, 'nu_range_p90': 0.04140715003013614, 'nu_cv_mean': 0.04092932337960562, 'nu_cv_median': 0.03493634185068265, 'nu_cv_p90': 0.0818826615320082, 'max_weight_mean': 0.3604586582529328, 'max_weight_median': 0.3460378825431294, 'max_weight_p90': 0.5185349146123989, 'max_weight_minus_uniform_mean': 0.015141840037883247, 'max_weight_minus_uniform_median': 0.012722003719233987, 'max_weight_minus_uniform_p90': 0.029843997310573536, 'gamma_star_vs_unweighted_absdiff_mean': 0.0006281434211298608, 'gamma_star_vs_unweighted_absdiff_median': 0.0003142854063373638, 'gamma_star_vs_unweighted_absdiff_p90': 0.0015993943620328474}

>>> [45/55] homog:narrow seed 4042  (elapsed 312.7 min)
[het] node variants: {'narrow': 36, 'baseline': 0, 'wide': 0}
[heterogeneous_homog_narrow_nig_product_seed4042] nodes=36 coverage max=9 mode=nig_product steps=390
[heterogeneous_homog_narrow_nig_product_seed4042] step 000/390 trained 36/36 | hop0: 0.0110 | hop1: 0.0272 | hop2: 0.0808
[heterogeneous_homog_narrow_nig_product_seed4042] step 010/390 trained 36/36 | hop0: 0.0178 | hop1: 0.0274
[heterogeneous_homog_narrow_nig_product_seed4042] step 020/390 trained 36/36 | hop0: 0.0109 | hop1: 0.0226 | hop2: 0.0308
[heterogeneous_homog_narrow_nig_product_seed4042] step 030/390 trained 36/36 | hop0: 0.0135 | hop1: 0.0114 | hop2: 0.0141
[heterogeneous_homog_narrow_nig_product_seed4042] step 040/390 trained 36/36 | hop0: 0.0176 | hop1: 0.0243 | hop2: 0.0433
[heterogeneous_homog_narrow_nig_product_seed4042] step 050/390 trained 36/36 | hop0: 0.0215 | hop1: 0.0114 | hop2: 0.0335
[heterogeneous_homog_narrow_nig_product_seed4042] step 060/390 trained 36/36 | hop0: 0.0136 | hop1: 0.0083 | hop2: 0.0119
[heterogeneous_homog_narrow_nig_product_seed4042] step 070/390 trained 36/36 | hop0: 0.0105 | hop1: 0.0150 | hop2: 0.0185
[heterogeneous_homog_narrow_nig_product_seed4042] step 080/390 trained 36/36 | hop0: 0.0048 | hop1: 0.0196 | hop2: 0.0315
[heterogeneous_homog_narrow_nig_product_seed4042] step 090/390 trained 36/36 | hop0: 0.0180 | hop1: 0.0150 | hop2: 0.0247 | hop3: 0.0603
[heterogeneous_homog_narrow_nig_product_seed4042] step 100/390 trained 36/36 | hop0: 0.0107 | hop1: 0.0141 | hop2: 0.0357 | hop3: 0.0691
[heterogeneous_homog_narrow_nig_product_seed4042] step 110/390 trained 36/36 | hop0: 0.0061 | hop1: 0.0221 | hop2: 0.0549
[heterogeneous_homog_narrow_nig_product_seed4042] step 120/390 trained 36/36 | hop0: 0.0252 | hop1: 0.0307 | hop2: 0.0838
[heterogeneous_homog_narrow_nig_product_seed4042] step 130/390 trained 36/36 | hop0: 0.0314 | hop1: 0.0256
[heterogeneous_homog_narrow_nig_product_seed4042] step 140/390 trained 36/36 | hop0: 0.0231 | hop1: 0.0158 | hop2: 0.0207
[heterogeneous_homog_narrow_nig_product_seed4042] step 150/390 trained 36/36 | hop0: 0.0132 | hop1: 0.0074 | hop2: 0.0136
[heterogeneous_homog_narrow_nig_product_seed4042] step 160/390 trained 36/36 | hop0: 0.0064 | hop1: 0.0154 | hop2: 0.0212
[heterogeneous_homog_narrow_nig_product_seed4042] step 170/390 trained 36/36 | hop0: 0.0076 | hop1: 0.0169 | hop2: 0.0206
[heterogeneous_homog_narrow_nig_product_seed4042] step 180/390 trained 36/36 | hop0: 0.0135 | hop1: 0.0209 | hop2: 0.0249
[heterogeneous_homog_narrow_nig_product_seed4042] step 190/390 trained 36/36 | hop0: 0.0092 | hop1: 0.0240 | hop2: 0.0349
[heterogeneous_homog_narrow_nig_product_seed4042] step 200/390 trained 36/36 | hop0: 0.0103 | hop1: 0.0201 | hop2: 0.0238
[heterogeneous_homog_narrow_nig_product_seed4042] step 210/390 trained 36/36 | hop0: 0.0146 | hop1: 0.0155 | hop2: 0.0219
[heterogeneous_homog_narrow_nig_product_seed4042] step 220/390 trained 36/36 | hop0: 0.0068 | hop1: 0.0074 | hop2: 0.0066
[heterogeneous_homog_narrow_nig_product_seed4042] step 230/390 trained 36/36 | hop0: 0.0171 | hop1: 0.0097
[heterogeneous_homog_narrow_nig_product_seed4042] step 240/390 trained 36/36 | hop0: 0.0158 | hop1: 0.0175
[heterogeneous_homog_narrow_nig_product_seed4042] step 250/390 trained 36/36 | hop0: 0.0043 | hop1: 0.0146 | hop2: 0.0199
[heterogeneous_homog_narrow_nig_product_seed4042] step 260/390 trained 36/36 | hop0: 0.0195 | hop1: 0.0195 | hop2: 0.0101
[heterogeneous_homog_narrow_nig_product_seed4042] step 270/390 trained 36/36 | hop0: 0.0071 | hop1: 0.0130 | hop2: 0.0022
[heterogeneous_homog_narrow_nig_product_seed4042] step 280/390 trained 36/36 | hop0: 0.0133 | hop1: 0.0121 | hop2: 0.0155
[heterogeneous_homog_narrow_nig_product_seed4042] step 290/390 trained 36/36 | hop0: 0.0101 | hop1: 0.0119 | hop2: 0.0096
[heterogeneous_homog_narrow_nig_product_seed4042] step 300/390 trained 36/36 | hop0: 0.0087 | hop1: 0.0100 | hop2: 0.0075
[heterogeneous_homog_narrow_nig_product_seed4042] step 310/390 trained 36/36 | hop0: 0.0065 | hop1: 0.0082 | hop2: 0.0064
[heterogeneous_homog_narrow_nig_product_seed4042] step 320/390 trained 36/36 | hop0: 0.0052 | hop1: 0.0105 | hop2: 0.0018
[heterogeneous_homog_narrow_nig_product_seed4042] step 330/390 trained 36/36 | hop0: 0.0044 | hop1: 0.0060 | hop2: 0.0043
[heterogeneous_homog_narrow_nig_product_seed4042] step 340/390 trained 36/36 | hop0: 0.0070 | hop1: 0.0149 | hop2: 0.0243
[heterogeneous_homog_narrow_nig_product_seed4042] step 350/390 trained 36/36 | hop0: 0.0251 | hop1: 0.0069 | hop2: 0.0209
[heterogeneous_homog_narrow_nig_product_seed4042] step 360/390 trained 36/36 | hop0: 0.0186 | hop1: 0.0162
[heterogeneous_homog_narrow_nig_product_seed4042] step 370/390 trained 36/36 | hop0: 0.0106 | hop1: 0.0184 | hop2: 0.0278
[heterogeneous_homog_narrow_nig_product_seed4042] step 380/390 trained 36/36 | hop0: 0.0129 | hop1: 0.0150 | hop2: 0.0490
[heterogeneous_homog_narrow_nig_product_seed4042] mean MSE (last 50 steps): 0.0178 | cert-MSE r=-0.459
[heterogeneous_homog_narrow_nig_product_seed4042] saved runs\chapter5_v2\s5_6_homog_rg\narrow\homog_narrow_nig_product_seed4042\figures\results.png

### heterogeneous/homog_narrow_nig_product_seed4042: last50=0.0178 whole_run=0.0183 r(new)=-0.8057+/-0.0865
    variant_mse: {'narrow': {'whole_run': 0.016254928179065334, 'last50': 0.022552149235583675}}
    disagreement_stats: {'n_events': 274255, 'n_contributors_mean': 3.3577801680917396, 'spread_std_mean': 0.01735711757305847, 'spread_std_median': 0.014121273872751063, 'spread_std_p90': 0.035513190154214, 'spread_range_mean': 0.042230479828112774, 'spread_range_median': 0.03330641984939575, 'spread_range_p90': 0.08901010751724243, 'frac_range_lt_0p01': 0.1461595959964267, 'nu_std_mean': 0.009179674239595445, 'nu_std_median': 0.00793488323688507, 'nu_std_p90': 0.018601014575610288, 'nu_range_mean': 0.022328687484624417, 'nu_range_median': 0.01845422387123108, 'nu_range_p90': 0.047486874461174014, 'nu_cv_mean': 0.043649983720373355, 'nu_cv_median': 0.037099878500616315, 'nu_cv_p90': 0.08835937975663208, 'max_weight_mean': 0.362630470055076, 'max_weight_median': 0.3470526549524077, 'max_weight_p90': 0.5194103660861294, 'max_weight_minus_uniform_mean': 0.01592109027209676, 'max_weight_minus_uniform_median': 0.013318238042016484, 'max_weight_minus_uniform_p90': 0.031336335342075104, 'gamma_star_vs_unweighted_absdiff_mean': 0.000553938962316466, 'gamma_star_vs_unweighted_absdiff_median': 0.00026880905339338526, 'gamma_star_vs_unweighted_absdiff_p90': 0.0014255386686169117}

>>> [46/55] homog:baseline seed 42  (elapsed 319.8 min)
[heterogeneous_het_nig_product] nodes=36 coverage max=9 mode=nig_product steps=390
[heterogeneous_het_nig_product] step 000/390 trained 36/36 | hop0: 0.0115 | hop1: 0.0276
[heterogeneous_het_nig_product] step 010/390 trained 36/36 | hop0: 0.0061 | hop1: 0.0148
[heterogeneous_het_nig_product] step 020/390 trained 36/36 | hop0: 0.0077 | hop1: 0.0079 | hop2: 0.0108
[heterogeneous_het_nig_product] step 030/390 trained 36/36 | hop0: 0.0026 | hop1: 0.0092 | hop2: 0.0283
[heterogeneous_het_nig_product] step 040/390 trained 36/36 | hop0: 0.0028 | hop1: 0.0058 | hop2: 0.0189
[heterogeneous_het_nig_product] step 050/390 trained 36/36 | hop0: 0.0018 | hop1: 0.0044 | hop2: 0.0143
[heterogeneous_het_nig_product] step 060/390 trained 36/36 | hop0: 0.0010 | hop1: 0.0041 | hop2: 0.0292
[heterogeneous_het_nig_product] step 070/390 trained 36/36 | hop0: 0.0015 | hop1: 0.0052 | hop2: 0.0451
[heterogeneous_het_nig_product] step 080/390 trained 36/36 | hop0: 0.0016 | hop1: 0.0099 | hop2: 0.0408
[heterogeneous_het_nig_product] step 090/390 trained 36/36 | hop0: 0.0096 | hop1: 0.0081
[heterogeneous_het_nig_product] step 100/390 trained 36/36 | hop0: 0.0051 | hop1: 0.0057 | hop2: 0.0042
[heterogeneous_het_nig_product] step 110/390 trained 36/36 | hop0: 0.0050 | hop1: 0.0063 | hop2: 0.0089
[heterogeneous_het_nig_product] step 120/390 trained 36/36 | hop0: 0.0087 | hop1: 0.0143 | hop2: 0.0092
[heterogeneous_het_nig_product] step 130/390 trained 36/36 | hop0: 0.0098 | hop1: 0.0266 | hop2: 0.0170
[heterogeneous_het_nig_product] step 140/390 trained 36/36 | hop0: 0.0040 | hop1: 0.0258 | hop2: 0.0226
[heterogeneous_het_nig_product] step 150/390 trained 36/36 | hop0: 0.0037 | hop1: 0.0105 | hop2: 0.0433
[heterogeneous_het_nig_product] step 160/390 trained 36/36 | hop0: 0.0044 | hop1: 0.0082 | hop2: 0.0284
[heterogeneous_het_nig_product] step 170/390 trained 36/36 | hop0: 0.0028 | hop1: 0.0076 | hop2: 0.0176
[heterogeneous_het_nig_product] step 180/390 trained 36/36 | hop0: 0.0023 | hop1: 0.0036 | hop2: 0.0127
[heterogeneous_het_nig_product] step 190/390 trained 36/36 | hop0: 0.0028 | hop1: 0.0050 | hop2: 0.0158
[heterogeneous_het_nig_product] step 200/390 trained 36/36 | hop0: 0.0026 | hop1: 0.0035 | hop2: 0.0106
[heterogeneous_het_nig_product] step 210/390 trained 36/36 | hop0: 0.0028 | hop1: 0.0019 | hop2: 0.0041
[heterogeneous_het_nig_product] step 220/390 trained 36/36 | hop0: 0.0023 | hop1: 0.0019
[heterogeneous_het_nig_product] step 230/390 trained 36/36 | hop0: 0.0025 | hop1: 0.0034 | hop2: 0.0020
[heterogeneous_het_nig_product] step 240/390 trained 36/36 | hop0: 0.0027 | hop1: 0.0059 | hop2: 0.0059
[heterogeneous_het_nig_product] step 250/390 trained 36/36 | hop0: 0.0036 | hop1: 0.0080 | hop2: 0.0173
[heterogeneous_het_nig_product] step 260/390 trained 36/36 | hop0: 0.0066 | hop1: 0.0070
[heterogeneous_het_nig_product] step 270/390 trained 36/36 | hop0: 0.0042 | hop1: 0.0054 | hop2: 0.0050
[heterogeneous_het_nig_product] step 280/390 trained 36/36 | hop0: 0.0034 | hop1: 0.0067
[heterogeneous_het_nig_product] step 290/390 trained 36/36 | hop0: 0.0119 | hop1: 0.0058 | hop2: 0.0090
[heterogeneous_het_nig_product] step 300/390 trained 36/36 | hop0: 0.0141 | hop1: 0.0064 | hop2: 0.0073
[heterogeneous_het_nig_product] step 310/390 trained 36/36 | hop0: 0.0097 | hop1: 0.0069 | hop2: 0.0035
[heterogeneous_het_nig_product] step 320/390 trained 36/36 | hop0: 0.0048 | hop1: 0.0058 | hop2: 0.0023
[heterogeneous_het_nig_product] step 330/390 trained 36/36 | hop0: 0.0037 | hop1: 0.0042 | hop2: 0.0064
[heterogeneous_het_nig_product] step 340/390 trained 36/36 | hop0: 0.0085 | hop1: 0.0050
[heterogeneous_het_nig_product] step 350/390 trained 36/36 | hop0: 0.0155 | hop1: 0.0073 | hop2: 0.0012
[heterogeneous_het_nig_product] step 360/390 trained 36/36 | hop0: 0.0060 | hop1: 0.0137 | hop2: 0.0070
[heterogeneous_het_nig_product] step 370/390 trained 36/36 | hop0: 0.0044 | hop1: 0.0110 | hop2: 0.0124
[heterogeneous_het_nig_product] step 380/390 trained 36/36 | hop0: 0.0051 | hop1: 0.0087 | hop2: 0.0125
[heterogeneous_het_nig_product] mean MSE (last 50 steps): 0.0112 | cert-MSE r=-0.542
[heterogeneous_het_nig_product] saved runs\chapter5_v2\s5_6_homog_rg\baseline\het_nig_product\figures\results.png

### heterogeneous/het_nig_product: last50=0.0112 whole_run=0.0094 r(new)=-0.2873+/-0.1226
    variant_mse: {'baseline': {'whole_run': 0.008284892897838974, 'last50': 0.00914583005465949}}
    disagreement_stats: {'n_events': 278483, 'n_contributors_mean': 3.359468980153187, 'spread_std_mean': 0.022713038536034166, 'spread_std_median': 0.01807418465614319, 'spread_std_p90': 0.04742350071578666, 'spread_range_mean': 0.05504332206992708, 'spread_range_median': 0.042457640171051025, 'spread_range_p90': 0.1186017692089081, 'frac_range_lt_0p01': 0.10926340207481247, 'nu_std_mean': 0.012742887396911385, 'nu_std_median': 0.010884249015512068, 'nu_std_p90': 0.026062565438332113, 'nu_range_mean': 0.03090010000068929, 'nu_range_median': 0.025483161211013794, 'nu_range_p90': 0.06580367684364319, 'nu_cv_mean': 0.04467670519502675, 'nu_cv_median': 0.036619001693968686, 'nu_cv_p90': 0.09441204650786773, 'max_weight_mean': 0.3622242414430904, 'max_weight_median': 0.34641487210477573, 'max_weight_p90': 0.52078946809665, 'max_weight_minus_uniform_mean': 0.01571953473533723, 'max_weight_minus_uniform_median': 0.012654437711647315, 'max_weight_minus_uniform_p90': 0.03304621969070547, 'gamma_star_vs_unweighted_absdiff_mean': 0.0008115847482755944, 'gamma_star_vs_unweighted_absdiff_median': 0.0003345790664479875, 'gamma_star_vs_unweighted_absdiff_p90': 0.002226420548778992}

>>> [47/55] homog:baseline seed 1042  (elapsed 327.0 min)
[heterogeneous_het_nig_product_seed1042] nodes=36 coverage max=9 mode=nig_product steps=390
[heterogeneous_het_nig_product_seed1042] step 000/390 trained 36/36 | hop0: 0.0153 | hop1: 0.0237
[heterogeneous_het_nig_product_seed1042] step 010/390 trained 36/36 | hop0: 0.0097 | hop1: 0.0106 | hop2: 0.0301
[heterogeneous_het_nig_product_seed1042] step 020/390 trained 36/36 | hop0: 0.0057 | hop1: 0.0100
[heterogeneous_het_nig_product_seed1042] step 030/390 trained 36/36 | hop0: 0.0041 | hop1: 0.0105 | hop2: 0.0300
[heterogeneous_het_nig_product_seed1042] step 040/390 trained 36/36 | hop0: 0.0031 | hop1: 0.0059 | hop2: 0.0161
[heterogeneous_het_nig_product_seed1042] step 050/390 trained 36/36 | hop0: 0.0029 | hop1: 0.0053 | hop2: 0.0204
[heterogeneous_het_nig_product_seed1042] step 060/390 trained 36/36 | hop0: 0.0024 | hop1: 0.0060 | hop2: 0.0278
[heterogeneous_het_nig_product_seed1042] step 070/390 trained 36/36 | hop0: 0.0024 | hop1: 0.0052 | hop2: 0.0493
[heterogeneous_het_nig_product_seed1042] step 080/390 trained 36/36 | hop0: 0.0018 | hop1: 0.0080 | hop2: 0.0582
[heterogeneous_het_nig_product_seed1042] step 090/390 trained 36/36 | hop0: 0.0020 | hop1: 0.0070 | hop2: 0.0219
[heterogeneous_het_nig_product_seed1042] step 100/390 trained 36/36 | hop0: 0.0034 | hop1: 0.0046
[heterogeneous_het_nig_product_seed1042] step 110/390 trained 36/36 | hop0: 0.0028 | hop1: 0.0042 | hop2: 0.0103
[heterogeneous_het_nig_product_seed1042] step 120/390 trained 36/36 | hop0: 0.0079 | hop1: 0.0076 | hop2: 0.0246
[heterogeneous_het_nig_product_seed1042] step 130/390 trained 36/36 | hop0: 0.0155 | hop1: 0.0100 | hop2: 0.0306
[heterogeneous_het_nig_product_seed1042] step 140/390 trained 36/36 | hop0: 0.0161 | hop1: 0.0081 | hop2: 0.0231
[heterogeneous_het_nig_product_seed1042] step 150/390 trained 36/36 | hop0: 0.0122 | hop1: 0.0080 | hop2: 0.0178
[heterogeneous_het_nig_product_seed1042] step 160/390 trained 36/36 | hop0: 0.0048 | hop1: 0.0109 | hop2: 0.0294
[heterogeneous_het_nig_product_seed1042] step 170/390 trained 36/36 | hop0: 0.0028 | hop1: 0.0103 | hop2: 0.0301
[heterogeneous_het_nig_product_seed1042] step 180/390 trained 36/36 | hop0: 0.0048 | hop1: 0.0134 | hop2: 0.0240
[heterogeneous_het_nig_product_seed1042] step 190/390 trained 36/36 | hop0: 0.0089 | hop1: 0.0125
[heterogeneous_het_nig_product_seed1042] step 200/390 trained 36/36 | hop0: 0.0062 | hop1: 0.0110 | hop2: 0.0089
[heterogeneous_het_nig_product_seed1042] step 210/390 trained 36/36 | hop0: 0.0037 | hop1: 0.0097
[heterogeneous_het_nig_product_seed1042] step 220/390 trained 36/36 | hop0: 0.0058 | hop1: 0.0049 | hop2: 0.0076
[heterogeneous_het_nig_product_seed1042] step 230/390 trained 36/36 | hop0: 0.0077 | hop1: 0.0036 | hop2: 0.0053
[heterogeneous_het_nig_product_seed1042] step 240/390 trained 36/36 | hop0: 0.0053 | hop1: 0.0067 | hop2: 0.0112
[heterogeneous_het_nig_product_seed1042] step 250/390 trained 36/36 | hop0: 0.0046 | hop1: 0.0082 | hop2: 0.0170
[heterogeneous_het_nig_product_seed1042] step 260/390 trained 36/36 | hop0: 0.0061 | hop1: 0.0107 | hop2: 0.0239
[heterogeneous_het_nig_product_seed1042] step 270/390 trained 36/36 | hop0: 0.0072 | hop1: 0.0095
[heterogeneous_het_nig_product_seed1042] step 280/390 trained 36/36 | hop0: 0.0043 | hop1: 0.0123
[heterogeneous_het_nig_product_seed1042] step 290/390 trained 36/36 | hop0: 0.0020 | hop1: 0.0140
[heterogeneous_het_nig_product_seed1042] step 300/390 trained 36/36 | hop0: 0.0035 | hop1: 0.0142 | hop2: 0.0029
[heterogeneous_het_nig_product_seed1042] step 310/390 trained 36/36 | hop0: 0.0019 | hop1: 0.0077 | hop2: 0.0107
[heterogeneous_het_nig_product_seed1042] step 320/390 trained 36/36 | hop0: 0.0030 | hop1: 0.0035 | hop2: 0.0023
[heterogeneous_het_nig_product_seed1042] step 330/390 trained 36/36 | hop0: 0.0028 | hop1: 0.0017 | hop2: 0.0007
[heterogeneous_het_nig_product_seed1042] step 340/390 trained 36/36 | hop0: 0.0033 | hop1: 0.0044 | hop2: 0.0019
[heterogeneous_het_nig_product_seed1042] step 350/390 trained 36/36 | hop0: 0.0023 | hop1: 0.0093 | hop2: 0.0089
[heterogeneous_het_nig_product_seed1042] step 360/390 trained 36/36 | hop0: 0.0026 | hop1: 0.0069 | hop2: 0.0361
[heterogeneous_het_nig_product_seed1042] step 370/390 trained 36/36 | hop0: 0.0051 | hop1: 0.0141 | hop2: 0.0358
[heterogeneous_het_nig_product_seed1042] step 380/390 trained 36/36 | hop0: 0.0074 | hop1: 0.0166 | hop2: 0.0385
[heterogeneous_het_nig_product_seed1042] mean MSE (last 50 steps): 0.0141 | cert-MSE r=-0.219
[heterogeneous_het_nig_product_seed1042] saved runs\chapter5_v2\s5_6_homog_rg\baseline\het_nig_product_seed1042\figures\results.png

### heterogeneous/het_nig_product_seed1042: last50=0.0141 whole_run=0.0104 r(new)=-0.1237+/-0.0718
    variant_mse: {'baseline': {'whole_run': 0.00910120301393962, 'last50': 0.01912714731280685}}
    disagreement_stats: {'n_events': 273512, 'n_contributors_mean': 3.3666712977858375, 'spread_std_mean': 0.019880493739807617, 'spread_std_median': 0.015221252316732985, 'spread_std_p90': 0.04199957274394968, 'spread_range_mean': 0.04835860357325108, 'spread_range_median': 0.03580807149410248, 'spread_range_p90': 0.10584635622799396, 'frac_range_lt_0p01': 0.13695194360759308, 'nu_std_mean': 0.010917705711166766, 'nu_std_median': 0.008713990109783161, 'nu_std_p90': 0.02375513746804896, 'nu_range_mean': 0.026282054376027205, 'nu_range_median': 0.02045820653438568, 'nu_range_p90': 0.0571850910782814, 'nu_cv_mean': 0.03824129693464265, 'nu_cv_median': 0.027979023053627757, 'nu_cv_p90': 0.08930223268536158, 'max_weight_mean': 0.35927444493183075, 'max_weight_median': 0.34309659637118906, 'max_weight_p90': 0.5166046855390318, 'max_weight_minus_uniform_mean': 0.013409028911083363, 'max_weight_minus_uniform_median': 0.009724924235811463, 'max_weight_minus_uniform_p90': 0.029395096665476694, 'gamma_star_vs_unweighted_absdiff_mean': 0.0006698282870465419, 'gamma_star_vs_unweighted_absdiff_median': 0.00023368225671155764, 'gamma_star_vs_unweighted_absdiff_p90': 0.0016566710145453788}

>>> [48/55] homog:baseline seed 2042  (elapsed 334.1 min)
[heterogeneous_het_nig_product_seed2042] nodes=36 coverage max=9 mode=nig_product steps=390
[heterogeneous_het_nig_product_seed2042] step 000/390 trained 36/36 | hop0: 0.0340 | hop1: 0.0145 | hop2: 0.0180
[heterogeneous_het_nig_product_seed2042] step 010/390 trained 36/36 | hop0: 0.0136 | hop1: 0.0111 | hop2: 0.0108
[heterogeneous_het_nig_product_seed2042] step 020/390 trained 36/36 | hop0: 0.0066 | hop1: 0.0102 | hop2: 0.0115
[heterogeneous_het_nig_product_seed2042] step 030/390 trained 36/36 | hop0: 0.0055 | hop1: 0.0075 | hop2: 0.0173
[heterogeneous_het_nig_product_seed2042] step 040/390 trained 36/36 | hop0: 0.0024 | hop1: 0.0041 | hop2: 0.0139
[heterogeneous_het_nig_product_seed2042] step 050/390 trained 36/36 | hop0: 0.0023 | hop1: 0.0026 | hop2: 0.0052 | hop3: 0.0137
[heterogeneous_het_nig_product_seed2042] step 060/390 trained 36/36 | hop0: 0.0019 | hop1: 0.0041 | hop2: 0.0160
[heterogeneous_het_nig_product_seed2042] step 070/390 trained 36/36 | hop0: 0.0021 | hop1: 0.0075 | hop2: 0.0270
[heterogeneous_het_nig_product_seed2042] step 080/390 trained 36/36 | hop0: 0.0024 | hop1: 0.0094 | hop2: 0.0397
[heterogeneous_het_nig_product_seed2042] step 090/390 trained 36/36 | hop0: 0.0021 | hop1: 0.0042 | hop2: 0.0244
[heterogeneous_het_nig_product_seed2042] step 100/390 trained 36/36 | hop0: 0.0025 | hop1: 0.0026 | hop2: 0.0047
[heterogeneous_het_nig_product_seed2042] step 110/390 trained 36/36 | hop0: 0.0030 | hop1: 0.0035 | hop2: 0.0127
[heterogeneous_het_nig_product_seed2042] step 120/390 trained 36/36 | hop0: 0.0036 | hop1: 0.0111
[heterogeneous_het_nig_product_seed2042] step 130/390 trained 36/36 | hop0: 0.0038 | hop1: 0.0105 | hop2: 0.0785
[heterogeneous_het_nig_product_seed2042] step 140/390 trained 36/36 | hop0: 0.0039 | hop1: 0.0119 | hop2: 0.0746
[heterogeneous_het_nig_product_seed2042] step 150/390 trained 36/36 | hop0: 0.0034 | hop1: 0.0096 | hop2: 0.0309
[heterogeneous_het_nig_product_seed2042] step 160/390 trained 36/36 | hop0: 0.0042 | hop1: 0.0147 | hop2: 0.0167
[heterogeneous_het_nig_product_seed2042] step 170/390 trained 36/36 | hop0: 0.0043 | hop1: 0.0213 | hop2: 0.0235
[heterogeneous_het_nig_product_seed2042] step 180/390 trained 36/36 | hop0: 0.0132 | hop1: 0.0149 | hop2: 0.0223
[heterogeneous_het_nig_product_seed2042] step 190/390 trained 36/36 | hop0: 0.0169 | hop1: 0.0092 | hop2: 0.0129
[heterogeneous_het_nig_product_seed2042] step 200/390 trained 36/36 | hop0: 0.0105 | hop1: 0.0067
[heterogeneous_het_nig_product_seed2042] step 210/390 trained 36/36 | hop0: 0.0063 | hop1: 0.0050
[heterogeneous_het_nig_product_seed2042] step 220/390 trained 36/36 | hop0: 0.0083 | hop1: 0.0030 | hop2: 0.0035
[heterogeneous_het_nig_product_seed2042] step 230/390 trained 36/36 | hop0: 0.0053 | hop1: 0.0079 | hop2: 0.0105
[heterogeneous_het_nig_product_seed2042] step 240/390 trained 36/36 | hop0: 0.0049 | hop1: 0.0124 | hop2: 0.0234
[heterogeneous_het_nig_product_seed2042] step 250/390 trained 36/36 | hop0: 0.0070 | hop1: 0.0131 | hop2: 0.0261
[heterogeneous_het_nig_product_seed2042] step 260/390 trained 36/36 | hop0: 0.0123 | hop1: 0.0124 | hop2: 0.0253
[heterogeneous_het_nig_product_seed2042] step 270/390 trained 36/36 | hop0: 0.0063 | hop1: 0.0087 | hop2: 0.0211 | hop3: 0.0286
[heterogeneous_het_nig_product_seed2042] step 280/390 trained 36/36 | hop0: 0.0042 | hop1: 0.0115 | hop2: 0.0227
[heterogeneous_het_nig_product_seed2042] step 290/390 trained 36/36 | hop0: 0.0034 | hop1: 0.0172 | hop2: 0.0190
[heterogeneous_het_nig_product_seed2042] step 300/390 trained 36/36 | hop0: 0.0021 | hop1: 0.0061 | hop2: 0.0305 | hop3: 0.0129
[heterogeneous_het_nig_product_seed2042] step 310/390 trained 36/36 | hop0: 0.0034 | hop1: 0.0053 | hop2: 0.0253 | hop3: 0.0074
[heterogeneous_het_nig_product_seed2042] step 320/390 trained 36/36 | hop0: 0.0046 | hop1: 0.0055 | hop2: 0.0125
[heterogeneous_het_nig_product_seed2042] step 330/390 trained 36/36 | hop0: 0.0041 | hop1: 0.0055 | hop2: 0.0028 | hop3: 0.0006
[heterogeneous_het_nig_product_seed2042] step 340/390 trained 36/36 | hop0: 0.0030 | hop1: 0.0056 | hop2: 0.0036 | hop3: 0.0033
[heterogeneous_het_nig_product_seed2042] step 350/390 trained 36/36 | hop0: 0.0049 | hop1: 0.0060 | hop2: 0.0117 | hop3: 0.0141
[heterogeneous_het_nig_product_seed2042] step 360/390 trained 36/36 | hop0: 0.0039 | hop1: 0.0077 | hop2: 0.0347
[heterogeneous_het_nig_product_seed2042] step 370/390 trained 36/36 | hop0: 0.0031 | hop1: 0.0110 | hop2: 0.0497
[heterogeneous_het_nig_product_seed2042] step 380/390 trained 36/36 | hop0: 0.0050 | hop1: 0.0088 | hop2: 0.0313
[heterogeneous_het_nig_product_seed2042] mean MSE (last 50 steps): 0.0120 | cert-MSE r=-0.014
[heterogeneous_het_nig_product_seed2042] saved runs\chapter5_v2\s5_6_homog_rg\baseline\het_nig_product_seed2042\figures\results.png

### heterogeneous/het_nig_product_seed2042: last50=0.0120 whole_run=0.0118 r(new)=-0.1005+/-0.2312
    variant_mse: {'baseline': {'whole_run': 0.0099089470379712, 'last50': 0.00861231352695539}}
    disagreement_stats: {'n_events': 289212, 'n_contributors_mean': 3.3331189577195968, 'spread_std_mean': 0.01892066481427637, 'spread_std_median': 0.014805658041942331, 'spread_std_p90': 0.039585194830572185, 'spread_range_mean': 0.04623808280750187, 'spread_range_median': 0.0347406268119812, 'spread_range_p90': 0.10042888149619103, 'frac_range_lt_0p01': 0.14049209576366126, 'nu_std_mean': 0.012799451208629156, 'nu_std_median': 0.009905223203432999, 'nu_std_p90': 0.02812121548664073, 'nu_range_mean': 0.03106632580130498, 'nu_range_median': 0.022997334599494934, 'nu_range_p90': 0.0689378634095192, 'nu_cv_mean': 0.046970342988852845, 'nu_cv_median': 0.033922052583746753, 'nu_cv_p90': 0.10759694555883363, 'max_weight_mean': 0.3651967397583977, 'max_weight_median': 0.3466349583477387, 'max_weight_p90': 0.5195605242584809, 'max_weight_minus_uniform_mean': 0.01653337664957596, 'max_weight_minus_uniform_median': 0.011984930776580027, 'max_weight_minus_uniform_p90': 0.035784625804397424, 'gamma_star_vs_unweighted_absdiff_mean': 0.000645030475238668, 'gamma_star_vs_unweighted_absdiff_median': 0.00027748507962928846, 'gamma_star_vs_unweighted_absdiff_p90': 0.0016482783199947397}

>>> [49/55] homog:baseline seed 3042  (elapsed 341.3 min)
[heterogeneous_het_nig_product_seed3042] nodes=36 coverage max=9 mode=nig_product steps=390
[heterogeneous_het_nig_product_seed3042] step 000/390 trained 36/36 | hop0: 0.0112 | hop1: 0.0243 | hop2: 0.0726
[heterogeneous_het_nig_product_seed3042] step 010/390 trained 36/36 | hop0: 0.0105 | hop1: 0.0149
[heterogeneous_het_nig_product_seed3042] step 020/390 trained 36/36 | hop0: 0.0144 | hop1: 0.0084
[heterogeneous_het_nig_product_seed3042] step 030/390 trained 36/36 | hop0: 0.0095 | hop1: 0.0097
[heterogeneous_het_nig_product_seed3042] step 040/390 trained 36/36 | hop0: 0.0054 | hop1: 0.0058
[heterogeneous_het_nig_product_seed3042] step 050/390 trained 36/36 | hop0: 0.0029 | hop1: 0.0065 | hop2: 0.0094
[heterogeneous_het_nig_product_seed3042] step 060/390 trained 36/36 | hop0: 0.0043 | hop1: 0.0100 | hop2: 0.0232
[heterogeneous_het_nig_product_seed3042] step 070/390 trained 36/36 | hop0: 0.0017 | hop1: 0.0095 | hop2: 0.0520
[heterogeneous_het_nig_product_seed3042] step 080/390 trained 36/36 | hop0: 0.0029 | hop1: 0.0066 | hop2: 0.0743
[heterogeneous_het_nig_product_seed3042] step 090/390 trained 36/36 | hop0: 0.0028 | hop1: 0.0050 | hop2: 0.0311 | hop3: 0.0493
[heterogeneous_het_nig_product_seed3042] step 100/390 trained 36/36 | hop0: 0.0026 | hop1: 0.0040 | hop2: 0.0139
[heterogeneous_het_nig_product_seed3042] step 110/390 trained 36/36 | hop0: 0.0029 | hop1: 0.0044 | hop2: 0.0028
[heterogeneous_het_nig_product_seed3042] step 120/390 trained 36/36 | hop0: 0.0049 | hop1: 0.0109 | hop2: 0.0112
[heterogeneous_het_nig_product_seed3042] step 130/390 trained 36/36 | hop0: 0.0107 | hop1: 0.0191 | hop2: 0.0252
[heterogeneous_het_nig_product_seed3042] step 140/390 trained 36/36 | hop0: 0.0246 | hop1: 0.0076 | hop2: 0.0076
[heterogeneous_het_nig_product_seed3042] step 150/390 trained 36/36 | hop0: 0.0130 | hop1: 0.0051 | hop2: 0.0027
[heterogeneous_het_nig_product_seed3042] step 160/390 trained 36/36 | hop0: 0.0036 | hop1: 0.0039 | hop2: 0.0017
[heterogeneous_het_nig_product_seed3042] step 170/390 trained 36/36 | hop0: 0.0045 | hop1: 0.0042 | hop2: 0.0042
[heterogeneous_het_nig_product_seed3042] step 180/390 trained 36/36 | hop0: 0.0113 | hop1: 0.0044
[heterogeneous_het_nig_product_seed3042] step 190/390 trained 36/36 | hop0: 0.0133 | hop1: 0.0051
[heterogeneous_het_nig_product_seed3042] step 200/390 trained 36/36 | hop0: 0.0061 | hop1: 0.0095
[heterogeneous_het_nig_product_seed3042] step 210/390 trained 36/36 | hop0: 0.0058 | hop1: 0.0074 | hop2: 0.0013
[heterogeneous_het_nig_product_seed3042] step 220/390 trained 36/36 | hop0: 0.0037 | hop1: 0.0058 | hop2: 0.0016
[heterogeneous_het_nig_product_seed3042] step 230/390 trained 36/36 | hop0: 0.0036 | hop1: 0.0059 | hop2: 0.0035
[heterogeneous_het_nig_product_seed3042] step 240/390 trained 36/36 | hop0: 0.0083 | hop1: 0.0052 | hop2: 0.0184
[heterogeneous_het_nig_product_seed3042] step 250/390 trained 36/36 | hop0: 0.0088 | hop1: 0.0063 | hop2: 0.0273
[heterogeneous_het_nig_product_seed3042] step 260/390 trained 36/36 | hop0: 0.0053 | hop1: 0.0100 | hop2: 0.0335
[heterogeneous_het_nig_product_seed3042] step 270/390 trained 36/36 | hop0: 0.0036 | hop1: 0.0076 | hop2: 0.0157
[heterogeneous_het_nig_product_seed3042] step 280/390 trained 36/36 | hop0: 0.0015 | hop1: 0.0082 | hop2: 0.0129
[heterogeneous_het_nig_product_seed3042] step 290/390 trained 36/36 | hop0: 0.0039 | hop1: 0.0107
[heterogeneous_het_nig_product_seed3042] step 300/390 trained 36/36 | hop0: 0.0037 | hop1: 0.0099 | hop2: 0.0066
[heterogeneous_het_nig_product_seed3042] step 310/390 trained 36/36 | hop0: 0.0013 | hop1: 0.0055 | hop2: 0.0045
[heterogeneous_het_nig_product_seed3042] step 320/390 trained 36/36 | hop0: 0.0011 | hop1: 0.0016 | hop2: 0.0020
[heterogeneous_het_nig_product_seed3042] step 330/390 trained 36/36 | hop0: 0.0006 | hop1: 0.0009
[heterogeneous_het_nig_product_seed3042] step 340/390 trained 36/36 | hop0: 0.0017 | hop1: 0.0039
[heterogeneous_het_nig_product_seed3042] step 350/390 trained 36/36 | hop0: 0.0107 | hop1: 0.0050 | hop2: 0.0126
[heterogeneous_het_nig_product_seed3042] step 360/390 trained 36/36 | hop0: 0.0077 | hop1: 0.0106 | hop2: 0.0108
[heterogeneous_het_nig_product_seed3042] step 370/390 trained 36/36 | hop0: 0.0064 | hop1: 0.0144
[heterogeneous_het_nig_product_seed3042] step 380/390 trained 36/36 | hop0: 0.0059 | hop1: 0.0143 | hop2: 0.0150
[heterogeneous_het_nig_product_seed3042] mean MSE (last 50 steps): 0.0123 | cert-MSE r=-0.531
[heterogeneous_het_nig_product_seed3042] saved runs\chapter5_v2\s5_6_homog_rg\baseline\het_nig_product_seed3042\figures\results.png

### heterogeneous/het_nig_product_seed3042: last50=0.0123 whole_run=0.0095 r(new)=-0.3424+/-0.1082
    variant_mse: {'baseline': {'whole_run': 0.008344278298500825, 'last50': 0.012890457047398322}}
    disagreement_stats: {'n_events': 272913, 'n_contributors_mean': 3.3730822643113374, 'spread_std_mean': 0.0202246623720929, 'spread_std_median': 0.015966608300886184, 'spread_std_p90': 0.04263770796541957, 'spread_range_mean': 0.0493937048689081, 'spread_range_median': 0.03771615028381348, 'spread_range_p90': 0.10772538185119629, 'frac_range_lt_0p01': 0.1262050543579822, 'nu_std_mean': 0.00813318008504724, 'nu_std_median': 0.007069609689754156, 'nu_std_p90': 0.01588067410722274, 'nu_range_mean': 0.01968557759279957, 'nu_range_median': 0.01671236753463745, 'nu_range_p90': 0.03954373300075531, 'nu_cv_mean': 0.027480921137362935, 'nu_cv_median': 0.02289417690629386, 'nu_cv_p90': 0.055978119004121765, 'max_weight_mean': 0.3552192850537293, 'max_weight_median': 0.34137482491729365, 'max_weight_p90': 0.5134198414196844, 'max_weight_minus_uniform_mean': 0.009902466838679794, 'max_weight_minus_uniform_median': 0.007998715605265438, 'max_weight_minus_uniform_p90': 0.020243703105035784, 'gamma_star_vs_unweighted_absdiff_mean': 0.00041555993180890296, 'gamma_star_vs_unweighted_absdiff_median': 0.00019374992596209173, 'gamma_star_vs_unweighted_absdiff_p90': 0.0010333358429673726}

>>> [50/55] homog:baseline seed 4042  (elapsed 348.3 min)
[heterogeneous_het_nig_product_seed4042] nodes=36 coverage max=9 mode=nig_product steps=390
[heterogeneous_het_nig_product_seed4042] step 000/390 trained 36/36 | hop0: 0.0094 | hop1: 0.0244 | hop2: 0.0667
[heterogeneous_het_nig_product_seed4042] step 010/390 trained 36/36 | hop0: 0.0056 | hop1: 0.0132
[heterogeneous_het_nig_product_seed4042] step 020/390 trained 36/36 | hop0: 0.0076 | hop1: 0.0077 | hop2: 0.0248
[heterogeneous_het_nig_product_seed4042] step 030/390 trained 36/36 | hop0: 0.0104 | hop1: 0.0070 | hop2: 0.0150
[heterogeneous_het_nig_product_seed4042] step 040/390 trained 36/36 | hop0: 0.0071 | hop1: 0.0060 | hop2: 0.0182
[heterogeneous_het_nig_product_seed4042] step 050/390 trained 36/36 | hop0: 0.0064 | hop1: 0.0041 | hop2: 0.0111
[heterogeneous_het_nig_product_seed4042] step 060/390 trained 36/36 | hop0: 0.0087 | hop1: 0.0049 | hop2: 0.0124
[heterogeneous_het_nig_product_seed4042] step 070/390 trained 36/36 | hop0: 0.0051 | hop1: 0.0108 | hop2: 0.0108
[heterogeneous_het_nig_product_seed4042] step 080/390 trained 36/36 | hop0: 0.0022 | hop1: 0.0095 | hop2: 0.0228
[heterogeneous_het_nig_product_seed4042] step 090/390 trained 36/36 | hop0: 0.0021 | hop1: 0.0090 | hop2: 0.0152 | hop3: 0.0275
[heterogeneous_het_nig_product_seed4042] step 100/390 trained 36/36 | hop0: 0.0027 | hop1: 0.0034 | hop2: 0.0197 | hop3: 0.0492
[heterogeneous_het_nig_product_seed4042] step 110/390 trained 36/36 | hop0: 0.0032 | hop1: 0.0105 | hop2: 0.0414
[heterogeneous_het_nig_product_seed4042] step 120/390 trained 36/36 | hop0: 0.0183 | hop1: 0.0166 | hop2: 0.0504
[heterogeneous_het_nig_product_seed4042] step 130/390 trained 36/36 | hop0: 0.0258 | hop1: 0.0192
[heterogeneous_het_nig_product_seed4042] step 140/390 trained 36/36 | hop0: 0.0251 | hop1: 0.0134 | hop2: 0.0088
[heterogeneous_het_nig_product_seed4042] step 150/390 trained 36/36 | hop0: 0.0160 | hop1: 0.0078 | hop2: 0.0097
[heterogeneous_het_nig_product_seed4042] step 160/390 trained 36/36 | hop0: 0.0050 | hop1: 0.0089 | hop2: 0.0143
[heterogeneous_het_nig_product_seed4042] step 170/390 trained 36/36 | hop0: 0.0051 | hop1: 0.0089 | hop2: 0.0154
[heterogeneous_het_nig_product_seed4042] step 180/390 trained 36/36 | hop0: 0.0045 | hop1: 0.0133 | hop2: 0.0138
[heterogeneous_het_nig_product_seed4042] step 190/390 trained 36/36 | hop0: 0.0062 | hop1: 0.0129 | hop2: 0.0150
[heterogeneous_het_nig_product_seed4042] step 200/390 trained 36/36 | hop0: 0.0026 | hop1: 0.0117 | hop2: 0.0137
[heterogeneous_het_nig_product_seed4042] step 210/390 trained 36/36 | hop0: 0.0041 | hop1: 0.0095 | hop2: 0.0053
[heterogeneous_het_nig_product_seed4042] step 220/390 trained 36/36 | hop0: 0.0043 | hop1: 0.0057 | hop2: 0.0051
[heterogeneous_het_nig_product_seed4042] step 230/390 trained 36/36 | hop0: 0.0050 | hop1: 0.0049
[heterogeneous_het_nig_product_seed4042] step 240/390 trained 36/36 | hop0: 0.0037 | hop1: 0.0096
[heterogeneous_het_nig_product_seed4042] step 250/390 trained 36/36 | hop0: 0.0036 | hop1: 0.0102 | hop2: 0.0134
[heterogeneous_het_nig_product_seed4042] step 260/390 trained 36/36 | hop0: 0.0083 | hop1: 0.0113 | hop2: 0.0066
[heterogeneous_het_nig_product_seed4042] step 270/390 trained 36/36 | hop0: 0.0033 | hop1: 0.0079 | hop2: 0.0024
[heterogeneous_het_nig_product_seed4042] step 280/390 trained 36/36 | hop0: 0.0026 | hop1: 0.0068 | hop2: 0.0054
[heterogeneous_het_nig_product_seed4042] step 290/390 trained 36/36 | hop0: 0.0020 | hop1: 0.0064 | hop2: 0.0096
[heterogeneous_het_nig_product_seed4042] step 300/390 trained 36/36 | hop0: 0.0033 | hop1: 0.0073 | hop2: 0.0045
[heterogeneous_het_nig_product_seed4042] step 310/390 trained 36/36 | hop0: 0.0008 | hop1: 0.0036 | hop2: 0.0064
[heterogeneous_het_nig_product_seed4042] step 320/390 trained 36/36 | hop0: 0.0005 | hop1: 0.0033 | hop2: 0.0027
[heterogeneous_het_nig_product_seed4042] step 330/390 trained 36/36 | hop0: 0.0004 | hop1: 0.0017 | hop2: 0.0031
[heterogeneous_het_nig_product_seed4042] step 340/390 trained 36/36 | hop0: 0.0036 | hop1: 0.0020 | hop2: 0.0022
[heterogeneous_het_nig_product_seed4042] step 350/390 trained 36/36 | hop0: 0.0137 | hop1: 0.0038 | hop2: 0.0009
[heterogeneous_het_nig_product_seed4042] step 360/390 trained 36/36 | hop0: 0.0119 | hop1: 0.0074
[heterogeneous_het_nig_product_seed4042] step 370/390 trained 36/36 | hop0: 0.0057 | hop1: 0.0135 | hop2: 0.0292
[heterogeneous_het_nig_product_seed4042] step 380/390 trained 36/36 | hop0: 0.0058 | hop1: 0.0124 | hop2: 0.0488
[heterogeneous_het_nig_product_seed4042] mean MSE (last 50 steps): 0.0116 | cert-MSE r=-0.272
[heterogeneous_het_nig_product_seed4042] saved runs\chapter5_v2\s5_6_homog_rg\baseline\het_nig_product_seed4042\figures\results.png

### heterogeneous/het_nig_product_seed4042: last50=0.0116 whole_run=0.0110 r(new)=-0.0924+/-0.0911
    variant_mse: {'baseline': {'whole_run': 0.008903704451372398, 'last50': 0.012663915340433006}}
    disagreement_stats: {'n_events': 274255, 'n_contributors_mean': 3.3577801680917396, 'spread_std_mean': 0.016249943666969642, 'spread_std_median': 0.013055860996246338, 'spread_std_p90': 0.03384615293012279, 'spread_range_mean': 0.039491566905351425, 'spread_range_median': 0.030674129724502563, 'spread_range_p90': 0.08470007181167603, 'frac_range_lt_0p01': 0.15747753003591547, 'nu_std_mean': 0.009813149009264475, 'nu_std_median': 0.00823458969568855, 'nu_std_p90': 0.02010310081829861, 'nu_range_mean': 0.023814913213369295, 'nu_range_median': 0.019428342580795288, 'nu_range_p90': 0.05053964257240296, 'nu_cv_mean': 0.03361474559043259, 'nu_cv_median': 0.026766159649192007, 'nu_cv_p90': 0.07190450839836333, 'max_weight_mean': 0.3585483159365812, 'max_weight_median': 0.3432564642467722, 'max_weight_p90': 0.5150700080656353, 'max_weight_minus_uniform_mean': 0.011838936153602053, 'max_weight_minus_uniform_median': 0.009380210684918566, 'max_weight_minus_uniform_p90': 0.024903531478105156, 'gamma_star_vs_unweighted_absdiff_mean': 0.0003833704574845137, 'gamma_star_vs_unweighted_absdiff_median': 0.0001781481771984672, 'gamma_star_vs_unweighted_absdiff_p90': 0.0010106549268915483}

>>> [51/55] homog:wide seed 42  (elapsed 355.4 min)
[het] node variants: {'narrow': 0, 'baseline': 0, 'wide': 36}
[heterogeneous_homog_wide_nig_product] nodes=36 coverage max=9 mode=nig_product steps=390
[heterogeneous_homog_wide_nig_product] step 000/390 trained 36/36 | hop0: 0.0148 | hop1: 0.0308
[heterogeneous_homog_wide_nig_product] step 010/390 trained 36/36 | hop0: 0.0080 | hop1: 0.0134
[heterogeneous_homog_wide_nig_product] step 020/390 trained 36/36 | hop0: 0.0095 | hop1: 0.0150 | hop2: 0.0245
[heterogeneous_homog_wide_nig_product] step 030/390 trained 36/36 | hop0: 0.0032 | hop1: 0.0102 | hop2: 0.0322
[heterogeneous_homog_wide_nig_product] step 040/390 trained 36/36 | hop0: 0.0100 | hop1: 0.0151 | hop2: 0.0330
[heterogeneous_homog_wide_nig_product] step 050/390 trained 36/36 | hop0: 0.0044 | hop1: 0.0078 | hop2: 0.0388
[heterogeneous_homog_wide_nig_product] step 060/390 trained 36/36 | hop0: 0.0011 | hop1: 0.0058 | hop2: 0.0289
[heterogeneous_homog_wide_nig_product] step 070/390 trained 36/36 | hop0: 0.0166 | hop1: 0.0210 | hop2: 0.0666
[heterogeneous_homog_wide_nig_product] step 080/390 trained 36/36 | hop0: 0.0023 | hop1: 0.0117 | hop2: 0.0311
[heterogeneous_homog_wide_nig_product] step 090/390 trained 36/36 | hop0: 0.0115 | hop1: 0.0085
[heterogeneous_homog_wide_nig_product] step 100/390 trained 36/36 | hop0: 0.0066 | hop1: 0.0077 | hop2: 0.0067
[heterogeneous_homog_wide_nig_product] step 110/390 trained 36/36 | hop0: 0.0047 | hop1: 0.0095 | hop2: 0.0138
[heterogeneous_homog_wide_nig_product] step 120/390 trained 36/36 | hop0: 0.0078 | hop1: 0.0206 | hop2: 0.0194
[heterogeneous_homog_wide_nig_product] step 130/390 trained 36/36 | hop0: 0.0130 | hop1: 0.0356 | hop2: 0.0479
[heterogeneous_homog_wide_nig_product] step 140/390 trained 36/36 | hop0: 0.0072 | hop1: 0.0345 | hop2: 0.0642
[heterogeneous_homog_wide_nig_product] step 150/390 trained 36/36 | hop0: 0.0082 | hop1: 0.0123 | hop2: 0.0646
[heterogeneous_homog_wide_nig_product] step 160/390 trained 36/36 | hop0: 0.0079 | hop1: 0.0110 | hop2: 0.0304
[heterogeneous_homog_wide_nig_product] step 170/390 trained 36/36 | hop0: 0.0067 | hop1: 0.0073 | hop2: 0.0061
[heterogeneous_homog_wide_nig_product] step 180/390 trained 36/36 | hop0: 0.0082 | hop1: 0.0129 | hop2: 0.0164
[heterogeneous_homog_wide_nig_product] step 190/390 trained 36/36 | hop0: 0.0031 | hop1: 0.0072 | hop2: 0.0204
[heterogeneous_homog_wide_nig_product] step 200/390 trained 36/36 | hop0: 0.0028 | hop1: 0.0081 | hop2: 0.0162
[heterogeneous_homog_wide_nig_product] step 210/390 trained 36/36 | hop0: 0.0072 | hop1: 0.0028 | hop2: 0.0110
[heterogeneous_homog_wide_nig_product] step 220/390 trained 36/36 | hop0: 0.0167 | hop1: 0.0119
[heterogeneous_homog_wide_nig_product] step 230/390 trained 36/36 | hop0: 0.0030 | hop1: 0.0086 | hop2: 0.0139
[heterogeneous_homog_wide_nig_product] step 240/390 trained 36/36 | hop0: 0.0064 | hop1: 0.0113 | hop2: 0.0368
[heterogeneous_homog_wide_nig_product] step 250/390 trained 36/36 | hop0: 0.0045 | hop1: 0.0097 | hop2: 0.0098
[heterogeneous_homog_wide_nig_product] step 260/390 trained 36/36 | hop0: 0.0146 | hop1: 0.0132
[heterogeneous_homog_wide_nig_product] step 270/390 trained 36/36 | hop0: 0.0152 | hop1: 0.0096 | hop2: 0.0102
[heterogeneous_homog_wide_nig_product] step 280/390 trained 36/36 | hop0: 0.0055 | hop1: 0.0140
[heterogeneous_homog_wide_nig_product] step 290/390 trained 36/36 | hop0: 0.0161 | hop1: 0.0092 | hop2: 0.0152
[heterogeneous_homog_wide_nig_product] step 300/390 trained 36/36 | hop0: 0.0225 | hop1: 0.0143 | hop2: 0.0125
[heterogeneous_homog_wide_nig_product] step 310/390 trained 36/36 | hop0: 0.0114 | hop1: 0.0103 | hop2: 0.0032
[heterogeneous_homog_wide_nig_product] step 320/390 trained 36/36 | hop0: 0.0147 | hop1: 0.0141 | hop2: 0.0012
[heterogeneous_homog_wide_nig_product] step 330/390 trained 36/36 | hop0: 0.0128 | hop1: 0.0089 | hop2: 0.0123
[heterogeneous_homog_wide_nig_product] step 340/390 trained 36/36 | hop0: 0.0103 | hop1: 0.0079
[heterogeneous_homog_wide_nig_product] step 350/390 trained 36/36 | hop0: 0.0182 | hop1: 0.0096 | hop2: 0.0118
[heterogeneous_homog_wide_nig_product] step 360/390 trained 36/36 | hop0: 0.0083 | hop1: 0.0139 | hop2: 0.0186
[heterogeneous_homog_wide_nig_product] step 370/390 trained 36/36 | hop0: 0.0035 | hop1: 0.0092 | hop2: 0.0274
[heterogeneous_homog_wide_nig_product] step 380/390 trained 36/36 | hop0: 0.0045 | hop1: 0.0193 | hop2: 0.0478
[heterogeneous_homog_wide_nig_product] mean MSE (last 50 steps): 0.0179 | cert-MSE r=-0.447
[heterogeneous_homog_wide_nig_product] saved runs\chapter5_v2\s5_6_homog_rg\wide\homog_wide_nig_product\figures\results.png

### heterogeneous/homog_wide_nig_product: last50=0.0179 whole_run=0.0140 r(new)=-0.6645+/-0.2118
    variant_mse: {'wide': {'whole_run': 0.013066769969471764, 'last50': 0.02230318833871072}}
    disagreement_stats: {'n_events': 278483, 'n_contributors_mean': 3.359468980153187, 'spread_std_mean': 0.02623304525836443, 'spread_std_median': 0.020400702953338623, 'spread_std_p90': 0.055488754853152134, 'spread_range_mean': 0.0637158468601748, 'spread_range_median': 0.0480959415435791, 'spread_range_p90': 0.13924734592437746, 'frac_range_lt_0p01': 0.09505786708703942, 'nu_std_mean': 0.00966349472850177, 'nu_std_median': 0.008334807340082745, 'nu_std_p90': 0.01882646944973678, 'nu_range_mean': 0.02355323334408594, 'nu_range_median': 0.019648700952529907, 'nu_range_p90': 0.047828853130340576, 'nu_cv_mean': 0.04012783344911086, 'nu_cv_median': 0.033668441689406074, 'nu_cv_p90': 0.08033217116683039, 'max_weight_mean': 0.36117039374645427, 'max_weight_median': 0.3457164827989707, 'max_weight_p90': 0.5178257272098495, 'max_weight_minus_uniform_mean': 0.014665687038701027, 'max_weight_minus_uniform_median': 0.012016927072460881, 'max_weight_minus_uniform_p90': 0.029059031763385, 'gamma_star_vs_unweighted_absdiff_mean': 0.0011449328421221437, 'gamma_star_vs_unweighted_absdiff_median': 0.0003935977888746712, 'gamma_star_vs_unweighted_absdiff_p90': 0.002921822320187666}

>>> [52/55] homog:wide seed 1042  (elapsed 362.1 min)
[het] node variants: {'narrow': 0, 'baseline': 0, 'wide': 36}
[heterogeneous_homog_wide_nig_product_seed1042] nodes=36 coverage max=9 mode=nig_product steps=390
[heterogeneous_homog_wide_nig_product_seed1042] step 000/390 trained 36/36 | hop0: 0.0155 | hop1: 0.0229
[heterogeneous_homog_wide_nig_product_seed1042] step 010/390 trained 36/36 | hop0: 0.0056 | hop1: 0.0120 | hop2: 0.0627
[heterogeneous_homog_wide_nig_product_seed1042] step 020/390 trained 36/36 | hop0: 0.0067 | hop1: 0.0125
[heterogeneous_homog_wide_nig_product_seed1042] step 030/390 trained 36/36 | hop0: 0.0116 | hop1: 0.0127 | hop2: 0.0328
[heterogeneous_homog_wide_nig_product_seed1042] step 040/390 trained 36/36 | hop0: 0.0043 | hop1: 0.0098 | hop2: 0.0348
[heterogeneous_homog_wide_nig_product_seed1042] step 050/390 trained 36/36 | hop0: 0.0081 | hop1: 0.0086 | hop2: 0.0232
[heterogeneous_homog_wide_nig_product_seed1042] step 060/390 trained 36/36 | hop0: 0.0043 | hop1: 0.0073 | hop2: 0.0259
[heterogeneous_homog_wide_nig_product_seed1042] step 070/390 trained 36/36 | hop0: 0.0019 | hop1: 0.0062 | hop2: 0.0500
[heterogeneous_homog_wide_nig_product_seed1042] step 080/390 trained 36/36 | hop0: 0.0094 | hop1: 0.0149 | hop2: 0.0581
[heterogeneous_homog_wide_nig_product_seed1042] step 090/390 trained 36/36 | hop0: 0.0084 | hop1: 0.0111 | hop2: 0.0156
[heterogeneous_homog_wide_nig_product_seed1042] step 100/390 trained 36/36 | hop0: 0.0088 | hop1: 0.0169
[heterogeneous_homog_wide_nig_product_seed1042] step 110/390 trained 36/36 | hop0: 0.0072 | hop1: 0.0065 | hop2: 0.0163
[heterogeneous_homog_wide_nig_product_seed1042] step 120/390 trained 36/36 | hop0: 0.0107 | hop1: 0.0160 | hop2: 0.0401
[heterogeneous_homog_wide_nig_product_seed1042] step 130/390 trained 36/36 | hop0: 0.0111 | hop1: 0.0143 | hop2: 0.0326
[heterogeneous_homog_wide_nig_product_seed1042] step 140/390 trained 36/36 | hop0: 0.0166 | hop1: 0.0132 | hop2: 0.0287
[heterogeneous_homog_wide_nig_product_seed1042] step 150/390 trained 36/36 | hop0: 0.0179 | hop1: 0.0143 | hop2: 0.0416
[heterogeneous_homog_wide_nig_product_seed1042] step 160/390 trained 36/36 | hop0: 0.0085 | hop1: 0.0148 | hop2: 0.0500
[heterogeneous_homog_wide_nig_product_seed1042] step 170/390 trained 36/36 | hop0: 0.0066 | hop1: 0.0222 | hop2: 0.0356
[heterogeneous_homog_wide_nig_product_seed1042] step 180/390 trained 36/36 | hop0: 0.0053 | hop1: 0.0179 | hop2: 0.0281
[heterogeneous_homog_wide_nig_product_seed1042] step 190/390 trained 36/36 | hop0: 0.0110 | hop1: 0.0143
[heterogeneous_homog_wide_nig_product_seed1042] step 200/390 trained 36/36 | hop0: 0.0072 | hop1: 0.0141 | hop2: 0.0175
[heterogeneous_homog_wide_nig_product_seed1042] step 210/390 trained 36/36 | hop0: 0.0050 | hop1: 0.0113
[heterogeneous_homog_wide_nig_product_seed1042] step 220/390 trained 36/36 | hop0: 0.0087 | hop1: 0.0131 | hop2: 0.0043
[heterogeneous_homog_wide_nig_product_seed1042] step 230/390 trained 36/36 | hop0: 0.0145 | hop1: 0.0176 | hop2: 0.0129
[heterogeneous_homog_wide_nig_product_seed1042] step 240/390 trained 36/36 | hop0: 0.0074 | hop1: 0.0099 | hop2: 0.0190
[heterogeneous_homog_wide_nig_product_seed1042] step 250/390 trained 36/36 | hop0: 0.0129 | hop1: 0.0175 | hop2: 0.0296
[heterogeneous_homog_wide_nig_product_seed1042] step 260/390 trained 36/36 | hop0: 0.0114 | hop1: 0.0228 | hop2: 0.0466
[heterogeneous_homog_wide_nig_product_seed1042] step 270/390 trained 36/36 | hop0: 0.0166 | hop1: 0.0209
[heterogeneous_homog_wide_nig_product_seed1042] step 280/390 trained 36/36 | hop0: 0.0053 | hop1: 0.0212
[heterogeneous_homog_wide_nig_product_seed1042] step 290/390 trained 36/36 | hop0: 0.0105 | hop1: 0.0189
[heterogeneous_homog_wide_nig_product_seed1042] step 300/390 trained 36/36 | hop0: 0.0074 | hop1: 0.0145 | hop2: 0.0012
[heterogeneous_homog_wide_nig_product_seed1042] step 310/390 trained 36/36 | hop0: 0.0021 | hop1: 0.0072 | hop2: 0.0155
[heterogeneous_homog_wide_nig_product_seed1042] step 320/390 trained 36/36 | hop0: 0.0064 | hop1: 0.0094 | hop2: 0.0053
[heterogeneous_homog_wide_nig_product_seed1042] step 330/390 trained 36/36 | hop0: 0.0011 | hop1: 0.0019 | hop2: 0.0060
[heterogeneous_homog_wide_nig_product_seed1042] step 340/390 trained 36/36 | hop0: 0.0075 | hop1: 0.0095 | hop2: 0.0054
[heterogeneous_homog_wide_nig_product_seed1042] step 350/390 trained 36/36 | hop0: 0.0057 | hop1: 0.0166 | hop2: 0.0212
[heterogeneous_homog_wide_nig_product_seed1042] step 360/390 trained 36/36 | hop0: 0.0055 | hop1: 0.0151 | hop2: 0.0515
[heterogeneous_homog_wide_nig_product_seed1042] step 370/390 trained 36/36 | hop0: 0.0094 | hop1: 0.0250 | hop2: 0.0449
[heterogeneous_homog_wide_nig_product_seed1042] step 380/390 trained 36/36 | hop0: 0.0093 | hop1: 0.0246 | hop2: 0.0335
[heterogeneous_homog_wide_nig_product_seed1042] mean MSE (last 50 steps): 0.0193 | cert-MSE r=-0.256
[heterogeneous_homog_wide_nig_product_seed1042] saved runs\chapter5_v2\s5_6_homog_rg\wide\homog_wide_nig_product_seed1042\figures\results.png

### heterogeneous/homog_wide_nig_product_seed1042: last50=0.0193 whole_run=0.0150 r(new)=-0.6184+/-0.2232
    variant_mse: {'wide': {'whole_run': 0.014420616282157227, 'last50': 0.017956235526497527}}
    disagreement_stats: {'n_events': 273512, 'n_contributors_mean': 3.3666712977858375, 'spread_std_mean': 0.02355973163335442, 'spread_std_median': 0.017733474973856758, 'spread_std_p90': 0.049812142179796896, 'spread_range_mean': 0.05729431007908691, 'spread_range_median': 0.04189169406890869, 'spread_range_p90': 0.12530782222747797, 'frac_range_lt_0p01': 0.11429114627511773, 'nu_std_mean': 0.009189426578632505, 'nu_std_median': 0.008097665285282947, 'nu_std_p90': 0.017679784243308284, 'nu_range_mean': 0.022347887991673275, 'nu_range_median': 0.01909399777650833, 'nu_range_p90': 0.04437581002712249, 'nu_cv_mean': 0.03673968839035944, 'nu_cv_median': 0.03049205313961925, 'nu_cv_p90': 0.07463054567927319, 'max_weight_mean': 0.35930470161839284, 'max_weight_median': 0.3444063363311083, 'max_weight_p90': 0.5173090030071258, 'max_weight_minus_uniform_mean': 0.0134392855976454, 'max_weight_minus_uniform_median': 0.010817856540192627, 'max_weight_minus_uniform_p90': 0.027534156309500544, 'gamma_star_vs_unweighted_absdiff_mean': 0.0009184047129886249, 'gamma_star_vs_unweighted_absdiff_median': 0.00032997757296652174, 'gamma_star_vs_unweighted_absdiff_p90': 0.0023759819444773046}

>>> [53/55] homog:wide seed 2042  (elapsed 368.8 min)
[het] node variants: {'narrow': 0, 'baseline': 0, 'wide': 36}
[heterogeneous_homog_wide_nig_product_seed2042] nodes=36 coverage max=9 mode=nig_product steps=390
[heterogeneous_homog_wide_nig_product_seed2042] step 000/390 trained 36/36 | hop0: 0.0324 | hop1: 0.0168 | hop2: 0.0189
[heterogeneous_homog_wide_nig_product_seed2042] step 010/390 trained 36/36 | hop0: 0.0095 | hop1: 0.0097 | hop2: 0.0207
[heterogeneous_homog_wide_nig_product_seed2042] step 020/390 trained 36/36 | hop0: 0.0046 | hop1: 0.0129 | hop2: 0.0302
[heterogeneous_homog_wide_nig_product_seed2042] step 030/390 trained 36/36 | hop0: 0.0056 | hop1: 0.0103 | hop2: 0.0284
[heterogeneous_homog_wide_nig_product_seed2042] step 040/390 trained 36/36 | hop0: 0.0035 | hop1: 0.0058 | hop2: 0.0214
[heterogeneous_homog_wide_nig_product_seed2042] step 050/390 trained 36/36 | hop0: 0.0119 | hop1: 0.0080 | hop2: 0.0192 | hop3: 0.0050
[heterogeneous_homog_wide_nig_product_seed2042] step 060/390 trained 36/36 | hop0: 0.0183 | hop1: 0.0136 | hop2: 0.0324
[heterogeneous_homog_wide_nig_product_seed2042] step 070/390 trained 36/36 | hop0: 0.0045 | hop1: 0.0059 | hop2: 0.0390
[heterogeneous_homog_wide_nig_product_seed2042] step 080/390 trained 36/36 | hop0: 0.0062 | hop1: 0.0193 | hop2: 0.0410
[heterogeneous_homog_wide_nig_product_seed2042] step 090/390 trained 36/36 | hop0: 0.0093 | hop1: 0.0083 | hop2: 0.0349
[heterogeneous_homog_wide_nig_product_seed2042] step 100/390 trained 36/36 | hop0: 0.0035 | hop1: 0.0028 | hop2: 0.0072
[heterogeneous_homog_wide_nig_product_seed2042] step 110/390 trained 36/36 | hop0: 0.0034 | hop1: 0.0047 | hop2: 0.0111
[heterogeneous_homog_wide_nig_product_seed2042] step 120/390 trained 36/36 | hop0: 0.0044 | hop1: 0.0151
[heterogeneous_homog_wide_nig_product_seed2042] step 130/390 trained 36/36 | hop0: 0.0043 | hop1: 0.0105 | hop2: 0.0809
[heterogeneous_homog_wide_nig_product_seed2042] step 140/390 trained 36/36 | hop0: 0.0156 | hop1: 0.0214 | hop2: 0.0742
[heterogeneous_homog_wide_nig_product_seed2042] step 150/390 trained 36/36 | hop0: 0.0052 | hop1: 0.0178 | hop2: 0.0459
[heterogeneous_homog_wide_nig_product_seed2042] step 160/390 trained 36/36 | hop0: 0.0047 | hop1: 0.0224 | hop2: 0.0624
[heterogeneous_homog_wide_nig_product_seed2042] step 170/390 trained 36/36 | hop0: 0.0058 | hop1: 0.0153 | hop2: 0.0374
[heterogeneous_homog_wide_nig_product_seed2042] step 180/390 trained 36/36 | hop0: 0.0085 | hop1: 0.0115 | hop2: 0.0069
[heterogeneous_homog_wide_nig_product_seed2042] step 190/390 trained 36/36 | hop0: 0.0089 | hop1: 0.0130 | hop2: 0.0096
[heterogeneous_homog_wide_nig_product_seed2042] step 200/390 trained 36/36 | hop0: 0.0077 | hop1: 0.0135
[heterogeneous_homog_wide_nig_product_seed2042] step 210/390 trained 36/36 | hop0: 0.0053 | hop1: 0.0096
[heterogeneous_homog_wide_nig_product_seed2042] step 220/390 trained 36/36 | hop0: 0.0060 | hop1: 0.0117 | hop2: 0.0166
[heterogeneous_homog_wide_nig_product_seed2042] step 230/390 trained 36/36 | hop0: 0.0093 | hop1: 0.0132 | hop2: 0.0205
[heterogeneous_homog_wide_nig_product_seed2042] step 240/390 trained 36/36 | hop0: 0.0060 | hop1: 0.0184 | hop2: 0.0295
[heterogeneous_homog_wide_nig_product_seed2042] step 250/390 trained 36/36 | hop0: 0.0128 | hop1: 0.0187 | hop2: 0.0382
[heterogeneous_homog_wide_nig_product_seed2042] step 260/390 trained 36/36 | hop0: 0.0145 | hop1: 0.0131 | hop2: 0.0265
[heterogeneous_homog_wide_nig_product_seed2042] step 270/390 trained 36/36 | hop0: 0.0065 | hop1: 0.0141 | hop2: 0.0345 | hop3: 0.0281
[heterogeneous_homog_wide_nig_product_seed2042] step 280/390 trained 36/36 | hop0: 0.0065 | hop1: 0.0192 | hop2: 0.0313
[heterogeneous_homog_wide_nig_product_seed2042] step 290/390 trained 36/36 | hop0: 0.0042 | hop1: 0.0226 | hop2: 0.0200
[heterogeneous_homog_wide_nig_product_seed2042] step 300/390 trained 36/36 | hop0: 0.0031 | hop1: 0.0134 | hop2: 0.0397 | hop3: 0.0080
[heterogeneous_homog_wide_nig_product_seed2042] step 310/390 trained 36/36 | hop0: 0.0019 | hop1: 0.0119 | hop2: 0.0390 | hop3: 0.0290
[heterogeneous_homog_wide_nig_product_seed2042] step 320/390 trained 36/36 | hop0: 0.0145 | hop1: 0.0119 | hop2: 0.0190
[heterogeneous_homog_wide_nig_product_seed2042] step 330/390 trained 36/36 | hop0: 0.0037 | hop1: 0.0058 | hop2: 0.0073 | hop3: 0.0312
[heterogeneous_homog_wide_nig_product_seed2042] step 340/390 trained 36/36 | hop0: 0.0081 | hop1: 0.0119 | hop2: 0.0059 | hop3: 0.0117
[heterogeneous_homog_wide_nig_product_seed2042] step 350/390 trained 36/36 | hop0: 0.0034 | hop1: 0.0093 | hop2: 0.0157 | hop3: 0.0202
[heterogeneous_homog_wide_nig_product_seed2042] step 360/390 trained 36/36 | hop0: 0.0104 | hop1: 0.0169 | hop2: 0.0578
[heterogeneous_homog_wide_nig_product_seed2042] step 370/390 trained 36/36 | hop0: 0.0159 | hop1: 0.0182 | hop2: 0.0749
[heterogeneous_homog_wide_nig_product_seed2042] step 380/390 trained 36/36 | hop0: 0.0059 | hop1: 0.0126 | hop2: 0.0415
[heterogeneous_homog_wide_nig_product_seed2042] mean MSE (last 50 steps): 0.0174 | cert-MSE r=-0.158
[heterogeneous_homog_wide_nig_product_seed2042] saved runs\chapter5_v2\s5_6_homog_rg\wide\homog_wide_nig_product_seed2042\figures\results.png

### heterogeneous/homog_wide_nig_product_seed2042: last50=0.0174 whole_run=0.0155 r(new)=-0.6799+/-0.1772
    variant_mse: {'wide': {'whole_run': 0.014326144058940674, 'last50': 0.012659184157771213}}
    disagreement_stats: {'n_events': 289212, 'n_contributors_mean': 3.3331189577195968, 'spread_std_mean': 0.021461187326256195, 'spread_std_median': 0.01726264230362006, 'spread_std_p90': 0.04373969578443125, 'spread_range_mean': 0.052109164720943166, 'spread_range_median': 0.04053910821676254, 'spread_range_p90': 0.1106218948960304, 'frac_range_lt_0p01': 0.1181693705655367, 'nu_std_mean': 0.009250860456985052, 'nu_std_median': 0.007974370227698785, 'nu_std_p90': 0.01758630268886894, 'nu_range_mean': 0.022456673657606594, 'nu_range_median': 0.01874251663684845, 'nu_range_p90': 0.04443116635084151, 'nu_cv_mean': 0.0368928328862994, 'nu_cv_median': 0.03174112951169239, 'nu_cv_p90': 0.07184548178109132, 'max_weight_mean': 0.36256198101545356, 'max_weight_median': 0.34558780740640793, 'max_weight_p90': 0.517623020428167, 'max_weight_minus_uniform_mean': 0.013898617906631768, 'max_weight_minus_uniform_median': 0.011473112565756963, 'max_weight_minus_uniform_p90': 0.027552534935283212, 'gamma_star_vs_unweighted_absdiff_mean': 0.0007717357499765768, 'gamma_star_vs_unweighted_absdiff_median': 0.0003186655865035082, 'gamma_star_vs_unweighted_absdiff_p90': 0.0018747255278146976}

>>> [54/55] homog:wide seed 3042  (elapsed 375.6 min)
[het] node variants: {'narrow': 0, 'baseline': 0, 'wide': 36}
[heterogeneous_homog_wide_nig_product_seed3042] nodes=36 coverage max=9 mode=nig_product steps=390
[heterogeneous_homog_wide_nig_product_seed3042] step 000/390 trained 36/36 | hop0: 0.0142 | hop1: 0.0326 | hop2: 0.0676
[heterogeneous_homog_wide_nig_product_seed3042] step 010/390 trained 36/36 | hop0: 0.0079 | hop1: 0.0127
[heterogeneous_homog_wide_nig_product_seed3042] step 020/390 trained 36/36 | hop0: 0.0159 | hop1: 0.0103
[heterogeneous_homog_wide_nig_product_seed3042] step 030/390 trained 36/36 | hop0: 0.0153 | hop1: 0.0226
[heterogeneous_homog_wide_nig_product_seed3042] step 040/390 trained 36/36 | hop0: 0.0137 | hop1: 0.0102
[heterogeneous_homog_wide_nig_product_seed3042] step 050/390 trained 36/36 | hop0: 0.0063 | hop1: 0.0155 | hop2: 0.0273
[heterogeneous_homog_wide_nig_product_seed3042] step 060/390 trained 36/36 | hop0: 0.0040 | hop1: 0.0172 | hop2: 0.0505
[heterogeneous_homog_wide_nig_product_seed3042] step 070/390 trained 36/36 | hop0: 0.0059 | hop1: 0.0175 | hop2: 0.0917
[heterogeneous_homog_wide_nig_product_seed3042] step 080/390 trained 36/36 | hop0: 0.0096 | hop1: 0.0127 | hop2: 0.0855
[heterogeneous_homog_wide_nig_product_seed3042] step 090/390 trained 36/36 | hop0: 0.0094 | hop1: 0.0134 | hop2: 0.0315 | hop3: 0.0631
[heterogeneous_homog_wide_nig_product_seed3042] step 100/390 trained 36/36 | hop0: 0.0036 | hop1: 0.0093 | hop2: 0.0115
[heterogeneous_homog_wide_nig_product_seed3042] step 110/390 trained 36/36 | hop0: 0.0062 | hop1: 0.0179 | hop2: 0.0074
[heterogeneous_homog_wide_nig_product_seed3042] step 120/390 trained 36/36 | hop0: 0.0065 | hop1: 0.0187 | hop2: 0.0277
[heterogeneous_homog_wide_nig_product_seed3042] step 130/390 trained 36/36 | hop0: 0.0155 | hop1: 0.0248 | hop2: 0.0423
[heterogeneous_homog_wide_nig_product_seed3042] step 140/390 trained 36/36 | hop0: 0.0261 | hop1: 0.0109 | hop2: 0.0199
[heterogeneous_homog_wide_nig_product_seed3042] step 150/390 trained 36/36 | hop0: 0.0130 | hop1: 0.0053 | hop2: 0.0024
[heterogeneous_homog_wide_nig_product_seed3042] step 160/390 trained 36/36 | hop0: 0.0136 | hop1: 0.0058 | hop2: 0.0027
[heterogeneous_homog_wide_nig_product_seed3042] step 170/390 trained 36/36 | hop0: 0.0144 | hop1: 0.0131 | hop2: 0.0073
[heterogeneous_homog_wide_nig_product_seed3042] step 180/390 trained 36/36 | hop0: 0.0230 | hop1: 0.0107
[heterogeneous_homog_wide_nig_product_seed3042] step 190/390 trained 36/36 | hop0: 0.0245 | hop1: 0.0122
[heterogeneous_homog_wide_nig_product_seed3042] step 200/390 trained 36/36 | hop0: 0.0075 | hop1: 0.0181
[heterogeneous_homog_wide_nig_product_seed3042] step 210/390 trained 36/36 | hop0: 0.0072 | hop1: 0.0119 | hop2: 0.0020
[heterogeneous_homog_wide_nig_product_seed3042] step 220/390 trained 36/36 | hop0: 0.0081 | hop1: 0.0096 | hop2: 0.0016
[heterogeneous_homog_wide_nig_product_seed3042] step 230/390 trained 36/36 | hop0: 0.0044 | hop1: 0.0063 | hop2: 0.0020
[heterogeneous_homog_wide_nig_product_seed3042] step 240/390 trained 36/36 | hop0: 0.0117 | hop1: 0.0065 | hop2: 0.0187
[heterogeneous_homog_wide_nig_product_seed3042] step 250/390 trained 36/36 | hop0: 0.0094 | hop1: 0.0081 | hop2: 0.0330
[heterogeneous_homog_wide_nig_product_seed3042] step 260/390 trained 36/36 | hop0: 0.0132 | hop1: 0.0200 | hop2: 0.0489
[heterogeneous_homog_wide_nig_product_seed3042] step 270/390 trained 36/36 | hop0: 0.0075 | hop1: 0.0149 | hop2: 0.0389
[heterogeneous_homog_wide_nig_product_seed3042] step 280/390 trained 36/36 | hop0: 0.0037 | hop1: 0.0136 | hop2: 0.0274
[heterogeneous_homog_wide_nig_product_seed3042] step 290/390 trained 36/36 | hop0: 0.0084 | hop1: 0.0121
[heterogeneous_homog_wide_nig_product_seed3042] step 300/390 trained 36/36 | hop0: 0.0056 | hop1: 0.0105 | hop2: 0.0166
[heterogeneous_homog_wide_nig_product_seed3042] step 310/390 trained 36/36 | hop0: 0.0044 | hop1: 0.0086 | hop2: 0.0058
[heterogeneous_homog_wide_nig_product_seed3042] step 320/390 trained 36/36 | hop0: 0.0012 | hop1: 0.0041 | hop2: 0.0048
[heterogeneous_homog_wide_nig_product_seed3042] step 330/390 trained 36/36 | hop0: 0.0032 | hop1: 0.0057
[heterogeneous_homog_wide_nig_product_seed3042] step 340/390 trained 36/36 | hop0: 0.0026 | hop1: 0.0051
[heterogeneous_homog_wide_nig_product_seed3042] step 350/390 trained 36/36 | hop0: 0.0127 | hop1: 0.0067 | hop2: 0.0121
[heterogeneous_homog_wide_nig_product_seed3042] step 360/390 trained 36/36 | hop0: 0.0117 | hop1: 0.0145 | hop2: 0.0160
[heterogeneous_homog_wide_nig_product_seed3042] step 370/390 trained 36/36 | hop0: 0.0075 | hop1: 0.0203
[heterogeneous_homog_wide_nig_product_seed3042] step 380/390 trained 36/36 | hop0: 0.0165 | hop1: 0.0214 | hop2: 0.0307
[heterogeneous_homog_wide_nig_product_seed3042] mean MSE (last 50 steps): 0.0177 | cert-MSE r=-0.490
[heterogeneous_homog_wide_nig_product_seed3042] saved runs\chapter5_v2\s5_6_homog_rg\wide\homog_wide_nig_product_seed3042\figures\results.png

### heterogeneous/homog_wide_nig_product_seed3042: last50=0.0177 whole_run=0.0143 r(new)=-0.7429+/-0.1506
    variant_mse: {'wide': {'whole_run': 0.013664164134368283, 'last50': 0.022679902320330222}}
    disagreement_stats: {'n_events': 272913, 'n_contributors_mean': 3.3730822643113374, 'spread_std_mean': 0.024817978275002088, 'spread_std_median': 0.01888929090515705, 'spread_std_p90': 0.052519129419751995, 'spread_range_mean': 0.06043100343090245, 'spread_range_median': 0.044510483741760254, 'spread_range_p90': 0.1313547849655152, 'frac_range_lt_0p01': 0.1023036645377831, 'nu_std_mean': 0.009620807958981627, 'nu_std_median': 0.00837150616643867, 'nu_std_p90': 0.01879930775520822, 'nu_range_mean': 0.02348541860762255, 'nu_range_median': 0.01976063847541809, 'nu_range_p90': 0.047395804524421714, 'nu_cv_mean': 0.0393994993274645, 'nu_cv_median': 0.033246494428009817, 'nu_cv_p90': 0.07906801548504305, 'max_weight_mean': 0.3595888667812466, 'max_weight_median': 0.345000856864918, 'max_weight_p90': 0.5174599047369767, 'max_weight_minus_uniform_mean': 0.014272048566197047, 'max_weight_minus_uniform_median': 0.011708630575412382, 'max_weight_minus_uniform_p90': 0.02802879153379968, 'gamma_star_vs_unweighted_absdiff_mean': 0.0009845044874752576, 'gamma_star_vs_unweighted_absdiff_median': 0.0003829888845535267, 'gamma_star_vs_unweighted_absdiff_p90': 0.00257365158763553}

>>> [55/55] homog:wide seed 4042  (elapsed 382.3 min)
[het] node variants: {'narrow': 0, 'baseline': 0, 'wide': 36}
[heterogeneous_homog_wide_nig_product_seed4042] nodes=36 coverage max=9 mode=nig_product steps=390
[heterogeneous_homog_wide_nig_product_seed4042] step 000/390 trained 36/36 | hop0: 0.0105 | hop1: 0.0264 | hop2: 0.0685
[heterogeneous_homog_wide_nig_product_seed4042] step 010/390 trained 36/36 | hop0: 0.0075 | hop1: 0.0127
[heterogeneous_homog_wide_nig_product_seed4042] step 020/390 trained 36/36 | hop0: 0.0117 | hop1: 0.0107 | hop2: 0.0212
[heterogeneous_homog_wide_nig_product_seed4042] step 030/390 trained 36/36 | hop0: 0.0126 | hop1: 0.0091 | hop2: 0.0156
[heterogeneous_homog_wide_nig_product_seed4042] step 040/390 trained 36/36 | hop0: 0.0142 | hop1: 0.0108 | hop2: 0.0263
[heterogeneous_homog_wide_nig_product_seed4042] step 050/390 trained 36/36 | hop0: 0.0083 | hop1: 0.0142 | hop2: 0.0235
[heterogeneous_homog_wide_nig_product_seed4042] step 060/390 trained 36/36 | hop0: 0.0134 | hop1: 0.0064 | hop2: 0.0074
[heterogeneous_homog_wide_nig_product_seed4042] step 070/390 trained 36/36 | hop0: 0.0137 | hop1: 0.0136 | hop2: 0.0076
[heterogeneous_homog_wide_nig_product_seed4042] step 080/390 trained 36/36 | hop0: 0.0029 | hop1: 0.0148 | hop2: 0.0252
[heterogeneous_homog_wide_nig_product_seed4042] step 090/390 trained 36/36 | hop0: 0.0045 | hop1: 0.0121 | hop2: 0.0234 | hop3: 0.0392
[heterogeneous_homog_wide_nig_product_seed4042] step 100/390 trained 36/36 | hop0: 0.0048 | hop1: 0.0068 | hop2: 0.0284 | hop3: 0.0835
[heterogeneous_homog_wide_nig_product_seed4042] step 110/390 trained 36/36 | hop0: 0.0075 | hop1: 0.0304 | hop2: 0.0564
[heterogeneous_homog_wide_nig_product_seed4042] step 120/390 trained 36/36 | hop0: 0.0275 | hop1: 0.0344 | hop2: 0.0898
[heterogeneous_homog_wide_nig_product_seed4042] step 130/390 trained 36/36 | hop0: 0.0313 | hop1: 0.0257
[heterogeneous_homog_wide_nig_product_seed4042] step 140/390 trained 36/36 | hop0: 0.0217 | hop1: 0.0138 | hop2: 0.0278
[heterogeneous_homog_wide_nig_product_seed4042] step 150/390 trained 36/36 | hop0: 0.0268 | hop1: 0.0110 | hop2: 0.0292
[heterogeneous_homog_wide_nig_product_seed4042] step 160/390 trained 36/36 | hop0: 0.0080 | hop1: 0.0215 | hop2: 0.0446
[heterogeneous_homog_wide_nig_product_seed4042] step 170/390 trained 36/36 | hop0: 0.0124 | hop1: 0.0239 | hop2: 0.0372
[heterogeneous_homog_wide_nig_product_seed4042] step 180/390 trained 36/36 | hop0: 0.0061 | hop1: 0.0222 | hop2: 0.0341
[heterogeneous_homog_wide_nig_product_seed4042] step 190/390 trained 36/36 | hop0: 0.0101 | hop1: 0.0156 | hop2: 0.0268
[heterogeneous_homog_wide_nig_product_seed4042] step 200/390 trained 36/36 | hop0: 0.0029 | hop1: 0.0150 | hop2: 0.0193
[heterogeneous_homog_wide_nig_product_seed4042] step 210/390 trained 36/36 | hop0: 0.0042 | hop1: 0.0132 | hop2: 0.0071
[heterogeneous_homog_wide_nig_product_seed4042] step 220/390 trained 36/36 | hop0: 0.0069 | hop1: 0.0076 | hop2: 0.0147
[heterogeneous_homog_wide_nig_product_seed4042] step 230/390 trained 36/36 | hop0: 0.0088 | hop1: 0.0124
[heterogeneous_homog_wide_nig_product_seed4042] step 240/390 trained 36/36 | hop0: 0.0091 | hop1: 0.0146
[heterogeneous_homog_wide_nig_product_seed4042] step 250/390 trained 36/36 | hop0: 0.0096 | hop1: 0.0195 | hop2: 0.0140
[heterogeneous_homog_wide_nig_product_seed4042] step 260/390 trained 36/36 | hop0: 0.0083 | hop1: 0.0143 | hop2: 0.0058
[heterogeneous_homog_wide_nig_product_seed4042] step 270/390 trained 36/36 | hop0: 0.0079 | hop1: 0.0136 | hop2: 0.0100
[heterogeneous_homog_wide_nig_product_seed4042] step 280/390 trained 36/36 | hop0: 0.0034 | hop1: 0.0089 | hop2: 0.0128
[heterogeneous_homog_wide_nig_product_seed4042] step 290/390 trained 36/36 | hop0: 0.0105 | hop1: 0.0112 | hop2: 0.0172
[heterogeneous_homog_wide_nig_product_seed4042] step 300/390 trained 36/36 | hop0: 0.0043 | hop1: 0.0081 | hop2: 0.0091
[heterogeneous_homog_wide_nig_product_seed4042] step 310/390 trained 36/36 | hop0: 0.0103 | hop1: 0.0085 | hop2: 0.0073
[heterogeneous_homog_wide_nig_product_seed4042] step 320/390 trained 36/36 | hop0: 0.0040 | hop1: 0.0110 | hop2: 0.0186
[heterogeneous_homog_wide_nig_product_seed4042] step 330/390 trained 36/36 | hop0: 0.0027 | hop1: 0.0040 | hop2: 0.0110
[heterogeneous_homog_wide_nig_product_seed4042] step 340/390 trained 36/36 | hop0: 0.0091 | hop1: 0.0084 | hop2: 0.0021
[heterogeneous_homog_wide_nig_product_seed4042] step 350/390 trained 36/36 | hop0: 0.0114 | hop1: 0.0082 | hop2: 0.0060
[heterogeneous_homog_wide_nig_product_seed4042] step 360/390 trained 36/36 | hop0: 0.0107 | hop1: 0.0136
[heterogeneous_homog_wide_nig_product_seed4042] step 370/390 trained 36/36 | hop0: 0.0058 | hop1: 0.0183 | hop2: 0.0561
[heterogeneous_homog_wide_nig_product_seed4042] step 380/390 trained 36/36 | hop0: 0.0111 | hop1: 0.0196 | hop2: 0.0739
[heterogeneous_homog_wide_nig_product_seed4042] mean MSE (last 50 steps): 0.0168 | cert-MSE r=-0.377
[heterogeneous_homog_wide_nig_product_seed4042] saved runs\chapter5_v2\s5_6_homog_rg\wide\homog_wide_nig_product_seed4042\figures\results.png

### heterogeneous/homog_wide_nig_product_seed4042: last50=0.0168 whole_run=0.0164 r(new)=-0.6784+/-0.1778
    variant_mse: {'wide': {'whole_run': 0.014764505906332128, 'last50': 0.02226324478000102}}
    disagreement_stats: {'n_events': 274255, 'n_contributors_mean': 3.3577801680917396, 'spread_std_mean': 0.020366556334481298, 'spread_std_median': 0.015853154454527747, 'spread_std_p90': 0.042385046131330054, 'spread_range_mean': 0.0495754676554222, 'spread_range_median': 0.03749379515647888, 'spread_range_p90': 0.10627378523349762, 'frac_range_lt_0p01': 0.13009790158793824, 'nu_std_mean': 0.008923559750609914, 'nu_std_median': 0.008114477850190581, 'nu_std_p90': 0.016697219905713497, 'nu_range_mean': 0.02172460865626476, 'nu_range_median': 0.019127577543258667, 'nu_range_p90': 0.04227827489376068, 'nu_cv_mean': 0.03535092892699854, 'nu_cv_median': 0.031025327723830525, 'nu_cv_p90': 0.0683052111494885, 'max_weight_mean': 0.35960543411737356, 'max_weight_median': 0.3447071595615882, 'max_weight_p90': 0.5165107809667858, 'max_weight_minus_uniform_mean': 0.012896054334394358, 'max_weight_minus_uniform_median': 0.01072730560924648, 'max_weight_minus_uniform_p90': 0.025546363441796695, 'gamma_star_vs_unweighted_absdiff_mean': 0.0006487988355427443, 'gamma_star_vs_unweighted_absdiff_median': 0.0002792058627485959, 'gamma_star_vs_unweighted_absdiff_p90': 0.0016628349774098874}

=== AVGFUSION HET/MULTIFIELD COMPLETE: 55 ok, 0 failed, 389.0 min ===
